cgpa,dsa_level,frontend_score,backend_score,database_score,ai_ml_score,data_science_score,cloud_score,programming_score,soft_skill_score,target_role,overall_competency_score
7.18,Advanced,56,84,93,13,19,47,92,54,Backend Developer,57.25
7.66,Intermediate,59,46,81,10,74,31,48,83,Data Analyst,54.0
6.26,Beginner,50,86,52,70,41,48,85,65,Python Developer,62.12
6.01,Beginner,52,73,58,63,42,47,99,60,Python Developer,61.75
7.98,Beginner,41,85,60,29,47,35,79,81,Java Developer,57.12
6.02,Beginner,52,34,91,49,70,36,64,88,Data Analyst,60.5
8.48,Beginner,31,68,42,68,10,24,83,60,Python Developer,48.25
7.21,Beginner,85,76,83,39,44,38,62,88,Full Stack Developer,64.38
7.22,Beginner,79,86,67,10,15,36,49,46,Full Stack Developer,48.5
7.47,Intermediate,29,22,56,76,50,67,77,66,AI Engineer,55.38
5.62,Intermediate,29,35,84,17,70,36,62,91,Data Analyst,53.0
8.26,Advanced,50,96,74,17,40,33,78,73,Backend Developer,57.62
6.62,Advanced,38,25,39,84,29,59,74,66,AI Engineer,51.75
6.8,Beginner,53,81,64,49,18,84,90,61,Cyber Security Engineer,62.5
7.69,Intermediate,57,96,85,21,12,50,75,67,Backend Developer,57.88
7.75,Advanced,56,76,92,28,22,32,72,73,Backend Developer,56.38
8.11,Advanced,60,30,43,16,10,35,89,42,Software Engineer,40.62
7.66,Beginner,55,90,88,50,34,76,84,44,Cyber Security Engineer,65.12
8.14,Beginner,39,52,42,86,95,23,87,41,Machine Learning Engineer,58.12
7.61,Beginner,34,67,71,22,38,63,73,81,Cyber Security Engineer,56.12
9.03,Advanced,25,28,24,37,28,34,82,65,Software Engineer,40.38
7.28,Beginner,26,78,81,21,32,79,92,59,Cyber Security Engineer,58.5
6.37,Beginner,79,33,20,11,13,26,79,53,Frontend Developer,39.25
6.41,Intermediate,29,90,61,23,28,71,90,68,Cyber Security Engineer,57.5
7.66,Beginner,39,79,38,19,20,49,83,89,Java Developer,52.0
6.85,Intermediate,24,52,63,66,85,28,40,48,Data Scientist,50.75
6.06,Beginner,44,88,27,25,50,42,88,69,Java Developer,54.12
7.82,Advanced,47,35,47,97,10,68,89,80,AI Engineer,59.12
7.3,Intermediate,87,88,79,19,12,47,61,49,Full Stack Developer,55.25
8.28,Intermediate,20,90,69,42,33,80,50,87,DevOps Engineer,58.88
7.89,Intermediate,75,94,61,50,10,33,65,77,Full Stack Developer,58.12
6.31,Beginner,29,67,50,11,28,87,67,58,DevOps Engineer,49.62
5.88,Intermediate,73,41,20,43,19,36,78,56,Mobile App Developer,45.75
6.28,Beginner,36,82,57,27,38,24,84,84,Java Developer,54.0
8.45,Advanced,44,34,56,33,24,27,95,43,Software Engineer,44.5
8.44,Beginner,55,30,65,73,81,37,61,42,Data Scientist,55.5
6.61,Beginner,28,66,63,33,14,85,60,85,DevOps Engineer,54.25
5.82,Beginner,27,75,54,40,49,94,54,52,DevOps Engineer,55.62
6.48,Advanced,50,30,26,79,37,73,91,63,AI Engineer,56.12
9.87,Beginner,26,20,49,95,87,43,77,90,Machine Learning Engineer,60.88
7.82,Beginner,29,41,89,11,78,49,68,88,Data Analyst,56.62
8.12,Intermediate,30,23,29,32,42,39,93,72,Software Engineer,45.0
8.28,Intermediate,31,71,52,65,50,25,97,88,Python Developer,59.88
7.4,Intermediate,32,62,69,33,17,91,60,53,DevOps Engineer,52.12
6.76,Beginner,60,88,81,36,38,87,100,65,Cyber Security Engineer,69.38
8.45,Beginner,21,44,45,93,80,27,86,45,Machine Learning Engineer,55.12
6.19,Beginner,99,49,48,33,17,50,79,73,Frontend Developer,56.0
7.44,Beginner,35,28,83,81,100,50,46,47,Data Scientist,58.75
7.69,Beginner,24,89,44,37,35,40,79,82,Java Developer,53.75
8.61,Advanced,36,40,49,15,40,24,96,61,Software Engineer,45.12
6.51,Intermediate,25,89,60,44,23,93,65,69,DevOps Engineer,58.5
8.93,Intermediate,28,57,54,98,86,21,83,80,Machine Learning Engineer,63.38
5.54,Intermediate,83,94,60,22,50,24,52,48,Full Stack Developer,54.12
6.53,Beginner,52,67,69,36,18,82,69,42,DevOps Engineer,54.38
10.0,Beginner,35,20,59,87,77,37,92,84,Machine Learning Engineer,61.38
7.18,Intermediate,57,38,86,77,85,43,44,56,Data Scientist,60.75
7.22,Intermediate,21,64,79,38,13,88,47,74,DevOps Engineer,53.0
8.12,Beginner,37,51,54,12,23,99,83,53,Cloud Engineer,51.5
6.57,Intermediate,60,90,24,22,30,47,91,77,Java Developer,55.12
7.37,Intermediate,85,24,59,19,32,23,71,44,Mobile App Developer,44.62
6.97,Intermediate,57,24,84,44,73,38,44,83,Data Analyst,55.88
9.58,Intermediate,48,57,42,46,30,30,87,51,Software Engineer,48.88
7.88,Beginner,69,42,24,41,41,24,92,44,Mobile App Developer,47.12
7.65,Beginner,74,92,60,33,27,26,66,72,Full Stack Developer,56.25
8.27,Beginner,84,32,36,23,20,21,87,75,Frontend Developer,47.25
6.84,Advanced,41,86,88,34,45,25,76,41,Backend Developer,54.5
9.7,Advanced,44,29,20,23,41,34,93,50,Software Engineer,41.75
6.82,Intermediate,20,68,34,66,15,42,94,65,Python Developer,50.5
8.41,Beginner,92,90,75,18,50,33,54,81,Full Stack Developer,61.62
7.81,Intermediate,47,28,36,24,20,34,91,69,Software Engineer,43.62
7.98,Beginner,24,45,32,99,82,21,91,51,Machine Learning Engineer,55.62
6.14,Beginner,81,83,71,50,33,30,62,86,Full Stack Developer,62.0
6.02,Intermediate,91,21,48,19,26,23,62,58,Frontend Developer,43.5
8.72,Intermediate,31,26,47,50,33,25,89,53,Software Engineer,44.25
5.61,Intermediate,34,89,25,37,15,48,94,79,Java Developer,52.62
8.19,Intermediate,75,53,58,27,37,26,70,46,Mobile App Developer,49.0
8.24,Beginner,40,87,31,74,38,45,99,51,Python Developer,58.12
7.66,Intermediate,80,89,60,18,11,24,69,45,Full Stack Developer,49.5
5.7,Intermediate,30,93,88,26,47,22,89,66,Backend Developer,57.62
8.0,Beginner,21,57,80,17,79,45,55,87,Data Analyst,55.12
5.66,Intermediate,41,90,41,51,48,45,87,79,Python Developer,60.25
8.47,Intermediate,41,100,85,12,27,22,90,90,Backend Developer,58.38
8.03,Intermediate,37,32,71,71,82,43,59,65,Data Scientist,57.5
6.22,Intermediate,72,34,46,44,24,41,94,75,Mobile App Developer,53.75
8.36,Beginner,25,60,58,57,44,44,90,67,Python Developer,55.62
7.56,Intermediate,24,30,53,89,87,22,86,59,Machine Learning Engineer,56.25
7.51,Beginner,53,67,49,57,22,20,79,80,Python Developer,53.38
5.84,Beginner,57,53,93,35,71,25,61,78,Data Analyst,59.12
8.33,Beginner,91,92,73,22,50,35,50,84,Full Stack Developer,62.12
6.29,Beginner,22,73,58,53,16,23,95,52,Python Developer,49.0
6.8,Beginner,59,86,53,32,34,81,44,55,DevOps Engineer,55.5
7.45,Advanced,23,96,80,38,45,48,77,86,Backend Developer,61.62
8.03,Intermediate,37,32,94,13,67,32,58,73,Data Analyst,50.75
5.52,Beginner,89,58,47,28,24,38,87,79,Mobile App Developer,56.25
8.57,Advanced,30,42,25,11,10,27,90,43,Software Engineer,34.75
6.74,Intermediate,26,70,22,28,26,21,82,80,Java Developer,44.38
5.79,Beginner,46,72,22,40,15,48,99,63,Java Developer,50.62
6.79,Beginner,55,50,90,77,91,49,56,59,Data Scientist,65.88
5.99,Beginner,85,95,73,20,26,25,63,59,Full Stack Developer,55.75
6.79,Advanced,29,84,72,40,43,42,79,68,Backend Developer,57.12
6.56,Intermediate,85,90,85,10,37,27,40,72,Full Stack Developer,55.75
6.32,Intermediate,38,70,64,24,11,89,75,65,Cyber Security Engineer,54.5
6.38,Intermediate,27,65,27,23,30,28,78,53,Java Developer,41.38
5.95,Intermediate,29,65,26,76,24,50,89,61,Python Developer,52.5
6.19,Intermediate,42,48,22,16,16,94,65,84,Cloud Engineer,48.38
7.19,Beginner,38,55,60,70,88,50,51,86,Data Scientist,62.25
5.78,Intermediate,75,44,33,20,49,22,77,80,Frontend Developer,50.0
5.8,Beginner,40,60,69,79,88,22,68,82,Data Scientist,63.5
6.27,Advanced,34,46,49,83,34,53,92,67,AI Engineer,57.25
7.96,Intermediate,80,94,67,40,19,43,42,89,Full Stack Developer,59.25
7.43,Intermediate,38,82,72,12,28,25,89,46,Backend Developer,49.0
6.5,Intermediate,79,92,68,29,15,39,68,72,Full Stack Developer,57.75
6.52,Intermediate,58,64,60,36,47,82,50,55,DevOps Engineer,56.5
9.53,Intermediate,39,50,25,99,94,47,78,67,Machine Learning Engineer,62.38
6.54,Intermediate,57,69,25,48,41,50,94,81,Java Developer,58.12
6.94,Beginner,80,24,59,15,19,23,89,81,Mobile App Developer,48.75
6.03,Intermediate,60,61,71,17,41,74,88,54,Cyber Security Engineer,58.25
6.85,Intermediate,44,70,67,40,12,63,77,85,Cyber Security Engineer,57.25
8.32,Beginner,48,86,64,50,33,91,70,46,DevOps Engineer,61.0
7.48,Intermediate,28,38,52,95,16,62,89,73,AI Engineer,56.62
8.1,Beginner,55,26,90,21,80,43,69,70,Data Analyst,56.75
6.82,Beginner,24,55,87,12,84,48,61,82,Data Analyst,56.62
7.84,Beginner,28,66,51,53,11,30,75,88,Python Developer,50.25
5.84,Beginner,34,74,71,24,23,82,60,46,DevOps Engineer,51.75
5.9,Intermediate,35,54,75,40,70,47,40,85,Data Analyst,55.75
7.33,Beginner,97,29,22,45,29,26,83,87,Frontend Developer,52.25
8.83,Beginner,36,36,30,99,82,42,95,40,Machine Learning Engineer,57.5
7.61,Intermediate,22,65,81,25,29,66,72,78,Cyber Security Engineer,54.75
5.87,Intermediate,20,21,37,98,48,68,75,71,AI Engineer,54.75
7.63,Advanced,38,31,57,20,16,50,93,83,Software Engineer,48.5
5.66,Beginner,80,26,49,24,17,48,63,47,Frontend Developer,44.25
7.56,Beginner,87,59,60,47,36,50,75,72,Mobile App Developer,60.75
5.67,Intermediate,31,80,84,33,33,86,71,64,Cyber Security Engineer,60.25
6.74,Intermediate,23,74,89,28,39,70,96,86,Cyber Security Engineer,63.12
8.07,Beginner,48,32,49,99,90,49,75,84,Machine Learning Engineer,65.75
8.39,Beginner,51,83,24,23,15,50,80,70,Java Developer,49.5
7.62,Intermediate,28,78,36,79,46,45,85,68,Python Developer,58.12
8.08,Intermediate,39,84,86,39,39,81,72,77,Cyber Security Engineer,64.62
5.69,Beginner,83,89,60,49,43,25,51,85,Full Stack Developer,60.62
8.25,Beginner,93,31,30,40,35,42,88,58,Frontend Developer,52.12
6.88,Beginner,28,24,89,67,93,40,60,78,Data Scientist,59.88
7.22,Beginner,85,91,82,16,34,45,64,50,Full Stack Developer,58.38
9.72,Advanced,42,20,28,13,24,47,82,44,Software Engineer,37.5
7.58,Intermediate,30,69,66,32,10,80,82,75,Cyber Security Engineer,55.5
7.66,Beginner,53,43,22,16,37,96,86,46,Cloud Engineer,49.88
6.93,Beginner,94,43,35,41,20,34,67,59,Frontend Developer,49.12
9.89,Intermediate,38,33,35,95,82,43,83,77,Machine Learning Engineer,60.75
8.05,Intermediate,56,73,67,40,16,74,77,75,Cyber Security Engineer,59.75
7.35,Intermediate,37,86,73,45,21,84,47,54,DevOps Engineer,55.88
8.36,Intermediate,45,34,50,87,86,44,78,53,Machine Learning Engineer,59.62
7.81,Intermediate,37,29,82,73,91,46,70,79,Data Scientist,63.38
8.36,Beginner,89,46,35,14,38,21,72,48,Frontend Developer,45.38
7.16,Beginner,26,84,54,74,39,29,97,90,Python Developer,61.62
7.87,Beginner,93,51,30,45,26,46,80,82,Frontend Developer,56.62
7.57,Intermediate,55,55,40,75,49,52,75,77,AI Engineer,59.75
7.52,Beginner,34,28,73,81,93,44,61,86,Data Scientist,62.5
8.62,Advanced,24,46,26,50,10,21,95,73,Software Engineer,43.12
6.09,Beginner,44,78,79,48,15,82,74,52,Cyber Security Engineer,59.0
5.83,Intermediate,87,78,85,45,28,32,64,56,Full Stack Developer,59.38
5.91,Beginner,24,23,67,71,82,31,61,61,Data Scientist,52.5
7.32,Intermediate,85,52,48,31,13,46,77,45,Mobile App Developer,49.62
8.85,Advanced,39,53,39,40,43,41,100,85,Software Engineer,55.0
7.04,Intermediate,70,80,64,43,11,32,41,90,Full Stack Developer,53.88
8.1,Intermediate,88,25,22,22,33,31,87,52,Mobile App Developer,45.0
6.01,Beginner,87,42,42,22,42,41,76,60,Frontend Developer,51.5
5.61,Intermediate,44,60,22,55,28,20,79,66,Python Developer,46.75
5.9,Intermediate,85,81,74,13,43,46,65,75,Full Stack Developer,60.25
8.41,Intermediate,30,85,21,53,23,42,86,84,Python Developer,53.0
5.5,Intermediate,53,31,36,20,30,100,75,49,Cloud Engineer,49.25
8.54,Beginner,24,44,37,89,86,50,81,42,Machine Learning Engineer,56.62
6.65,Beginner,21,81,44,55,27,49,84,53,Python Developer,51.75
6.05,Intermediate,59,55,58,31,37,88,83,67,Cloud Engineer,59.75
7.86,Intermediate,46,80,62,42,41,76,93,57,Cyber Security Engineer,62.12
6.52,Beginner,28,30,62,72,93,27,45,67,Data Scientist,53.0
6.25,Beginner,82,31,48,17,29,25,82,78,Frontend Developer,49.0
7.86,Beginner,33,53,25,87,78,43,90,83,Machine Learning Engineer,61.5
8.2,Beginner,30,38,89,31,86,39,57,91,Data Analyst,57.62
8.1,Intermediate,31,45,98,10,78,33,67,91,Data Analyst,56.62
6.86,Beginner,28,82,77,28,49,84,76,89,Cyber Security Engineer,64.12
6.19,Intermediate,47,66,67,14,15,92,54,81,DevOps Engineer,54.5
6.99,Advanced,55,49,60,85,20,71,95,50,AI Engineer,60.62
7.58,Intermediate,26,78,64,11,25,83,68,43,DevOps Engineer,49.75
7.75,Intermediate,35,33,53,90,48,62,84,63,AI Engineer,58.5
8.0,Intermediate,31,55,22,23,24,47,89,55,Software Engineer,43.25
7.36,Beginner,55,29,67,87,92,29,41,88,Data Scientist,61.0
7.35,Beginner,82,22,21,14,28,27,66,53,Frontend Developer,39.12
7.27,Intermediate,30,23,42,18,25,95,68,69,Cloud Engineer,46.25
6.7,Beginner,44,37,69,77,81,43,58,60,Data Scientist,58.62
6.06,Beginner,28,64,75,47,38,90,47,61,DevOps Engineer,56.25
8.32,Beginner,59,30,96,45,81,45,44,91,Data Analyst,61.38
7.43,Intermediate,46,58,76,79,92,22,43,40,Data Scientist,57.0
7.9,Intermediate,45,87,68,20,36,98,63,46,DevOps Engineer,57.88
6.05,Advanced,37,42,36,98,45,73,87,40,AI Engineer,57.25
7.36,Beginner,78,76,83,39,34,50,41,81,Full Stack Developer,60.25
6.79,Beginner,61,32,39,35,33,36,71,86,Mobile App Developer,49.12
5.84,Intermediate,77,79,77,42,18,40,68,65,Full Stack Developer,58.25
5.73,Beginner,58,84,53,15,47,98,67,85,DevOps Engineer,63.38
5.61,Intermediate,60,77,79,26,13,46,85,47,Backend Developer,54.12
8.49,Intermediate,69,20,27,29,44,31,80,81,Mobile App Developer,47.62
9.07,Beginner,48,20,37,91,86,22,84,68,Machine Learning Engineer,57.0
5.9,Beginner,71,90,70,31,13,32,51,89,Full Stack Developer,55.88
7.35,Beginner,20,85,29,52,39,37,93,55,Python Developer,51.25
6.54,Beginner,75,88,84,39,49,39,51,86,Full Stack Developer,63.88
5.65,Intermediate,30,81,34,39,26,39,96,64,Java Developer,51.12
7.96,Intermediate,94,36,39,36,27,45,62,77,Frontend Developer,52.0
7.58,Intermediate,45,48,86,73,99,22,40,64,Data Scientist,59.62
6.61,Intermediate,55,30,81,46,82,50,62,77,Data Analyst,60.38
7.24,Beginner,79,25,34,13,18,38,83,40,Mobile App Developer,41.25
9.07,Beginner,20,49,29,93,94,46,88,72,Machine Learning Engineer,61.38
8.49,Intermediate,51,24,60,99,83,33,75,76,Machine Learning Engineer,62.62
8.53,Beginner,31,23,30,85,94,50,89,70,Machine Learning Engineer,59.0
5.68,Intermediate,77,49,33,32,34,38,84,90,Frontend Developer,54.62
6.78,Intermediate,51,87,77,47,40,37,71,70,Backend Developer,60.0
7.41,Beginner,96,59,60,40,42,25,70,69,Frontend Developer,57.62
6.13,Advanced,52,82,77,46,44,28,72,46,Backend Developer,55.88
7.55,Intermediate,26,73,60,37,45,85,59,77,DevOps Engineer,57.75
6.72,Beginner,31,34,80,28,68,24,58,93,Data Analyst,52.0
7.38,Beginner,48,28,93,16,67,45,67,90,Data Analyst,56.75
6.48,Intermediate,40,96,83,36,36,41,79,72,Backend Developer,60.38
6.73,Intermediate,48,89,50,25,36,21,98,52,Java Developer,52.38
8.22,Beginner,56,24,60,70,87,46,53,53,Data Scientist,56.12
8.89,Intermediate,53,22,60,50,23,29,93,55,Software Engineer,48.12
8.59,Beginner,55,59,46,100,83,31,82,43,Machine Learning Engineer,62.38
7.23,Beginner,41,63,49,65,37,33,88,68,Python Developer,55.5
8.23,Beginner,51,48,77,37,83,36,52,78,Data Analyst,57.75
6.46,Intermediate,48,44,87,88,90,48,48,74,Data Scientist,65.88
6.02,Intermediate,87,49,34,36,45,32,70,72,Frontend Developer,53.12
7.53,Intermediate,42,68,62,43,15,88,46,74,DevOps Engineer,54.75
7.56,Intermediate,78,92,66,41,50,22,66,76,Full Stack Developer,61.38
9.57,Advanced,40,31,50,19,31,30,82,70,Software Engineer,44.12
8.1,Intermediate,35,53,29,89,36,62,73,57,AI Engineer,54.25
8.05,Intermediate,42,70,65,40,27,71,99,79,Cyber Security Engineer,61.62
7.57,Intermediate,49,36,31,27,14,90,69,50,Cloud Engineer,45.75
8.34,Intermediate,24,42,23,27,39,42,84,51,Software Engineer,41.5
7.85,Intermediate,39,96,87,48,38,25,75,63,Backend Developer,58.88
7.71,Intermediate,25,72,35,57,19,37,79,74,Python Developer,49.75
7.94,Intermediate,87,22,37,20,35,34,78,70,Mobile App Developer,47.88
7.87,Beginner,80,24,52,43,15,49,79,64,Mobile App Developer,50.75
6.34,Beginner,54,20,97,50,69,21,68,70,Data Analyst,56.12
7.18,Intermediate,37,64,74,34,38,60,85,83,Cyber Security Engineer,59.38
8.19,Intermediate,26,80,70,12,38,45,72,70,Backend Developer,51.62
8.27,Beginner,21,62,56,51,25,31,84,43,Python Developer,46.62
6.91,Intermediate,60,26,53,46,46,98,71,51,Cloud Engineer,56.38
7.51,Intermediate,44,81,36,20,13,20,98,62,Java Developer,46.75
6.88,Intermediate,37,95,75,50,12,44,87,87,Backend Developer,60.88
8.51,Advanced,22,44,36,46,39,38,94,66,Software Engineer,48.12
8.83,Advanced,54,21,21,42,30,43,80,48,Software Engineer,42.38
6.97,Intermediate,39,42,94,11,72,35,41,88,Data Analyst,52.75
7.96,Intermediate,69,32,53,45,14,50,94,57,Mobile App Developer,51.75
6.2,Advanced,55,85,74,10,41,49,87,42,Backend Developer,55.38
9.91,Beginner,49,47,26,90,94,20,85,81,Machine Learning Engineer,61.5
6.17,Intermediate,46,68,68,45,45,98,43,88,DevOps Engineer,62.62
7.49,Beginner,54,49,81,46,83,22,49,79,Data Analyst,57.88
7.02,Intermediate,50,54,71,85,86,42,53,87,Data Scientist,66.0
7.19,Beginner,27,76,30,36,29,37,78,73,Java Developer,48.25
6.87,Intermediate,33,36,36,87,19,61,86,68,AI Engineer,53.25
8.8,Beginner,24,34,49,93,75,29,88,61,Machine Learning Engineer,56.62
7.97,Intermediate,28,37,46,30,46,38,98,52,Software Engineer,46.88
7.61,Beginner,21,62,89,15,41,77,94,73,Cyber Security Engineer,59.0
7.92,Intermediate,96,41,37,14,32,34,83,59,Frontend Developer,49.5
7.69,Advanced,31,40,54,76,21,68,88,66,AI Engineer,55.5
6.35,Advanced,45,79,75,39,33,40,80,43,Backend Developer,54.25
5.72,Intermediate,81,23,26,49,24,40,81,84,Mobile App Developer,51.0
9.49,Intermediate,39,32,44,88,92,23,79,62,Machine Learning Engineer,57.38
7.69,Intermediate,27,60,66,11,42,72,74,68,Cyber Security Engineer,52.5
5.53,Beginner,88,42,60,18,26,20,70,52,Mobile App Developer,47.0
7.44,Intermediate,30,99,70,13,48,30,74,61,Backend Developer,53.12
9.79,Intermediate,41,36,49,98,85,40,82,42,Machine Learning Engineer,59.12
6.8,Intermediate,60,56,85,41,90,34,59,74,Data Analyst,62.38
5.92,Intermediate,22,21,46,98,28,67,75,70,AI Engineer,53.38
5.84,Intermediate,78,39,45,40,33,36,77,88,Frontend Developer,54.5
8.33,Beginner,74,27,43,45,33,29,73,67,Mobile App Developer,48.88
7.92,Advanced,38,56,35,15,36,26,98,88,Software Engineer,49.0
5.77,Intermediate,39,20,98,16,71,23,68,75,Data Analyst,51.25
6.47,Beginner,46,64,35,65,11,25,100,85,Python Developer,53.88
8.11,Intermediate,48,89,55,61,26,39,75,75,Python Developer,58.5
7.24,Beginner,24,88,54,44,16,36,96,49,Java Developer,50.88
8.21,Intermediate,53,36,26,86,27,62,74,90,AI Engineer,56.75
8.01,Beginner,95,83,72,18,27,37,51,45,Full Stack Developer,53.5
8.08,Intermediate,94,24,25,24,10,40,81,49,Frontend Developer,43.38
9.02,Beginner,51,32,33,95,84,41,75,75,Machine Learning Engineer,60.75
5.78,Intermediate,51,49,78,83,87,47,58,87,Data Scientist,67.5
7.3,Intermediate,89,47,42,20,14,21,66,73,Frontend Developer,46.5
5.67,Advanced,60,22,25,85,35,75,76,63,AI Engineer,55.12
8.38,Advanced,54,58,58,88,43,53,87,41,AI Engineer,60.25
7.83,Beginner,52,70,41,61,43,47,91,77,Python Developer,60.25
7.4,Beginner,81,25,35,33,32,32,92,65,Mobile App Developer,49.38
5.8,Intermediate,23,53,69,71,87,26,50,82,Data Scientist,57.62
5.51,Intermediate,49,61,77,40,43,96,45,48,DevOps Engineer,57.38
6.6,Intermediate,86,44,55,47,48,40,64,51,Frontend Developer,54.38
7.87,Intermediate,42,72,30,48,30,25,86,44,Java Developer,47.12
6.29,Beginner,48,85,75,23,14,69,90,86,Cyber Security Engineer,61.25
5.89,Beginner,22,31,40,12,39,90,79,49,Cloud Engineer,45.25
8.16,Beginner,41,86,63,22,32,71,88,56,Cyber Security Engineer,57.38
7.97,Intermediate,59,45,35,95,78,49,77,46,Machine Learning Engineer,60.5
8.53,Intermediate,27,51,23,24,14,38,96,85,Software Engineer,44.75
7.03,Advanced,43,91,86,19,34,45,70,78,Backend Developer,58.25
8.05,Beginner,56,78,78,29,38,84,81,43,Cyber Security Engineer,60.88
6.96,Intermediate,27,100,82,13,23,39,74,87,Backend Developer,55.62
9.43,Intermediate,37,29,40,86,83,44,84,81,Machine Learning Engineer,60.5
6.5,Beginner,31,53,48,41,37,99,60,42,Cloud Engineer,51.38
7.83,Beginner,89,92,62,11,25,49,67,48,Full Stack Developer,55.38
5.96,Intermediate,20,62,61,36,44,96,43,41,DevOps Engineer,50.38
8.02,Advanced,23,37,43,13,46,29,88,46,Software Engineer,40.62
6.34,Beginner,48,78,21,75,35,26,81,51,Python Developer,51.88
5.95,Intermediate,78,95,60,36,21,21,58,80,Full Stack Developer,56.12
6.04,Intermediate,20,40,26,92,49,62,86,56,AI Engineer,53.88
7.08,Beginner,83,86,73,19,45,22,45,49,Full Stack Developer,52.75
8.04,Advanced,22,51,50,40,14,28,85,43,Software Engineer,41.62
7.11,Beginner,21,30,78,12,66,40,62,85,Data Analyst,49.25
9.37,Intermediate,44,54,38,95,84,50,93,60,Machine Learning Engineer,64.75
5.61,Intermediate,31,34,52,31,28,97,77,88,Cloud Engineer,54.75
7.34,Beginner,59,30,90,46,79,49,62,70,Data Analyst,60.62
6.64,Intermediate,50,50,64,81,90,46,46,66,Data Scientist,61.62
5.97,Intermediate,51,78,75,47,15,91,54,80,DevOps Engineer,61.38
8.27,Intermediate,54,88,51,45,18,44,94,72,Java Developer,58.25
6.77,Intermediate,54,87,47,50,46,37,93,41,Python Developer,56.88
6.42,Beginner,59,52,96,17,82,27,45,75,Data Analyst,56.62
8.21,Intermediate,90,46,48,39,13,33,81,76,Mobile App Developer,53.25
8.18,Beginner,26,45,78,72,96,48,44,76,Data Scientist,60.62
6.76,Beginner,35,43,69,70,82,34,49,53,Data Scientist,54.38
6.74,Beginner,79,21,49,16,30,26,95,42,Mobile App Developer,44.75
6.76,Beginner,28,69,68,26,10,81,94,70,Cyber Security Engineer,55.75
6.19,Beginner,46,76,54,52,10,25,91,67,Python Developer,52.62
8.44,Advanced,31,77,78,33,37,34,73,86,Backend Developer,56.12
8.91,Beginner,32,52,56,95,85,49,92,43,Machine Learning Engineer,63.0
8.03,Intermediate,48,73,26,11,32,44,90,44,Java Developer,46.0
8.19,Advanced,51,30,23,26,10,43,89,48,Software Engineer,40.0
8.33,Intermediate,67,40,26,38,18,42,91,79,Mobile App Developer,50.12
8.32,Beginner,24,76,58,32,44,90,58,47,DevOps Engineer,53.62
7.76,Intermediate,36,55,86,10,82,27,54,94,Data Analyst,55.5
7.58,Intermediate,33,71,71,39,26,81,84,78,Cyber Security Engineer,60.38
6.31,Intermediate,22,74,71,17,46,85,42,60,DevOps Engineer,52.12
7.53,Advanced,36,78,70,27,29,48,71,68,Backend Developer,53.38
6.4,Beginner,22,65,75,45,23,63,72,85,Cyber Security Engineer,56.25
6.43,Beginner,33,42,62,84,89,21,45,86,Data Scientist,57.75
7.34,Intermediate,21,90,91,47,48,40,89,64,Backend Developer,61.25
6.14,Intermediate,82,28,50,16,50,36,85,87,Mobile App Developer,54.25
7.89,Intermediate,76,58,28,37,36,27,81,70,Mobile App Developer,51.62
7.46,Intermediate,49,23,77,89,97,45,48,86,Data Scientist,64.25
7.4,Intermediate,60,52,53,37,49,21,72,65,Mobile App Developer,51.12
6.23,Intermediate,34,82,60,16,26,60,99,64,Cyber Security Engineer,55.12
7.15,Intermediate,49,78,74,41,47,78,75,90,Cyber Security Engineer,66.5
8.31,Beginner,46,31,60,83,90,42,66,54,Data Scientist,59.0
8.24,Beginner,35,25,86,37,86,45,42,85,Data Analyst,55.12
7.85,Beginner,70,70,84,37,45,29,62,71,Full Stack Developer,58.5
5.63,Intermediate,39,49,54,25,21,99,79,78,Cloud Engineer,55.5
7.59,Beginner,32,84,36,41,19,35,81,74,Java Developer,50.25
8.45,Beginner,56,70,67,49,43,89,97,80,Cyber Security Engineer,68.88
6.49,Intermediate,28,60,31,50,13,99,79,88,Cloud Engineer,56.0
8.05,Beginner,37,78,71,11,15,82,89,69,Cyber Security Engineer,56.5
6.33,Beginner,94,81,75,36,18,50,70,59,Full Stack Developer,60.38
6.01,Intermediate,45,88,38,38,38,38,86,52,Java Developer,52.88
8.04,Beginner,31,24,85,27,81,39,64,94,Data Analyst,55.62
6.84,Advanced,56,94,90,39,26,49,85,85,Backend Developer,65.5
8.21,Beginner,53,25,70,88,80,28,62,59,Data Scientist,58.12
6.05,Intermediate,34,60,76,30,28,99,57,88,DevOps Engineer,59.0
8.24,Intermediate,59,43,38,21,31,86,61,89,Cloud Engineer,53.5
8.1,Intermediate,42,22,51,96,81,50,94,41,Machine Learning Engineer,59.62
6.21,Intermediate,49,77,94,17,33,37,73,66,Backend Developer,55.75
7.5,Advanced,43,96,83,29,27,28,73,66,Backend Developer,55.62
8.42,Beginner,27,69,70,10,18,77,98,84,Cyber Security Engineer,56.62
7.89,Intermediate,31,82,25,17,34,36,82,59,Java Developer,45.75
6.88,Beginner,77,22,25,15,30,45,81,65,Mobile App Developer,45.0
5.78,Intermediate,36,66,48,61,38,31,92,58,Python Developer,53.75
7.97,Beginner,43,89,22,19,17,47,85,52,Java Developer,46.75
5.85,Intermediate,62,29,43,47,44,35,77,45,Mobile App Developer,47.75
6.21,Beginner,90,28,56,48,25,23,82,58,Mobile App Developer,51.25
7.5,Beginner,38,57,87,32,73,26,61,87,Data Analyst,57.62
5.9,Beginner,88,94,89,17,40,31,49,42,Full Stack Developer,56.25
6.76,Beginner,37,26,44,38,21,98,65,41,Cloud Engineer,46.25
7.65,Intermediate,56,59,53,81,41,76,81,60,AI Engineer,63.38
7.42,Intermediate,55,76,74,46,16,81,90,57,Cyber Security Engineer,61.88
6.33,Intermediate,28,63,32,72,42,33,94,74,Python Developer,54.75
8.41,Intermediate,43,87,69,50,25,82,70,87,DevOps Engineer,64.12
6.19,Beginner,27,82,73,20,45,89,45,81,DevOps Engineer,57.75
7.56,Intermediate,60,52,53,87,11,53,77,72,AI Engineer,58.12
7.06,Intermediate,38,65,70,40,25,81,47,69,DevOps Engineer,54.38
7.21,Intermediate,24,25,68,74,85,43,51,73,Data Scientist,55.38
6.69,Intermediate,25,86,76,38,18,77,94,85,Cyber Security Engineer,62.38
7.05,Beginner,57,67,72,15,21,96,44,72,DevOps Engineer,55.5
6.73,Intermediate,30,49,89,48,66,27,40,94,Data Analyst,55.38
8.05,Intermediate,49,21,48,43,39,29,98,50,Software Engineer,47.12
6.95,Intermediate,24,88,65,34,32,84,66,65,DevOps Engineer,57.25
8.23,Beginner,22,22,56,95,78,48,76,86,Machine Learning Engineer,60.38
6.43,Beginner,47,61,57,19,12,82,46,79,DevOps Engineer,50.38
7.49,Intermediate,50,47,44,99,13,57,93,78,AI Engineer,60.12
5.61,Beginner,31,78,20,20,19,43,85,73,Java Developer,46.12
6.49,Beginner,79,27,45,35,22,48,69,87,Frontend Developer,51.5
7.67,Advanced,49,38,28,41,49,36,84,69,Software Engineer,49.25
6.17,Intermediate,45,40,37,99,43,53,77,56,AI Engineer,56.25
8.24,Intermediate,24,21,72,72,99,30,66,48,Data Scientist,54.0
6.33,Beginner,39,47,86,20,84,49,40,81,Data Analyst,55.75
7.65,Intermediate,40,33,48,93,39,75,89,49,AI Engineer,58.25
5.59,Intermediate,67,58,38,16,38,43,80,46,Mobile App Developer,48.25
7.52,Beginner,32,27,85,79,83,33,61,82,Data Scientist,60.25
6.3,Intermediate,63,23,33,15,32,36,85,50,Mobile App Developer,42.12
9.7,Intermediate,53,54,58,85,85,44,90,80,Machine Learning Engineer,68.62
6.0,Beginner,43,70,25,35,19,34,96,52,Java Developer,46.75
6.27,Beginner,46,32,89,65,97,24,62,62,Data Scientist,59.62
6.51,Beginner,64,23,40,48,18,25,76,85,Mobile App Developer,47.38
5.74,Intermediate,67,60,28,24,39,36,83,55,Mobile App Developer,49.0
8.41,Beginner,55,36,49,13,14,97,85,82,Cloud Engineer,53.88
6.68,Beginner,20,70,83,21,39,89,82,60,Cyber Security Engineer,58.0
8.4,Intermediate,58,85,23,40,33,40,93,66,Java Developer,54.75
8.39,Beginner,23,54,66,72,90,33,64,69,Data Scientist,58.88
8.2,Intermediate,46,44,50,87,76,24,88,84,Machine Learning Engineer,62.38
6.05,Intermediate,45,42,48,46,12,100,77,82,Cloud Engineer,56.5
7.48,Beginner,29,88,54,62,24,31,88,57,Python Developer,54.12
6.14,Beginner,60,83,38,66,48,30,83,66,Python Developer,59.25
6.93,Intermediate,36,83,55,75,23,21,77,59,Python Developer,53.62
7.06,Beginner,21,38,28,34,26,95,90,43,Cloud Engineer,46.88
8.58,Intermediate,51,27,60,21,11,48,100,59,Software Engineer,47.12
6.26,Beginner,70,32,34,33,44,28,77,60,Mobile App Developer,47.25
7.25,Intermediate,24,96,92,14,35,34,71,81,Backend Developer,55.88
8.26,Intermediate,55,73,23,50,16,35,92,88,Java Developer,54.0
8.3,Beginner,39,20,50,35,27,91,74,63,Cloud Engineer,49.88
6.87,Intermediate,39,51,84,34,84,37,55,72,Data Analyst,57.0
7.41,Beginner,43,59,87,66,92,50,41,45,Data Scientist,60.38
6.44,Intermediate,57,89,33,61,26,40,76,88,Python Developer,58.75
6.12,Intermediate,72,28,50,25,34,27,88,58,Mobile App Developer,47.75
5.72,Beginner,22,63,82,34,12,64,87,65,Cyber Security Engineer,53.62
7.69,Beginner,33,59,48,47,37,97,80,61,Cloud Engineer,57.75
7.89,Intermediate,23,96,94,14,30,39,75,85,Backend Developer,57.0
6.76,Intermediate,38,71,50,47,49,80,50,69,DevOps Engineer,56.75
6.3,Beginner,44,77,55,61,11,47,75,63,Python Developer,54.12
7.6,Intermediate,44,55,26,35,40,93,87,46,Cloud Engineer,53.25
5.81,Advanced,53,34,49,90,26,71,90,69,AI Engineer,60.25
6.8,Beginner,89,43,20,45,39,45,69,74,Frontend Developer,53.0
8.44,Advanced,34,59,34,97,46,67,90,81,AI Engineer,63.5
5.82,Advanced,55,37,39,97,38,79,80,55,AI Engineer,60.0
6.42,Intermediate,41,76,69,22,45,86,64,46,DevOps Engineer,56.12
8.02,Intermediate,54,59,38,94,75,29,87,46,Machine Learning Engineer,60.25
6.92,Intermediate,43,24,81,66,83,27,67,53,Data Scientist,55.5
7.26,Intermediate,34,24,93,48,80,33,48,78,Data Analyst,54.75
5.82,Intermediate,93,26,39,22,25,50,65,74,Frontend Developer,49.25
7.24,Advanced,37,96,93,25,34,29,86,69,Backend Developer,58.62
5.56,Intermediate,50,52,82,79,91,36,66,55,Data Scientist,63.88
8.03,Intermediate,59,70,20,61,27,28,89,78,Python Developer,54.0
6.69,Intermediate,38,73,77,39,17,60,96,83,Cyber Security Engineer,60.38
8.27,Intermediate,52,71,81,17,29,70,86,41,Cyber Security Engineer,55.88
7.63,Intermediate,20,23,62,78,89,23,53,59,Data Scientist,50.88
6.4,Advanced,40,28,26,75,32,56,83,71,AI Engineer,51.38
5.69,Intermediate,33,66,57,15,36,45,96,43,Java Developer,48.88
6.68,Beginner,32,87,62,23,14,94,63,55,DevOps Engineer,53.75
6.05,Advanced,35,81,73,36,15,42,90,90,Backend Developer,57.75
6.95,Beginner,43,27,91,30,77,35,42,82,Data Analyst,53.38
6.0,Intermediate,43,54,51,10,33,86,81,75,Cloud Engineer,54.12
8.14,Beginner,24,37,76,71,84,49,50,45,Data Scientist,54.5
5.6,Beginner,21,34,67,71,92,28,44,82,Data Scientist,54.88
6.09,Intermediate,77,93,64,43,46,22,61,89,Full Stack Developer,61.88
6.99,Intermediate,42,87,57,39,39,92,70,82,DevOps Engineer,63.5
7.72,Intermediate,27,75,45,29,48,46,95,61,Java Developer,53.25
7.28,Beginner,50,30,75,21,87,44,61,92,Data Analyst,57.5
8.1,Beginner,74,88,83,22,48,25,66,59,Full Stack Developer,58.12
9.66,Intermediate,27,55,21,44,11,30,99,76,Software Engineer,45.38
6.24,Intermediate,49,84,79,41,46,71,82,49,Cyber Security Engineer,62.62
7.78,Beginner,75,41,34,40,39,24,66,52,Frontend Developer,46.38
8.46,Beginner,89,41,27,12,40,21,83,49,Mobile App Developer,45.25
5.96,Beginner,70,83,65,14,16,42,61,86,Full Stack Developer,54.62
6.12,Intermediate,30,33,85,20,88,23,41,79,Data Analyst,49.88
8.0,Intermediate,53,60,37,35,17,37,81,61,Software Engineer,47.62
6.39,Intermediate,27,65,90,18,16,83,90,88,Cyber Security Engineer,59.62
7.91,Beginner,46,41,37,99,87,24,80,42,Machine Learning Engineer,57.0
7.99,Intermediate,57,31,26,41,14,96,74,41,Cloud Engineer,47.5
6.04,Beginner,49,55,55,49,14,92,77,69,Cloud Engineer,57.5
6.87,Intermediate,35,69,73,26,30,74,89,71,Cyber Security Engineer,58.38
7.64,Intermediate,96,38,22,43,47,44,63,81,Frontend Developer,54.25
6.51,Beginner,30,66,88,42,40,83,100,52,Cyber Security Engineer,62.62
6.14,Beginner,44,57,89,45,75,35,44,74,Data Analyst,57.88
7.17,Beginner,97,53,49,42,29,32,81,75,Frontend Developer,57.25
8.58,Beginner,55,47,52,99,80,20,94,72,Machine Learning Engineer,64.88
7.67,Intermediate,30,38,52,14,44,47,86,68,Software Engineer,47.38
9.38,Intermediate,59,34,42,93,77,30,83,79,Machine Learning Engineer,62.12
8.55,Intermediate,33,58,40,99,90,28,90,73,Machine Learning Engineer,63.88
6.43,Beginner,26,21,25,11,45,97,81,45,Cloud Engineer,43.88
9.29,Beginner,36,53,31,88,93,23,80,76,Machine Learning Engineer,60.0
7.12,Intermediate,41,89,56,64,45,37,93,47,Python Developer,59.0
6.25,Intermediate,42,80,68,28,41,97,69,82,DevOps Engineer,63.38
6.83,Intermediate,37,47,31,18,50,88,75,43,Cloud Engineer,48.62
7.89,Intermediate,70,73,84,34,31,50,55,69,Full Stack Developer,58.25
8.27,Intermediate,24,67,59,50,45,37,90,69,Java Developer,55.12
8.4,Intermediate,38,55,90,43,75,42,57,76,Data Analyst,59.5
8.43,Intermediate,44,44,51,93,89,26,78,65,Machine Learning Engineer,61.25
8.35,Intermediate,60,44,35,98,77,40,79,77,Machine Learning Engineer,63.75
7.14,Intermediate,41,89,24,36,49,26,83,48,Java Developer,49.5
7.61,Beginner,49,63,66,21,13,83,46,51,DevOps Engineer,49.0
5.72,Beginner,22,75,72,37,28,80,59,53,DevOps Engineer,53.25
6.54,Intermediate,46,60,53,99,34,67,92,65,AI Engineer,64.5
5.85,Intermediate,36,82,90,21,13,89,100,70,Cyber Security Engineer,62.62
8.26,Intermediate,34,78,56,13,28,91,68,64,DevOps Engineer,54.0
8.43,Beginner,41,41,42,20,27,85,63,42,Cloud Engineer,45.12
7.2,Beginner,83,42,51,39,11,21,85,42,Mobile App Developer,46.75
9.6,Advanced,31,48,44,25,38,49,93,57,Software Engineer,48.12
5.69,Advanced,26,85,71,17,13,29,90,66,Backend Developer,49.62
6.88,Intermediate,90,36,21,24,11,27,91,62,Mobile App Developer,45.25
7.19,Intermediate,56,74,80,13,32,72,71,56,Cyber Security Engineer,56.75
5.95,Intermediate,36,63,55,65,50,45,79,85,Python Developer,59.75
6.32,Beginner,20,81,41,16,22,34,88,82,Java Developer,48.0
6.08,Beginner,39,79,20,50,12,20,88,58,Python Developer,45.75
7.14,Beginner,20,30,82,38,67,40,63,70,Data Analyst,51.25
8.4,Intermediate,48,64,55,51,24,37,87,77,Python Developer,55.38
5.53,Intermediate,43,88,34,23,48,36,91,42,Java Developer,50.62
9.23,Intermediate,36,59,47,38,45,40,83,56,Software Engineer,50.5
8.41,Intermediate,24,23,89,81,87,45,70,70,Data Scientist,61.12
6.73,Beginner,89,36,36,20,14,29,67,86,Frontend Developer,47.12
7.4,Beginner,84,43,22,50,39,50,78,42,Frontend Developer,51.0
8.76,Beginner,27,44,60,90,81,40,84,81,Machine Learning Engineer,63.38
5.89,Intermediate,44,52,83,28,73,39,40,76,Data Analyst,54.38
5.65,Beginner,45,51,20,23,41,92,76,46,Cloud Engineer,49.25
7.32,Intermediate,89,77,62,27,46,28,46,68,Full Stack Developer,55.38
8.26,Intermediate,25,49,39,46,43,28,82,74,Software Engineer,48.25
6.56,Beginner,55,57,95,25,73,20,46,79,Data Analyst,56.25
9.74,Intermediate,26,44,43,12,33,33,92,71,Software Engineer,44.25
7.16,Intermediate,48,45,45,93,38,62,92,47,AI Engineer,58.75
8.31,Intermediate,40,46,73,78,88,29,53,42,Data Scientist,56.12
8.31,Intermediate,21,88,65,43,27,92,51,66,DevOps Engineer,56.62
6.89,Beginner,39,76,33,37,16,42,98,71,Java Developer,51.5
8.55,Beginner,49,40,34,85,79,23,91,81,Machine Learning Engineer,60.25
7.57,Intermediate,35,48,32,95,28,64,85,41,AI Engineer,53.5
7.3,Intermediate,40,81,79,18,37,88,50,79,DevOps Engineer,59.0
7.55,Intermediate,32,53,56,88,93,38,88,40,Machine Learning Engineer,61.0
8.11,Advanced,47,36,41,88,37,78,80,47,AI Engineer,56.75
6.74,Intermediate,51,58,49,92,22,64,81,48,AI Engineer,58.12
6.8,Intermediate,47,64,88,50,43,63,81,47,Cyber Security Engineer,60.38
6.78,Intermediate,25,89,77,20,48,81,70,52,Cyber Security Engineer,57.75
8.49,Intermediate,37,53,51,91,80,29,79,59,Machine Learning Engineer,59.88
7.55,Intermediate,24,37,44,100,19,77,92,86,AI Engineer,59.88
7.7,Advanced,21,45,39,14,14,37,99,75,Software Engineer,43.0
5.74,Beginner,60,89,64,38,11,80,46,76,DevOps Engineer,58.0
8.05,Intermediate,53,58,66,68,81,42,63,83,Data Scientist,64.25
7.79,Beginner,48,20,54,88,78,39,81,85,Machine Learning Engineer,61.62
6.63,Intermediate,45,34,96,11,81,22,60,85,Data Analyst,54.25
6.08,Intermediate,25,71,60,68,37,21,88,70,Python Developer,55.0
5.67,Intermediate,89,40,21,35,12,46,79,63,Mobile App Developer,48.12
6.17,Beginner,90,20,53,46,45,37,71,86,Frontend Developer,56.0
9.44,Advanced,26,30,28,38,33,41,88,67,Software Engineer,43.88
5.9,Intermediate,54,59,96,39,73,36,47,87,Data Analyst,61.38
6.26,Intermediate,88,73,87,32,45,45,52,78,Full Stack Developer,62.5
8.5,Intermediate,88,78,64,17,14,44,58,65,Full Stack Developer,53.5
8.36,Beginner,41,54,46,19,29,97,88,49,Cloud Engineer,52.88
5.68,Intermediate,68,38,44,15,38,30,88,73,Mobile App Developer,49.25
5.78,Beginner,91,79,81,13,26,30,58,89,Full Stack Developer,58.38
7.11,Advanced,29,78,81,14,26,47,76,62,Backend Developer,51.62
6.75,Intermediate,54,27,39,84,19,56,93,62,AI Engineer,54.25
7.65,Beginner,81,86,62,37,18,36,51,45,Full Stack Developer,52.0
7.2,Intermediate,56,87,71,19,18,100,65,40,DevOps Engineer,57.0
7.36,Intermediate,30,77,86,44,42,33,74,54,Backend Developer,55.0
6.02,Beginner,33,81,90,13,45,85,91,45,Cyber Security Engineer,60.38
6.58,Beginner,44,86,36,80,38,22,92,57,Python Developer,56.88
5.93,Intermediate,24,82,24,32,41,27,87,71,Java Developer,48.5
6.57,Intermediate,50,82,80,44,33,87,58,80,DevOps Engineer,64.25
5.55,Beginner,23,76,48,47,14,38,97,65,Java Developer,51.0
7.54,Intermediate,58,73,71,18,19,96,46,57,DevOps Engineer,54.75
6.97,Beginner,35,89,28,21,19,35,98,55,Java Developer,47.5
8.27,Intermediate,45,24,33,33,37,94,61,61,Cloud Engineer,48.5
6.28,Intermediate,56,23,43,84,36,58,70,75,AI Engineer,55.62
7.88,Beginner,37,22,67,83,99,35,56,68,Data Scientist,58.38
5.95,Intermediate,29,83,83,46,23,50,71,65,Backend Developer,56.25
7.97,Intermediate,60,89,77,12,17,81,77,83,Cyber Security Engineer,62.0
7.97,Intermediate,85,20,60,27,30,20,80,42,Frontend Developer,45.5
6.07,Intermediate,44,66,41,55,39,33,96,43,Python Developer,52.12
8.14,Intermediate,47,27,60,39,44,24,82,74,Software Engineer,49.62
7.58,Intermediate,25,58,93,18,71,43,56,91,Data Analyst,56.88
8.22,Intermediate,88,88,87,43,25,46,61,55,Full Stack Developer,61.62
7.98,Intermediate,26,25,75,65,83,24,69,59,Data Scientist,53.25
7.88,Advanced,53,39,52,88,50,70,85,73,AI Engineer,63.75
8.32,Intermediate,36,80,77,40,26,47,77,74,Backend Developer,57.12
8.49,Intermediate,22,47,78,28,76,30,49,83,Data Analyst,51.62
7.08,Beginner,71,90,82,37,25,46,70,74,Full Stack Developer,61.88
6.43,Beginner,49,67,64,20,18,70,77,58,Cyber Security Engineer,52.88
5.86,Beginner,54,74,29,53,43,41,97,83,Python Developer,59.25
7.09,Intermediate,43,21,52,27,49,97,66,50,Cloud Engineer,50.62
7.19,Beginner,52,73,79,48,18,73,78,65,Cyber Security Engineer,60.75
8.87,Intermediate,44,46,35,18,37,20,92,66,Software Engineer,44.75
8.3,Beginner,21,89,33,64,27,42,93,86,Python Developer,56.88
6.56,Beginner,54,78,45,68,19,25,79,65,Python Developer,54.12
7.22,Intermediate,56,39,86,22,76,25,60,85,Data Analyst,56.12
7.33,Intermediate,26,60,50,23,38,92,64,52,DevOps Engineer,50.62
7.54,Intermediate,25,50,52,91,75,21,79,85,Machine Learning Engineer,59.75
8.54,Advanced,45,55,25,39,30,41,87,66,Software Engineer,48.5
8.4,Advanced,53,20,59,80,27,78,71,80,AI Engineer,58.5
7.32,Beginner,92,45,20,49,27,32,68,78,Frontend Developer,51.38
8.02,Beginner,38,88,60,34,49,89,72,40,Cyber Security Engineer,58.75
5.6,Beginner,39,54,98,23,72,24,41,72,Data Analyst,52.88
7.24,Intermediate,57,71,61,27,42,84,58,71,DevOps Engineer,58.88
7.67,Advanced,59,95,92,20,46,45,79,46,Backend Developer,60.25
8.36,Beginner,59,80,46,30,35,30,83,72,Java Developer,54.38
8.27,Intermediate,38,81,74,19,39,86,44,64,DevOps Engineer,55.62
5.77,Beginner,45,43,68,86,91,24,62,44,Data Scientist,57.88
7.84,Intermediate,43,57,44,84,35,79,73,85,AI Engineer,62.5
7.68,Intermediate,54,81,40,50,41,42,86,53,Java Developer,55.88
6.55,Intermediate,39,50,58,100,18,73,87,66,AI Engineer,61.38
5.95,Intermediate,53,75,23,54,16,42,86,49,Python Developer,49.75
6.18,Beginner,60,21,42,35,19,20,89,60,Mobile App Developer,43.25
7.39,Intermediate,88,42,33,24,17,20,80,87,Frontend Developer,48.88
8.4,Beginner,38,84,71,35,12,86,41,74,DevOps Engineer,55.12
5.77,Beginner,84,75,63,22,37,27,43,67,Full Stack Developer,52.25
8.28,Intermediate,47,76,34,16,11,30,87,77,Java Developer,47.25
7.76,Beginner,88,88,62,10,47,38,62,85,Full Stack Developer,60.0
6.55,Beginner,23,31,48,50,44,100,74,83,Cloud Engineer,56.62
5.79,Beginner,81,48,47,24,49,31,92,53,Mobile App Developer,53.12
6.62,Intermediate,94,55,27,31,31,37,89,40,Frontend Developer,50.5
7.19,Intermediate,37,67,31,40,47,20,95,78,Java Developer,51.88
5.55,Intermediate,46,96,71,18,33,27,77,81,Backend Developer,56.12
5.74,Beginner,32,35,71,73,97,26,60,87,Data Scientist,60.12
7.73,Advanced,26,24,49,31,20,50,98,79,Software Engineer,47.12
7.81,Intermediate,30,66,44,38,38,44,96,45,Java Developer,50.12
7.95,Beginner,29,79,23,77,38,33,88,46,Python Developer,51.62
7.95,Advanced,44,97,87,16,24,36,80,85,Backend Developer,58.62
7.79,Beginner,70,51,51,18,19,23,81,67,Mobile App Developer,47.5
6.45,Beginner,52,73,77,20,27,84,58,44,DevOps Engineer,54.38
8.18,Beginner,46,39,89,40,73,27,51,94,Data Analyst,57.38
8.23,Beginner,43,32,41,87,81,46,95,87,Machine Learning Engineer,64.0
8.21,Advanced,38,96,86,41,30,39,88,62,Backend Developer,60.0
8.21,Beginner,82,41,32,23,35,41,84,90,Mobile App Developer,53.5
6.88,Beginner,58,28,99,30,67,36,65,84,Data Analyst,58.38
9.32,Intermediate,34,26,54,28,40,37,85,79,Software Engineer,47.88
7.86,Beginner,35,73,68,20,45,66,76,70,Cyber Security Engineer,56.62
8.31,Advanced,38,38,23,92,34,58,75,90,AI Engineer,56.0
6.83,Intermediate,80,82,71,36,26,30,41,56,Full Stack Developer,52.75
6.58,Intermediate,49,74,66,42,34,93,53,53,DevOps Engineer,58.0
5.62,Beginner,77,46,37,12,39,20,80,41,Mobile App Developer,44.0
7.06,Intermediate,44,20,57,43,49,94,82,84,Cloud Engineer,59.12
8.37,Intermediate,58,43,29,37,26,20,99,64,Software Engineer,47.0
9.04,Advanced,25,50,41,28,50,26,100,76,Software Engineer,49.5
8.77,Intermediate,60,58,39,44,48,25,97,72,Software Engineer,55.38
6.58,Beginner,47,51,62,78,94,22,46,75,Data Scientist,59.38
6.13,Beginner,91,82,83,48,42,20,60,47,Full Stack Developer,59.12
8.1,Intermediate,42,20,84,79,100,24,57,44,Data Scientist,56.25
7.14,Intermediate,39,42,53,85,41,67,73,42,AI Engineer,55.25
5.79,Beginner,34,68,42,56,20,42,95,49,Python Developer,50.75
5.58,Intermediate,89,79,72,33,18,35,56,85,Full Stack Developer,58.38
9.3,Beginner,45,32,33,96,85,42,77,65,Machine Learning Engineer,59.38
6.44,Advanced,35,58,51,94,36,66,90,69,AI Engineer,62.38
6.05,Beginner,30,30,74,72,82,44,66,59,Data Scientist,57.12
9.3,Intermediate,38,35,23,98,90,48,75,60,Machine Learning Engineer,58.38
6.99,Intermediate,52,87,27,76,22,34,92,68,Python Developer,57.25
7.96,Intermediate,49,56,54,99,27,79,83,40,AI Engineer,60.88
6.18,Beginner,35,89,48,66,16,48,96,61,Python Developer,57.38
6.57,Beginner,40,22,69,89,81,47,44,83,Data Scientist,59.38
6.0,Intermediate,39,89,75,29,23,38,85,76,Backend Developer,56.75
6.06,Intermediate,20,83,86,46,17,81,86,45,Cyber Security Engineer,58.0
8.38,Beginner,20,64,77,50,31,89,54,80,DevOps Engineer,58.12
8.48,Beginner,50,46,51,93,88,44,77,49,Machine Learning Engineer,62.25
8.43,Intermediate,93,85,62,27,24,35,42,55,Full Stack Developer,52.88
6.76,Beginner,95,94,90,12,16,42,62,41,Full Stack Developer,56.5
7.61,Intermediate,91,59,27,46,40,43,88,52,Frontend Developer,55.75
6.21,Intermediate,38,55,33,14,16,97,77,70,Cloud Engineer,50.0
6.39,Beginner,24,88,50,38,48,40,78,74,Java Developer,55.0
8.57,Advanced,45,55,21,39,14,26,86,85,Software Engineer,46.38
8.46,Advanced,57,38,49,21,49,45,91,52,Software Engineer,50.25
7.08,Beginner,29,72,40,10,16,35,87,43,Java Developer,41.5
7.55,Beginner,97,55,25,44,31,20,81,53,Frontend Developer,50.75
8.77,Advanced,23,21,37,35,11,27,94,66,Software Engineer,39.25
7.8,Intermediate,90,32,28,47,16,40,84,42,Frontend Developer,47.38
8.24,Beginner,78,83,60,20,49,20,42,62,Full Stack Developer,51.75
8.09,Beginner,52,22,32,94,89,21,94,43,Machine Learning Engineer,55.88
7.68,Intermediate,38,83,56,28,23,87,42,70,DevOps Engineer,53.38
8.0,Intermediate,47,59,25,93,79,42,91,84,Machine Learning Engineer,65.0
7.66,Intermediate,42,99,74,20,36,22,76,70,Backend Developer,54.88
8.21,Intermediate,33,52,73,73,81,39,66,44,Data Scientist,57.62
5.87,Intermediate,48,43,99,21,89,48,51,92,Data Analyst,61.38
7.52,Beginner,83,34,60,48,13,39,84,79,Frontend Developer,55.0
9.23,Intermediate,31,57,20,39,25,40,98,42,Software Engineer,44.0
9.07,Beginner,26,54,40,89,94,34,75,46,Machine Learning Engineer,57.25
7.38,Advanced,37,99,80,34,13,22,95,83,Backend Developer,57.88
7.99,Beginner,20,33,39,22,48,85,63,61,Cloud Engineer,46.38
8.33,Beginner,50,84,58,36,31,96,49,80,DevOps Engineer,60.5
7.97,Intermediate,45,32,26,15,23,38,81,76,Software Engineer,42.0
6.65,Intermediate,33,37,27,90,36,63,75,49,AI Engineer,51.25
8.51,Intermediate,49,32,32,18,10,46,90,81,Software Engineer,44.75
9.28,Beginner,59,37,34,88,93,34,75,47,Machine Learning Engineer,58.38
7.77,Intermediate,34,78,26,36,43,20,80,70,Java Developer,48.38
7.57,Intermediate,25,71,26,18,10,31,95,84,Java Developer,45.0
8.14,Beginner,28,90,83,35,35,85,98,52,Cyber Security Engineer,63.25
6.68,Intermediate,45,28,63,71,82,44,63,54,Data Scientist,56.25
7.7,Beginner,85,29,21,25,28,50,85,47,Frontend Developer,46.25
8.08,Intermediate,21,62,51,48,34,80,65,76,DevOps Engineer,54.62
8.41,Intermediate,29,35,20,45,45,95,71,41,Cloud Engineer,47.62
8.14,Beginner,95,30,30,50,15,46,89,64,Frontend Developer,52.38
7.4,Beginner,44,24,85,71,97,27,49,51,Data Scientist,56.0
7.33,Intermediate,39,23,75,21,69,41,41,81,Data Analyst,48.75
8.13,Intermediate,96,36,43,15,35,42,66,62,Frontend Developer,49.38
8.28,Intermediate,24,62,78,15,46,80,68,80,DevOps Engineer,56.62
6.35,Intermediate,31,46,31,37,42,89,67,67,Cloud Engineer,51.25
8.29,Beginner,28,73,60,46,39,91,44,63,DevOps Engineer,55.5
6.15,Intermediate,46,46,88,67,89,29,42,53,Data Scientist,57.5
6.95,Beginner,20,85,59,14,37,35,92,75,Java Developer,52.12
7.08,Beginner,84,40,35,41,15,20,77,66,Mobile App Developer,47.25
7.2,Intermediate,50,40,54,98,13,52,91,78,AI Engineer,59.5
6.93,Intermediate,87,23,57,44,34,43,74,82,Frontend Developer,55.5
6.38,Intermediate,30,56,21,83,34,73,70,48,AI Engineer,51.88
6.28,Intermediate,41,39,75,46,67,46,58,79,Data Analyst,56.38
7.96,Intermediate,33,79,76,17,30,73,91,44,Cyber Security Engineer,55.38
7.71,Intermediate,44,77,70,47,28,24,90,79,Backend Developer,57.38
6.17,Beginner,49,77,34,23,21,43,76,85,Java Developer,51.0
7.94,Advanced,26,46,32,46,45,25,80,54,Software Engineer,44.25
5.86,Beginner,56,47,80,32,70,44,60,91,Data Analyst,60.0
7.11,Beginner,31,70,53,10,38,83,66,66,DevOps Engineer,52.12
5.86,Beginner,52,83,89,49,41,65,70,61,Cyber Security Engineer,63.75
8.22,Beginner,47,89,44,41,19,21,77,63,Java Developer,50.12
5.8,Beginner,94,71,70,39,35,39,61,86,Full Stack Developer,61.88
6.21,Intermediate,51,46,69,86,81,37,67,59,Data Scientist,62.0
7.03,Beginner,47,73,34,44,14,31,99,83,Java Developer,53.12
8.24,Beginner,60,63,72,12,46,76,79,59,Cyber Security Engineer,58.38
7.39,Advanced,25,52,60,95,27,72,79,81,AI Engineer,61.38
7.34,Advanced,52,79,73,32,13,21,78,87,Backend Developer,54.38
6.14,Beginner,39,25,26,17,15,95,74,70,Cloud Engineer,45.12
5.62,Beginner,56,71,57,26,38,34,100,81,Java Developer,57.88
8.41,Intermediate,51,53,47,100,88,41,88,87,Machine Learning Engineer,69.38
7.46,Beginner,56,77,80,29,29,80,99,47,Cyber Security Engineer,62.12
8.31,Beginner,76,42,50,26,28,39,86,47,Frontend Developer,49.25
7.74,Beginner,49,38,36,93,90,20,77,74,Machine Learning Engineer,59.62
6.78,Advanced,32,84,73,30,11,28,76,48,Backend Developer,47.75
7.85,Beginner,35,65,56,32,20,93,56,83,DevOps Engineer,55.0
6.07,Beginner,76,93,85,35,40,49,58,57,Full Stack Developer,61.62
7.91,Beginner,28,50,44,40,16,98,67,79,Cloud Engineer,52.75
6.43,Intermediate,32,78,81,35,44,75,90,43,Cyber Security Engineer,59.75
8.22,Beginner,31,27,63,68,91,22,52,76,Data Scientist,53.75
7.8,Intermediate,40,98,70,37,39,22,92,67,Backend Developer,58.12
7.1,Beginner,48,68,60,34,43,99,58,48,DevOps Engineer,57.25
6.89,Intermediate,24,61,57,21,25,85,66,89,DevOps Engineer,53.5
8.36,Beginner,37,41,60,67,90,33,61,54,Data Scientist,55.38
7.79,Intermediate,32,38,90,68,91,34,41,79,Data Scientist,59.12
5.66,Intermediate,58,56,75,65,91,31,54,48,Data Scientist,59.75
5.99,Beginner,50,38,80,20,85,46,56,94,Data Analyst,58.62
6.82,Advanced,24,33,59,83,19,65,87,44,AI Engineer,51.75
6.74,Advanced,41,88,71,13,47,21,82,53,Backend Developer,52.0
8.0,Beginner,38,85,66,11,47,99,42,45,DevOps Engineer,54.12
7.03,Intermediate,29,33,34,84,40,62,88,71,AI Engineer,55.12
9.25,Advanced,37,29,25,18,38,26,87,87,Software Engineer,43.38
7.42,Intermediate,35,78,95,18,50,30,85,67,Backend Developer,57.25
6.13,Beginner,43,46,91,42,82,34,41,79,Data Analyst,57.25
6.12,Beginner,84,35,51,11,25,38,79,88,Mobile App Developer,51.38
9.53,Intermediate,42,32,30,22,12,33,92,46,Software Engineer,38.62
9.72,Advanced,57,23,25,42,32,44,87,45,Software Engineer,44.38
7.65,Beginner,47,87,61,50,34,89,40,55,DevOps Engineer,57.88
8.13,Beginner,75,74,83,30,25,37,58,64,Full Stack Developer,55.75
6.55,Intermediate,44,24,42,89,31,76,95,73,AI Engineer,59.25
9.14,Advanced,38,31,27,34,26,32,87,62,Software Engineer,42.12
5.6,Beginner,91,40,33,11,33,46,82,71,Frontend Developer,50.88
8.05,Intermediate,29,53,44,31,48,87,90,40,Cloud Engineer,52.75
6.46,Beginner,30,41,93,15,69,43,70,76,Data Analyst,54.62
8.29,Intermediate,20,23,66,65,100,50,59,54,Data Scientist,54.62
5.94,Intermediate,45,58,21,86,32,75,83,82,AI Engineer,60.25
9.64,Intermediate,38,24,40,48,31,44,82,40,Software Engineer,43.38
5.99,Advanced,44,58,48,95,14,56,93,45,AI Engineer,56.62
6.46,Advanced,50,97,72,11,27,20,80,90,Backend Developer,55.88
8.04,Beginner,26,36,48,92,88,24,80,50,Machine Learning Engineer,55.5
9.7,Beginner,34,43,60,98,82,40,90,68,Machine Learning Engineer,64.38
7.26,Beginner,77,28,53,19,19,20,88,62,Mobile App Developer,45.75
6.12,Intermediate,54,23,48,99,28,71,79,85,AI Engineer,60.88
7.14,Advanced,50,81,71,29,16,33,76,81,Backend Developer,54.62
6.26,Intermediate,21,61,61,31,49,86,67,66,DevOps Engineer,55.25
7.24,Beginner,36,33,82,88,93,30,59,59,Data Scientist,60.0
7.26,Beginner,31,56,38,31,40,87,73,50,Cloud Engineer,50.75
5.99,Beginner,58,21,36,42,35,96,86,55,Cloud Engineer,53.62
7.39,Beginner,48,73,37,46,22,42,77,52,Java Developer,49.62
7.97,Beginner,52,75,74,25,44,79,86,72,Cyber Security Engineer,63.38
8.36,Intermediate,59,37,21,22,31,94,68,73,Cloud Engineer,50.62
5.51,Intermediate,75,46,33,47,34,41,93,89,Mobile App Developer,57.25
6.83,Beginner,93,80,82,34,48,47,67,75,Full Stack Developer,65.75
9.22,Intermediate,60,57,32,44,43,32,85,80,Software Engineer,54.12
5.54,Intermediate,50,50,100,49,87,22,41,80,Data Analyst,59.88
5.63,Beginner,36,22,22,13,39,99,62,70,Cloud Engineer,45.38
7.45,Beginner,50,62,34,55,26,36,96,80,Python Developer,54.88
7.43,Intermediate,48,46,81,42,87,40,70,73,Data Analyst,60.88
7.29,Intermediate,79,95,61,27,19,39,60,52,Full Stack Developer,54.0
7.47,Beginner,77,46,27,26,23,22,84,57,Frontend Developer,45.25
7.73,Advanced,38,29,53,89,35,52,84,87,AI Engineer,58.38
5.81,Intermediate,55,66,42,66,13,42,92,42,Python Developer,52.25
6.19,Beginner,41,74,69,21,23,92,54,72,DevOps Engineer,55.75
5.56,Beginner,81,47,54,41,39,28,66,56,Frontend Developer,51.5
9.14,Advanced,42,20,36,13,44,44,91,88,Software Engineer,47.25
6.47,Intermediate,22,44,36,30,43,88,82,74,Cloud Engineer,52.38
9.56,Advanced,48,20,50,38,16,45,85,88,Software Engineer,48.75
7.11,Beginner,44,73,25,64,47,43,95,47,Python Developer,54.75
6.48,Beginner,39,69,42,29,31,41,79,77,Java Developer,50.88
7.7,Beginner,49,77,31,49,14,23,85,58,Java Developer,48.25
8.47,Advanced,47,37,39,89,28,67,95,46,AI Engineer,56.0
8.4,Intermediate,51,72,56,20,23,47,84,59,Java Developer,51.5
5.63,Intermediate,61,53,48,21,14,23,89,72,Mobile App Developer,47.62
7.36,Beginner,57,29,88,71,80,33,53,49,Data Scientist,57.5
6.32,Intermediate,89,30,26,27,17,31,94,72,Mobile App Developer,48.25
5.87,Beginner,22,88,76,35,40,83,53,50,DevOps Engineer,55.88
7.98,Beginner,96,24,38,48,22,47,66,48,Frontend Developer,48.62
9.13,Beginner,57,36,53,92,85,20,95,40,Machine Learning Engineer,59.75
7.65,Intermediate,42,50,45,30,48,50,88,89,Software Engineer,55.25
5.94,Intermediate,82,60,40,39,31,38,85,61,Mobile App Developer,54.5
7.02,Beginner,58,37,100,24,76,28,70,92,Data Analyst,60.62
5.7,Beginner,44,51,47,30,18,85,73,71,Cloud Engineer,52.38
6.72,Beginner,95,34,52,36,34,50,78,90,Frontend Developer,58.62
6.67,Beginner,23,82,80,43,14,65,72,81,Cyber Security Engineer,57.5
7.97,Intermediate,22,60,54,100,88,36,80,81,Machine Learning Engineer,65.12
8.1,Intermediate,35,33,38,98,81,38,86,74,Machine Learning Engineer,60.38
7.44,Intermediate,62,35,55,38,26,37,87,48,Mobile App Developer,48.5
6.53,Intermediate,53,21,29,89,50,60,81,67,AI Engineer,56.25
7.52,Beginner,25,82,40,69,16,20,86,82,Python Developer,52.5
6.09,Beginner,58,45,73,67,82,31,65,83,Data Scientist,63.0
9.6,Advanced,37,43,32,41,38,22,93,45,Software Engineer,43.88
8.1,Beginner,37,86,80,46,42,86,50,67,DevOps Engineer,61.75
5.73,Intermediate,31,53,26,43,46,99,81,62,Cloud Engineer,55.12
6.89,Advanced,55,34,53,76,45,63,74,43,AI Engineer,55.38
7.81,Beginner,93,73,77,21,32,26,57,70,Full Stack Developer,56.12
9.28,Advanced,51,50,36,13,10,47,100,61,Software Engineer,46.0
5.66,Intermediate,23,46,23,97,25,63,83,88,AI Engineer,56.0
8.11,Beginner,57,81,58,64,38,21,80,87,Python Developer,60.75
7.0,Intermediate,30,25,38,100,23,56,85,86,AI Engineer,55.38
7.38,Advanced,35,29,55,84,28,78,94,80,AI Engineer,60.38
6.46,Beginner,59,69,22,44,29,33,81,43,Java Developer,47.5
6.46,Beginner,75,25,41,41,40,44,61,43,Frontend Developer,46.25
6.08,Beginner,90,53,24,36,34,29,82,79,Frontend Developer,53.38
6.58,Intermediate,57,41,85,69,82,21,48,57,Data Scientist,57.5
9.85,Intermediate,38,60,56,99,77,27,85,61,Machine Learning Engineer,62.88
7.41,Intermediate,26,54,84,65,98,29,45,63,Data Scientist,58.0
8.28,Intermediate,28,22,94,32,85,44,44,84,Data Analyst,54.12
6.17,Intermediate,23,87,93,49,10,48,93,72,Backend Developer,59.38
7.64,Intermediate,36,89,68,14,10,98,42,58,DevOps Engineer,51.88
9.47,Advanced,59,38,43,38,48,35,81,62,Software Engineer,50.5
7.52,Intermediate,87,21,41,25,16,37,87,54,Mobile App Developer,46.0
5.72,Intermediate,40,46,100,17,79,38,61,93,Data Analyst,59.25
6.93,Intermediate,81,85,90,23,36,35,59,44,Full Stack Developer,56.62
7.03,Beginner,27,44,47,31,33,95,81,58,Cloud Engineer,52.0
8.29,Beginner,35,83,64,33,43,68,88,71,Cyber Security Engineer,60.62
6.49,Advanced,49,50,59,77,37,63,93,56,AI Engineer,60.5
7.05,Intermediate,39,21,93,42,75,49,64,80,Data Analyst,57.88
6.41,Beginner,47,51,88,81,97,30,70,89,Data Scientist,69.12
7.08,Advanced,41,52,49,82,36,55,89,69,AI Engineer,59.12
8.5,Intermediate,87,42,46,19,49,50,90,40,Mobile App Developer,52.88
6.53,Beginner,32,79,75,44,46,86,60,57,DevOps Engineer,59.88
5.93,Intermediate,76,59,34,29,50,40,71,52,Mobile App Developer,51.38
5.96,Intermediate,27,68,86,10,24,62,76,60,Cyber Security Engineer,51.62
5.65,Intermediate,30,56,60,78,90,45,51,86,Data Scientist,62.0
6.34,Intermediate,51,86,80,31,32,94,42,75,DevOps Engineer,61.38
6.22,Beginner,48,90,67,31,33,65,81,55,Cyber Security Engineer,58.75
7.28,Beginner,43,80,66,12,38,97,62,63,DevOps Engineer,57.62
7.94,Intermediate,31,45,46,98,90,40,95,53,Machine Learning Engineer,62.25
7.59,Intermediate,28,70,60,28,42,86,73,82,Cyber Security Engineer,58.62
8.32,Beginner,60,79,22,25,38,41,92,64,Java Developer,52.62
5.55,Beginner,38,57,60,74,98,25,66,78,Data Scientist,62.0
6.47,Beginner,30,66,61,37,17,89,91,64,Cyber Security Engineer,56.88
6.09,Intermediate,91,90,84,31,44,46,58,78,Full Stack Developer,65.25
6.81,Beginner,61,24,34,34,23,28,70,79,Mobile App Developer,44.12
7.39,Intermediate,57,23,80,33,65,42,67,88,Data Analyst,56.88
6.12,Intermediate,25,53,83,26,83,44,60,81,Data Analyst,56.88
5.97,Intermediate,85,55,41,18,16,20,79,81,Frontend Developer,49.38
7.65,Intermediate,38,67,20,29,48,25,90,52,Java Developer,46.12
5.75,Beginner,41,76,73,19,31,60,94,69,Cyber Security Engineer,57.88
7.73,Beginner,74,24,41,43,14,29,83,73,Mobile App Developer,47.62
8.2,Intermediate,77,70,73,11,46,31,54,61,Full Stack Developer,52.88
6.56,Intermediate,27,50,98,22,88,41,68,93,Data Analyst,60.88
8.18,Intermediate,23,25,93,37,78,31,68,74,Data Analyst,53.62
8.05,Intermediate,31,40,23,41,20,39,99,59,Software Engineer,44.0
9.88,Intermediate,59,60,44,92,75,23,83,53,Machine Learning Engineer,61.12
7.6,Intermediate,77,44,39,29,16,21,83,52,Mobile App Developer,45.12
7.21,Advanced,40,21,20,92,15,73,88,55,AI Engineer,50.5
8.18,Beginner,28,29,79,66,90,27,45,67,Data Scientist,53.88
8.21,Beginner,95,23,23,21,39,42,62,46,Frontend Developer,43.88
8.38,Beginner,87,23,55,44,17,30,76,44,Mobile App Developer,47.0
5.86,Intermediate,50,53,58,19,43,93,86,86,Cloud Engineer,61.0
7.76,Intermediate,23,42,29,94,86,48,86,55,Machine Learning Engineer,57.88
8.27,Beginner,94,91,88,11,33,22,67,71,Full Stack Developer,59.62
6.67,Advanced,32,82,82,40,27,21,91,48,Backend Developer,52.88
6.68,Intermediate,28,87,53,13,30,28,84,56,Java Developer,47.38
8.02,Beginner,45,79,79,42,34,88,54,82,DevOps Engineer,62.88
8.25,Advanced,27,87,90,25,14,35,81,59,Backend Developer,52.25
7.22,Advanced,52,81,83,36,29,44,92,83,Backend Developer,62.5
6.24,Beginner,41,60,43,62,21,35,91,52,Python Developer,50.62
7.13,Beginner,34,40,76,82,93,43,45,58,Data Scientist,58.88
7.52,Beginner,79,46,25,39,32,41,60,56,Frontend Developer,47.25
8.25,Intermediate,63,37,49,28,28,39,95,71,Mobile App Developer,51.25
7.92,Intermediate,39,60,36,41,12,43,90,44,Software Engineer,45.62
8.16,Intermediate,22,34,45,84,39,56,85,70,AI Engineer,54.38
6.44,Beginner,23,23,92,42,74,50,43,94,Data Analyst,55.12
8.14,Intermediate,50,89,72,48,14,61,76,86,Cyber Security Engineer,62.0
6.58,Intermediate,33,60,45,71,24,30,87,77,Python Developer,53.38
6.55,Beginner,90,30,56,10,23,32,78,42,Mobile App Developer,45.12
6.62,Intermediate,48,37,83,38,74,36,62,92,Data Analyst,58.75
7.06,Intermediate,79,34,41,19,19,35,88,40,Mobile App Developer,44.38
6.0,Beginner,48,81,70,22,17,90,87,71,Cyber Security Engineer,60.75
5.53,Intermediate,91,87,70,37,24,41,41,72,Full Stack Developer,57.88
8.38,Intermediate,34,60,23,66,41,35,79,86,Python Developer,53.0
8.29,Intermediate,36,44,23,36,22,90,64,88,Cloud Engineer,50.38
7.71,Intermediate,43,39,33,91,85,28,81,86,Machine Learning Engineer,60.75
6.02,Beginner,59,32,93,49,67,50,43,70,Data Analyst,57.88
6.61,Intermediate,36,63,73,31,36,68,72,49,Cyber Security Engineer,53.5
7.88,Beginner,44,56,90,87,89,44,46,52,Data Scientist,63.5
8.01,Beginner,28,89,52,63,13,33,96,87,Python Developer,57.62
7.61,Beginner,28,55,46,40,42,89,80,88,Cloud Engineer,58.5
8.14,Beginner,74,47,37,37,50,37,76,58,Mobile App Developer,52.0
9.97,Intermediate,24,32,35,89,93,41,77,89,Machine Learning Engineer,60.0
6.36,Advanced,41,49,59,84,18,50,79,82,AI Engineer,57.75
8.48,Advanced,23,56,25,100,49,63,91,86,AI Engineer,61.62
6.62,Intermediate,28,51,29,78,46,58,80,63,AI Engineer,54.12
6.52,Beginner,70,37,50,40,35,40,82,50,Mobile App Developer,50.5
7.2,Beginner,38,63,68,16,42,74,88,68,Cyber Security Engineer,57.12
5.83,Advanced,41,91,82,14,45,25,84,73,Backend Developer,56.88
7.89,Beginner,54,58,92,50,74,22,53,71,Data Analyst,59.25
8.46,Beginner,44,43,62,70,90,23,66,62,Data Scientist,57.5
7.89,Beginner,57,66,57,73,11,46,98,79,Python Developer,60.88
9.2,Intermediate,53,48,44,88,85,41,87,57,Machine Learning Engineer,62.88
6.72,Advanced,41,27,41,84,40,68,86,40,AI Engineer,53.38
7.12,Intermediate,44,38,87,50,66,29,70,83,Data Analyst,58.38
7.5,Beginner,57,52,79,66,94,37,60,82,Data Scientist,65.88
7.65,Beginner,76,84,72,35,27,45,54,47,Full Stack Developer,55.0
7.36,Intermediate,23,66,28,35,26,33,94,56,Java Developer,45.12
6.05,Beginner,48,87,41,40,36,32,84,47,Java Developer,51.88
7.22,Intermediate,57,84,46,63,28,47,91,45,Python Developer,57.62
7.76,Beginner,35,79,66,44,34,75,97,86,Cyber Security Engineer,64.5
5.76,Intermediate,39,62,68,44,13,90,72,82,Cyber Security Engineer,58.75
8.77,Intermediate,52,31,27,13,33,34,86,76,Software Engineer,44.0
5.71,Intermediate,49,50,71,82,91,42,67,81,Data Scientist,66.62
8.24,Beginner,43,69,32,17,28,40,81,43,Java Developer,44.12
8.22,Beginner,20,66,73,48,21,79,88,48,Cyber Security Engineer,55.38
5.73,Beginner,46,44,88,74,87,38,59,62,Data Scientist,62.25
5.76,Beginner,33,60,33,46,30,99,88,79,Cloud Engineer,58.5
8.41,Intermediate,51,27,38,89,85,40,80,88,Machine Learning Engineer,62.25
9.43,Beginner,34,50,55,88,95,44,85,86,Machine Learning Engineer,67.12
6.99,Beginner,25,89,22,20,16,39,85,64,Java Developer,45.0
6.76,Advanced,37,60,41,77,42,72,70,61,AI Engineer,57.5
7.99,Beginner,57,60,41,90,93,21,79,86,Machine Learning Engineer,65.88
7.88,Beginner,77,86,66,22,44,49,59,47,Full Stack Developer,56.25
6.39,Intermediate,54,91,85,46,47,32,93,67,Backend Developer,64.38
7.11,Intermediate,24,50,24,93,34,80,78,44,AI Engineer,53.38
8.21,Intermediate,53,38,50,86,82,31,90,54,Machine Learning Engineer,60.5
5.51,Beginner,67,56,44,34,16,31,70,55,Mobile App Developer,46.62
7.34,Beginner,48,34,68,80,97,30,45,42,Data Scientist,55.5
7.31,Advanced,55,38,26,76,35,65,91,58,AI Engineer,55.5
9.13,Intermediate,32,42,28,93,95,27,80,73,Machine Learning Engineer,58.75
5.66,Intermediate,38,78,37,10,18,48,95,45,Java Developer,46.12
7.83,Beginner,44,24,57,27,11,96,70,77,Cloud Engineer,50.75
7.68,Intermediate,21,81,65,43,40,80,61,51,DevOps Engineer,55.25
5.66,Beginner,39,72,64,32,27,78,86,56,Cyber Security Engineer,56.75
7.87,Beginner,40,76,26,33,29,20,80,59,Java Developer,45.38
7.13,Beginner,43,49,100,20,86,49,51,70,Data Analyst,58.5
7.79,Intermediate,57,82,26,61,17,32,81,43,Python Developer,49.88
7.44,Beginner,66,48,51,28,46,29,74,79,Mobile App Developer,52.62
6.71,Intermediate,59,38,53,88,45,75,78,69,AI Engineer,63.12
6.6,Intermediate,44,32,58,77,11,61,90,65,AI Engineer,54.75
8.18,Advanced,58,76,76,14,40,21,83,76,Backend Developer,55.5
7.08,Intermediate,45,56,97,45,80,20,42,77,Data Analyst,57.75
8.6,Intermediate,35,34,59,24,12,30,81,84,Software Engineer,44.88
6.75,Beginner,56,84,33,45,43,26,79,86,Java Developer,56.5
6.22,Intermediate,81,60,32,39,42,23,76,85,Mobile App Developer,54.75
7.46,Beginner,76,79,88,37,26,39,67,51,Full Stack Developer,57.88
8.12,Intermediate,39,87,93,30,23,24,90,83,Backend Developer,58.62
7.02,Beginner,88,70,86,46,31,28,64,41,Full Stack Developer,56.75
6.22,Beginner,23,86,50,43,39,33,97,86,Java Developer,57.12
8.14,Beginner,92,93,74,20,48,49,51,81,Full Stack Developer,63.5
6.74,Beginner,35,63,47,52,13,23,89,62,Python Developer,48.0
8.09,Intermediate,29,76,79,17,46,77,87,48,Cyber Security Engineer,57.38
5.79,Intermediate,23,73,73,18,39,93,50,60,DevOps Engineer,53.62
7.74,Advanced,26,84,81,45,37,29,81,40,Backend Developer,52.88
7.5,Intermediate,56,44,37,18,29,96,72,55,Cloud Engineer,50.88
7.96,Intermediate,59,43,22,98,89,31,78,65,Machine Learning Engineer,60.62
6.21,Intermediate,33,36,73,67,95,35,68,60,Data Scientist,58.38
7.79,Advanced,44,99,82,47,14,38,87,51,Backend Developer,57.75
6.08,Intermediate,55,32,28,30,16,95,90,50,Cloud Engineer,49.5
6.22,Beginner,57,46,98,26,80,35,70,85,Data Analyst,62.12
7.1,Intermediate,61,40,47,34,31,29,86,89,Mobile App Developer,52.12
7.35,Beginner,30,87,52,14,14,81,49,63,DevOps Engineer,48.75
8.08,Intermediate,58,59,71,82,88,23,46,82,Data Scientist,63.62
8.14,Advanced,43,34,43,16,47,33,93,64,Software Engineer,46.62
6.08,Intermediate,60,45,57,88,46,80,84,48,AI Engineer,63.5
6.32,Beginner,28,66,29,18,35,24,90,79,Java Developer,46.12
7.87,Beginner,43,87,26,47,30,50,87,65,Java Developer,54.38
9.42,Beginner,23,58,39,95,87,38,81,78,Machine Learning Engineer,62.38
9.67,Intermediate,42,27,38,85,78,26,95,48,Machine Learning Engineer,54.88
7.86,Intermediate,96,37,24,23,38,49,71,76,Frontend Developer,51.75
9.7,Advanced,56,31,25,42,31,34,90,67,Software Engineer,47.0
6.55,Beginner,26,86,78,22,37,89,64,65,DevOps Engineer,58.38
7.45,Intermediate,94,56,22,16,49,21,79,46,Frontend Developer,47.88
8.13,Intermediate,21,33,49,27,24,86,63,83,Cloud Engineer,48.25
5.92,Intermediate,35,57,84,84,99,36,59,46,Data Scientist,62.5
8.31,Intermediate,58,40,60,95,87,42,75,52,Machine Learning Engineer,63.62
6.85,Intermediate,95,40,26,20,45,35,68,56,Frontend Developer,48.12
8.28,Intermediate,59,70,68,32,21,91,67,51,DevOps Engineer,57.38
5.78,Beginner,85,45,26,24,13,43,62,62,Frontend Developer,45.0
6.99,Beginner,58,66,55,38,48,89,64,84,DevOps Engineer,62.75
8.05,Intermediate,66,34,39,31,21,50,83,78,Mobile App Developer,50.25
5.83,Beginner,50,62,43,65,46,21,93,85,Python Developer,58.12
5.93,Advanced,28,80,90,16,39,34,78,52,Backend Developer,52.12
7.65,Intermediate,37,60,85,20,35,85,92,43,Cyber Security Engineer,57.12
8.17,Beginner,53,21,95,19,72,45,67,93,Data Analyst,58.12
7.46,Intermediate,41,22,75,65,84,50,61,88,Data Scientist,60.75
7.74,Intermediate,51,67,52,38,46,25,94,47,Java Developer,52.5
6.06,Intermediate,52,88,58,40,19,81,61,88,DevOps Engineer,60.88
6.2,Beginner,46,72,50,47,47,81,66,63,DevOps Engineer,59.0
6.95,Intermediate,79,48,39,18,28,45,92,78,Mobile App Developer,53.38
6.06,Intermediate,78,43,22,15,21,45,63,69,Frontend Developer,44.5
8.29,Beginner,51,43,63,83,91,33,51,81,Data Scientist,62.0
6.87,Intermediate,42,37,22,38,12,91,71,88,Cloud Engineer,50.12
7.86,Intermediate,30,68,69,27,25,87,55,62,DevOps Engineer,52.88
8.38,Beginner,82,42,24,18,40,41,86,55,Frontend Developer,48.5
8.43,Intermediate,39,42,59,86,11,54,91,68,AI Engineer,56.25
7.85,Beginner,67,59,22,16,32,35,91,62,Mobile App Developer,48.0
7.79,Intermediate,29,84,43,40,28,42,79,68,Java Developer,51.62
7.75,Intermediate,30,38,76,17,78,22,47,70,Data Analyst,47.25
6.38,Intermediate,91,23,25,39,42,37,80,86,Frontend Developer,52.88
7.52,Beginner,23,90,27,64,35,45,92,40,Python Developer,52.0
8.45,Beginner,39,89,68,16,43,80,44,90,DevOps Engineer,58.62
7.4,Intermediate,29,49,59,91,48,71,87,46,AI Engineer,60.0
7.57,Beginner,87,47,28,31,22,36,90,45,Mobile App Developer,48.25
6.06,Intermediate,44,38,45,100,21,63,85,85,AI Engineer,60.12
6.37,Intermediate,59,26,87,25,69,39,61,71,Data Analyst,54.62
5.78,Advanced,34,90,80,12,24,45,80,60,Backend Developer,53.12
5.83,Beginner,54,29,58,36,22,99,72,84,Cloud Engineer,56.75
9.66,Intermediate,37,25,26,90,79,45,92,55,Machine Learning Engineer,56.12
7.93,Intermediate,54,81,33,50,31,22,100,40,Java Developer,51.38
7.13,Advanced,48,84,73,41,24,44,85,64,Backend Developer,57.88
6.16,Intermediate,79,85,64,35,34,28,66,56,Full Stack Developer,55.88
7.97,Intermediate,46,44,39,87,95,30,89,40,Machine Learning Engineer,58.75
8.4,Beginner,81,89,60,47,18,29,47,85,Full Stack Developer,57.0
9.92,Beginner,60,24,28,99,81,44,78,58,Machine Learning Engineer,59.0
7.29,Intermediate,22,73,78,29,49,74,89,55,Cyber Security Engineer,58.62
8.48,Intermediate,84,75,73,43,46,49,62,48,Full Stack Developer,60.0
5.56,Beginner,42,76,71,47,30,81,61,45,DevOps Engineer,56.62
5.69,Intermediate,30,72,50,68,38,37,99,58,Python Developer,56.5
6.34,Advanced,49,88,92,35,26,43,73,57,Backend Developer,57.88
6.68,Beginner,80,81,70,14,36,23,64,73,Full Stack Developer,55.12
6.37,Beginner,47,63,79,22,46,74,70,77,Cyber Security Engineer,59.75
8.25,Intermediate,37,60,52,34,43,81,52,42,DevOps Engineer,50.12
5.82,Intermediate,52,65,61,11,20,71,72,41,Cyber Security Engineer,49.12
5.93,Intermediate,90,91,67,22,18,31,67,40,Full Stack Developer,53.25
5.91,Intermediate,88,75,69,36,27,39,49,73,Full Stack Developer,57.0
9.58,Intermediate,45,22,48,45,24,22,98,79,Software Engineer,47.88
8.05,Beginner,21,62,25,70,14,39,95,52,Python Developer,47.25
9.11,Advanced,30,44,60,11,18,30,83,53,Software Engineer,41.12
8.75,Intermediate,55,33,58,97,86,34,95,68,Machine Learning Engineer,65.75
7.65,Beginner,56,70,22,23,37,32,100,64,Java Developer,50.5
7.53,Beginner,54,51,99,49,88,23,43,91,Data Analyst,62.25
6.06,Intermediate,50,80,59,21,23,86,42,71,DevOps Engineer,54.0
6.95,Advanced,40,98,94,48,33,24,89,69,Backend Developer,61.88
8.27,Intermediate,95,27,27,45,37,20,84,75,Frontend Developer,51.25
6.45,Beginner,68,37,24,23,25,48,88,53,Mobile App Developer,45.75
7.94,Intermediate,96,43,24,34,47,21,68,85,Frontend Developer,52.25
7.89,Beginner,27,89,54,14,26,30,86,75,Java Developer,50.12
6.29,Intermediate,24,56,46,96,10,50,95,53,AI Engineer,53.75
5.91,Intermediate,45,28,83,68,88,27,48,56,Data Scientist,55.38
6.44,Beginner,94,92,88,21,31,42,63,76,Full Stack Developer,63.38
6.8,Beginner,70,49,42,40,31,48,95,70,Mobile App Developer,55.62
7.61,Intermediate,59,81,86,37,25,41,92,70,Backend Developer,61.38
8.35,Beginner,26,71,68,34,40,81,87,72,Cyber Security Engineer,59.88
8.16,Beginner,31,52,85,87,81,40,46,89,Data Scientist,63.88
7.42,Intermediate,96,58,39,34,15,46,64,82,Frontend Developer,54.25
7.43,Intermediate,87,79,88,28,22,47,70,64,Full Stack Developer,60.62
6.38,Beginner,74,28,45,47,15,20,87,84,Mobile App Developer,50.0
7.51,Beginner,39,55,46,93,93,35,86,85,Machine Learning Engineer,66.5
5.8,Advanced,25,94,74,16,34,35,94,76,Backend Developer,56.0
6.54,Intermediate,36,79,73,20,33,50,84,72,Backend Developer,55.88
8.02,Intermediate,88,58,31,17,14,35,71,65,Mobile App Developer,47.38
7.22,Beginner,43,69,71,21,25,90,51,82,DevOps Engineer,56.5
7.66,Advanced,39,22,46,25,41,37,92,79,Software Engineer,47.62
7.74,Intermediate,82,92,73,28,40,38,40,45,Full Stack Developer,54.75
7.65,Intermediate,90,49,50,18,37,49,65,76,Frontend Developer,54.25
6.94,Intermediate,46,36,80,30,68,39,50,91,Data Analyst,55.0
6.8,Beginner,97,41,56,26,43,44,75,90,Frontend Developer,59.0
6.35,Beginner,90,38,47,34,34,44,74,80,Mobile App Developer,55.12
6.45,Beginner,84,60,34,24,49,34,84,64,Frontend Developer,54.12
8.38,Advanced,28,44,22,38,22,35,83,64,Software Engineer,42.0
6.11,Advanced,57,82,71,29,48,38,92,59,Backend Developer,59.5
9.08,Advanced,55,38,32,29,38,24,100,82,Software Engineer,49.75
7.12,Beginner,57,72,62,22,50,69,82,81,Cyber Security Engineer,61.88
7.16,Intermediate,90,86,86,19,21,42,50,73,Full Stack Developer,58.38
6.87,Intermediate,82,32,32,46,19,30,84,73,Frontend Developer,49.75
6.67,Intermediate,23,79,68,42,45,72,87,60,Cyber Security Engineer,59.5
9.41,Intermediate,28,26,33,14,49,42,86,59,Software Engineer,42.12
7.12,Intermediate,82,29,45,41,16,50,71,53,Frontend Developer,48.38
8.02,Intermediate,29,39,55,22,27,35,90,49,Software Engineer,43.25
5.9,Beginner,60,83,26,57,23,40,98,88,Python Developer,59.38
5.9,Beginner,22,78,75,47,11,77,91,51,Cyber Security Engineer,56.5
5.81,Intermediate,31,76,93,48,25,31,90,81,Backend Developer,59.38
7.05,Intermediate,32,89,59,39,23,44,90,61,Java Developer,54.62
7.95,Advanced,28,83,92,38,10,27,82,46,Backend Developer,50.75
8.08,Intermediate,25,56,48,87,84,35,80,67,Machine Learning Engineer,60.25
8.28,Intermediate,72,83,72,22,39,40,63,61,Full Stack Developer,56.5
7.16,Intermediate,53,81,93,16,32,45,84,66,Backend Developer,58.75
8.33,Beginner,23,55,62,67,85,25,40,58,Data Scientist,51.88
8.39,Intermediate,53,29,27,12,25,20,93,85,Software Engineer,43.0
8.28,Intermediate,40,30,56,75,35,74,89,48,AI Engineer,55.88
5.82,Beginner,40,66,54,20,44,44,83,55,Java Developer,50.75
6.82,Beginner,84,43,56,21,39,24,88,44,Frontend Developer,49.88
6.03,Intermediate,40,40,81,89,100,41,40,43,Data Scientist,59.25
7.03,Intermediate,28,23,43,83,15,53,80,42,AI Engineer,45.88
7.76,Beginner,45,70,49,79,27,21,98,85,Python Developer,59.25
5.68,Intermediate,31,29,46,84,34,69,73,79,AI Engineer,55.62
5.56,Beginner,23,36,91,40,88,41,67,79,Data Analyst,58.12
8.17,Intermediate,31,28,27,14,25,42,97,80,Software Engineer,43.0
6.23,Beginner,51,88,57,18,48,31,83,51,Java Developer,53.38
5.63,Beginner,83,22,59,23,36,38,60,86,Frontend Developer,50.88
8.27,Intermediate,43,75,88,11,40,38,86,54,Backend Developer,54.38
7.02,Advanced,41,93,81,19,28,43,82,43,Backend Developer,53.75
7.48,Beginner,90,78,62,32,48,42,58,42,Full Stack Developer,56.5
8.34,Intermediate,83,22,32,47,13,40,90,79,Frontend Developer,50.75
5.67,Beginner,41,29,78,19,73,37,63,87,Data Analyst,53.38
5.89,Advanced,49,88,81,33,11,37,88,73,Backend Developer,57.5
8.4,Intermediate,44,63,64,32,45,99,43,85,DevOps Engineer,59.38
9.73,Intermediate,21,32,31,86,79,27,90,65,Machine Learning Engineer,53.88
7.83,Intermediate,44,73,28,27,27,43,91,70,Java Developer,50.38
6.85,Intermediate,58,25,45,20,18,90,73,49,Cloud Engineer,47.25
7.55,Beginner,85,43,37,37,26,29,83,68,Frontend Developer,51.0
6.45,Beginner,26,42,59,14,12,87,88,74,Cloud Engineer,50.25
9.51,Advanced,41,33,28,21,34,33,89,79,Software Engineer,44.75
6.93,Intermediate,54,94,91,47,18,26,88,83,Backend Developer,62.62
6.51,Intermediate,49,79,38,12,37,44,77,52,Java Developer,48.5
6.03,Intermediate,28,54,29,42,47,92,86,73,Cloud Engineer,56.38
7.24,Beginner,28,60,48,12,49,85,66,90,Cloud Engineer,54.75
5.8,Intermediate,46,51,77,18,90,25,49,90,Data Analyst,55.75
6.32,Beginner,21,81,45,60,38,38,83,77,Python Developer,55.38
6.12,Intermediate,58,29,84,29,90,39,40,90,Data Analyst,57.38
7.14,Beginner,36,64,78,24,34,99,70,72,DevOps Engineer,59.62
5.63,Intermediate,45,38,80,84,89,50,49,66,Data Scientist,62.62
7.98,Beginner,22,81,81,33,43,61,100,57,Cyber Security Engineer,59.75
6.78,Beginner,87,51,38,23,11,41,78,80,Mobile App Developer,51.12
7.15,Beginner,58,88,82,41,22,68,82,90,Cyber Security Engineer,66.38
9.49,Beginner,38,34,41,94,79,44,81,88,Machine Learning Engineer,62.38
6.4,Intermediate,25,42,48,36,13,95,90,65,Cloud Engineer,51.75
7.13,Beginner,82,29,48,26,34,46,87,49,Mobile App Developer,50.12
7.39,Beginner,21,50,55,47,39,86,89,55,Cloud Engineer,55.25
7.5,Beginner,37,52,73,81,81,36,69,54,Data Scientist,60.38
8.15,Intermediate,38,24,39,25,23,38,84,71,Software Engineer,42.75
6.47,Beginner,50,57,29,13,28,97,85,49,Cloud Engineer,51.0
6.94,Intermediate,45,82,60,37,32,92,64,81,DevOps Engineer,61.62
6.23,Beginner,54,64,31,51,27,30,83,82,Python Developer,52.75
8.37,Intermediate,56,84,33,62,25,35,99,47,Python Developer,55.12
8.33,Beginner,43,66,61,22,49,85,54,49,DevOps Engineer,53.62
6.29,Intermediate,93,29,35,37,42,50,74,52,Frontend Developer,51.5
6.25,Intermediate,91,80,81,26,14,20,48,64,Full Stack Developer,53.0
8.09,Intermediate,63,20,23,47,28,50,95,64,Mobile App Developer,48.75
7.05,Beginner,50,76,36,24,12,29,85,63,Java Developer,46.88
5.69,Beginner,79,60,43,41,12,29,67,58,Frontend Developer,48.62
6.68,Beginner,58,31,63,87,97,27,67,46,Data Scientist,59.5
6.27,Beginner,77,88,77,26,21,27,48,86,Full Stack Developer,56.25
9.58,Intermediate,53,24,54,23,46,48,94,90,Software Engineer,54.0
7.97,Beginner,57,59,34,35,45,86,62,83,Cloud Engineer,57.62
7.89,Intermediate,35,49,78,67,95,33,47,40,Data Scientist,55.5
5.67,Intermediate,33,69,27,45,30,32,99,59,Java Developer,49.25
8.07,Intermediate,74,83,71,48,31,42,51,67,Full Stack Developer,58.38
7.59,Beginner,57,65,56,37,18,84,63,68,DevOps Engineer,56.0
7.96,Beginner,45,46,26,97,95,42,82,89,Machine Learning Engineer,65.25
7.99,Intermediate,28,25,54,89,92,32,90,77,Machine Learning Engineer,60.88
7.55,Advanced,36,83,85,22,41,47,95,60,Backend Developer,58.62
8.46,Intermediate,72,89,69,24,36,50,49,89,Full Stack Developer,59.75
6.17,Intermediate,98,51,23,22,17,48,65,53,Frontend Developer,47.12
8.76,Intermediate,59,59,25,26,44,50,84,88,Software Engineer,54.38
5.81,Intermediate,25,48,33,10,18,92,65,47,Cloud Engineer,42.25
6.2,Intermediate,32,95,71,19,34,44,87,49,Backend Developer,53.88
5.86,Beginner,30,45,99,44,66,36,52,87,Data Analyst,57.38
9.12,Intermediate,56,40,25,26,34,50,96,41,Software Engineer,46.0
6.72,Beginner,39,47,25,10,36,97,79,45,Cloud Engineer,47.25
8.11,Beginner,44,84,56,59,18,21,98,86,Python Developer,58.25
8.04,Intermediate,54,24,55,86,91,48,82,68,Machine Learning Engineer,63.5
8.28,Beginner,39,47,53,100,83,43,85,50,Machine Learning Engineer,62.5
5.65,Beginner,55,46,79,73,90,21,68,40,Data Scientist,59.0
6.37,Beginner,82,21,28,18,37,20,61,59,Frontend Developer,40.75
7.01,Intermediate,80,22,32,32,46,47,89,61,Frontend Developer,51.12
7.82,Beginner,50,70,45,48,17,37,96,64,Java Developer,53.38
7.62,Beginner,34,75,42,35,33,20,84,40,Java Developer,45.38
5.72,Intermediate,36,28,90,81,82,33,65,77,Data Scientist,61.5
6.28,Intermediate,34,88,67,31,41,96,50,45,DevOps Engineer,56.5
6.4,Beginner,21,68,47,58,48,21,84,77,Python Developer,53.0
5.51,Beginner,29,63,62,24,19,61,95,61,Cyber Security Engineer,51.75
5.72,Intermediate,49,23,52,49,16,85,80,69,Cloud Engineer,52.88
8.2,Intermediate,22,39,34,97,41,61,86,75,AI Engineer,56.88
6.17,Beginner,76,47,57,39,23,21,86,88,Frontend Developer,54.62
7.29,Intermediate,39,49,52,44,28,97,74,83,Cloud Engineer,58.25
8.48,Beginner,52,72,69,13,22,81,61,67,DevOps Engineer,54.62
6.71,Beginner,70,92,67,22,47,35,62,61,Full Stack Developer,57.0
7.31,Intermediate,82,25,38,29,33,28,79,52,Frontend Developer,45.75
7.9,Advanced,41,96,75,35,42,32,74,68,Backend Developer,57.88
7.08,Intermediate,53,35,48,99,32,69,75,62,AI Engineer,59.12
7.21,Advanced,53,84,93,43,13,43,89,56,Backend Developer,59.25
6.43,Advanced,23,46,43,92,20,70,83,81,AI Engineer,57.25
8.15,Intermediate,88,74,71,30,31,25,45,69,Full Stack Developer,54.12
8.05,Beginner,23,26,32,98,93,24,90,78,Machine Learning Engineer,58.0
6.49,Beginner,54,62,54,77,38,36,90,78,Python Developer,61.12
8.16,Advanced,40,44,35,78,33,66,75,51,AI Engineer,52.75
8.12,Beginner,53,34,59,34,33,99,79,78,Cloud Engineer,58.62
6.12,Intermediate,43,76,52,25,48,30,89,47,Java Developer,51.25
8.34,Intermediate,24,67,84,33,10,63,89,42,Cyber Security Engineer,51.5
6.3,Beginner,59,89,79,49,14,88,74,70,Cyber Security Engineer,65.25
8.38,Intermediate,72,34,30,31,29,33,77,86,Mobile App Developer,49.0
7.39,Beginner,85,90,64,49,21,41,60,71,Full Stack Developer,60.12
7.79,Intermediate,52,28,31,25,30,97,70,51,Cloud Engineer,48.0
8.32,Beginner,47,55,36,88,86,35,83,47,Machine Learning Engineer,59.62
7.71,Beginner,90,85,86,11,34,33,54,84,Full Stack Developer,59.62
9.09,Beginner,40,26,29,97,80,45,92,60,Machine Learning Engineer,58.62
8.19,Intermediate,87,59,26,36,36,26,87,59,Frontend Developer,52.0
7.84,Intermediate,24,73,51,41,10,26,98,77,Java Developer,50.0
7.04,Beginner,45,33,44,47,11,91,62,81,Cloud Engineer,51.75
8.12,Intermediate,58,57,78,70,87,41,63,72,Data Scientist,65.75
7.34,Intermediate,39,34,22,77,35,68,70,86,AI Engineer,53.88
6.96,Beginner,81,59,36,12,36,39,63,73,Frontend Developer,49.88
7.18,Intermediate,28,61,47,53,22,47,79,46,Python Developer,47.88
7.89,Intermediate,36,67,54,12,44,86,56,59,DevOps Engineer,51.75
7.05,Advanced,59,90,92,26,48,39,80,68,Backend Developer,62.75
6.5,Beginner,48,42,97,32,85,48,52,83,Data Analyst,60.88
8.64,Intermediate,40,47,26,40,45,36,100,52,Software Engineer,48.25
7.13,Beginner,73,52,23,41,48,42,77,80,Mobile App Developer,54.5
8.65,Advanced,49,27,42,26,35,21,96,73,Software Engineer,46.12
7.0,Beginner,53,62,49,73,36,32,92,82,Python Developer,59.88
9.63,Intermediate,36,50,32,95,79,42,90,80,Machine Learning Engineer,63.0
8.9,Intermediate,45,34,28,97,93,48,76,50,Machine Learning Engineer,58.88
5.67,Beginner,24,42,32,29,13,86,89,84,Cloud Engineer,49.88
7.58,Intermediate,91,95,64,45,21,28,54,45,Full Stack Developer,55.38
6.5,Advanced,26,80,75,32,25,29,75,50,Backend Developer,49.0
5.74,Intermediate,31,81,94,50,10,25,75,67,Backend Developer,54.12
6.82,Beginner,29,68,59,29,36,36,90,47,Java Developer,49.25
5.71,Beginner,91,72,69,30,17,50,62,78,Full Stack Developer,58.62
8.36,Intermediate,37,76,80,29,41,96,69,43,DevOps Engineer,58.88
6.05,Intermediate,41,38,34,13,15,92,66,58,Cloud Engineer,44.62
7.24,Intermediate,37,60,64,72,88,36,60,87,Data Scientist,63.0
6.78,Beginner,73,88,69,17,19,47,45,64,Full Stack Developer,52.75
6.65,Beginner,23,32,77,86,80,29,61,81,Data Scientist,58.62
6.62,Beginner,57,77,79,15,26,74,91,56,Cyber Security Engineer,59.38
9.32,Advanced,26,21,51,35,18,41,82,61,Software Engineer,41.88
6.18,Beginner,31,25,31,30,41,94,74,70,Cloud Engineer,49.5
6.79,Beginner,89,60,35,48,25,33,68,67,Frontend Developer,53.12
7.39,Beginner,31,33,87,33,73,50,59,71,Data Analyst,54.62
6.75,Intermediate,45,30,89,16,69,45,41,82,Data Analyst,52.12
9.71,Intermediate,31,54,57,43,37,49,83,70,Software Engineer,53.0
7.75,Intermediate,57,44,46,87,37,56,76,78,AI Engineer,60.12
8.41,Beginner,59,52,97,28,80,29,42,93,Data Analyst,60.0
8.05,Intermediate,47,90,26,46,26,30,76,83,Java Developer,53.0
5.92,Beginner,22,79,58,72,36,23,98,52,Python Developer,55.0
7.01,Beginner,42,21,58,13,46,88,74,68,Cloud Engineer,51.25
7.84,Beginner,56,58,41,100,95,39,91,52,Machine Learning Engineer,66.5
7.31,Intermediate,29,81,73,44,42,43,82,89,Backend Developer,60.38
7.59,Beginner,86,57,31,28,34,21,82,73,Frontend Developer,51.5
7.08,Beginner,60,55,23,12,38,23,89,82,Mobile App Developer,47.75
9.97,Intermediate,27,25,59,93,89,46,86,82,Machine Learning Engineer,63.38
6.94,Intermediate,52,79,85,42,44,81,79,80,Cyber Security Engineer,67.75
8.07,Advanced,39,49,53,29,39,37,94,88,Software Engineer,53.5
8.16,Beginner,24,70,34,12,31,47,90,70,Java Developer,47.25
8.38,Beginner,24,81,41,79,38,20,84,46,Python Developer,51.62
8.0,Intermediate,25,41,24,94,78,28,80,57,Machine Learning Engineer,53.38
8.44,Intermediate,45,25,56,81,13,50,81,66,AI Engineer,52.12
6.71,Intermediate,49,51,28,46,12,89,80,79,Cloud Engineer,54.25
9.47,Beginner,33,36,24,99,78,42,91,53,Machine Learning Engineer,57.0
6.61,Advanced,47,79,71,23,49,30,78,73,Backend Developer,56.25
9.02,Intermediate,32,37,22,88,84,38,85,64,Machine Learning Engineer,56.25
9.16,Intermediate,21,23,58,13,41,20,94,47,Software Engineer,39.62
5.97,Intermediate,37,38,53,85,33,75,72,66,AI Engineer,57.38
6.24,Beginner,32,25,81,88,94,46,69,90,Data Scientist,65.62
6.63,Intermediate,78,71,86,30,25,41,46,49,Full Stack Developer,53.25
5.96,Intermediate,27,66,68,31,11,95,54,75,DevOps Engineer,53.38
8.38,Intermediate,50,27,35,86,30,59,72,47,AI Engineer,50.75
7.09,Beginner,43,63,51,74,12,35,94,42,Python Developer,51.75
8.81,Intermediate,20,58,26,10,28,40,89,45,Software Engineer,39.5
6.4,Beginner,56,67,34,26,11,30,84,56,Java Developer,45.5
7.83,Beginner,90,38,42,25,32,29,84,41,Mobile App Developer,47.62
6.9,Advanced,53,32,48,91,40,58,88,73,AI Engineer,60.38
8.31,Intermediate,75,86,74,50,35,26,67,71,Full Stack Developer,60.5
6.6,Intermediate,39,20,45,20,12,98,81,80,Cloud Engineer,49.38
7.85,Beginner,73,75,65,23,18,50,50,59,Full Stack Developer,51.62
6.66,Beginner,38,60,95,44,66,37,43,78,Data Analyst,57.62
8.48,Advanced,55,21,46,10,50,25,94,74,Software Engineer,46.88
7.23,Intermediate,59,32,34,76,48,61,91,69,AI Engineer,58.75
7.73,Beginner,40,82,67,26,39,80,62,63,DevOps Engineer,57.38
6.69,Intermediate,57,52,73,88,87,44,50,67,Data Scientist,64.75
6.23,Intermediate,50,27,82,47,68,49,66,91,Data Analyst,60.0
5.56,Intermediate,87,78,74,39,26,50,68,49,Full Stack Developer,58.88
6.09,Beginner,83,85,84,15,28,33,49,85,Full Stack Developer,57.75
6.26,Intermediate,40,56,79,12,82,36,69,70,Data Analyst,55.5
7.47,Intermediate,83,89,89,26,27,28,62,53,Full Stack Developer,57.12
6.39,Beginner,48,54,84,30,65,37,56,79,Data Analyst,56.62
8.1,Intermediate,23,50,35,89,93,41,78,67,Machine Learning Engineer,59.5
6.89,Beginner,56,82,79,30,10,85,49,83,DevOps Engineer,59.25
5.96,Intermediate,96,42,42,34,41,25,70,51,Frontend Developer,50.12
6.93,Intermediate,25,84,46,53,27,27,98,71,Python Developer,53.88
6.0,Beginner,77,23,29,35,37,36,72,54,Mobile App Developer,45.38
6.09,Intermediate,79,38,40,14,20,33,81,78,Frontend Developer,47.88
6.56,Intermediate,57,72,63,28,10,90,47,71,DevOps Engineer,54.75
7.66,Intermediate,42,68,27,14,49,20,78,70,Java Developer,46.0
9.68,Advanced,41,49,54,15,28,22,94,50,Software Engineer,44.12
7.66,Beginner,23,76,23,59,24,38,77,41,Python Developer,45.12
8.43,Beginner,42,47,36,34,50,95,65,84,Cloud Engineer,56.62
8.4,Intermediate,34,87,93,34,49,36,90,78,Backend Developer,62.62
8.35,Intermediate,57,24,40,16,49,27,81,50,Software Engineer,43.0
5.82,Intermediate,79,30,54,28,31,25,70,47,Mobile App Developer,45.5
7.34,Beginner,25,69,46,23,15,33,76,59,Java Developer,43.25
6.56,Beginner,92,28,26,23,24,21,84,55,Frontend Developer,44.12
9.16,Intermediate,51,26,40,32,30,34,92,76,Software Engineer,47.62
5.99,Beginner,50,28,71,90,82,27,49,71,Data Scientist,58.5
6.25,Beginner,36,75,80,29,32,61,81,56,Cyber Security Engineer,56.25
7.06,Intermediate,40,30,100,22,72,41,69,90,Data Analyst,58.0
8.32,Intermediate,27,50,88,36,90,38,45,73,Data Analyst,55.88
5.51,Intermediate,47,60,57,43,14,97,87,86,Cloud Engineer,61.38
7.62,Advanced,55,32,51,82,32,79,74,78,AI Engineer,60.38
8.92,Advanced,29,59,22,25,41,33,91,42,Software Engineer,42.75
6.12,Beginner,20,34,99,45,71,42,70,87,Data Analyst,58.5
8.07,Intermediate,76,34,43,18,49,28,80,70,Frontend Developer,49.75
6.25,Intermediate,38,78,67,44,36,93,51,48,DevOps Engineer,56.88
5.88,Beginner,79,22,30,18,17,31,64,57,Frontend Developer,39.75
6.37,Beginner,89,45,28,22,37,37,82,41,Frontend Developer,47.62
8.82,Advanced,30,54,25,41,44,34,86,78,Software Engineer,49.0
7.78,Intermediate,49,23,66,86,99,23,55,89,Data Scientist,61.25
6.36,Beginner,49,64,66,11,23,69,95,63,Cyber Security Engineer,55.0
8.26,Intermediate,75,71,73,30,38,40,60,84,Full Stack Developer,58.88
5.83,Intermediate,38,82,75,41,38,20,78,69,Backend Developer,55.12
7.44,Beginner,52,38,88,21,74,35,40,73,Data Analyst,52.62
8.49,Intermediate,42,36,24,87,76,25,92,87,Machine Learning Engineer,58.62
7.9,Advanced,28,93,74,30,15,22,87,78,Backend Developer,53.38
9.79,Intermediate,58,58,50,87,76,23,77,60,Machine Learning Engineer,61.12
5.74,Beginner,21,83,33,57,37,46,77,49,Python Developer,50.38
7.81,Intermediate,59,38,41,37,38,30,84,61,Software Engineer,48.5
8.36,Beginner,20,74,55,16,22,86,54,86,DevOps Engineer,51.62
6.4,Intermediate,37,22,100,20,78,46,44,90,Data Analyst,54.62
7.14,Beginner,76,72,80,14,11,42,51,52,Full Stack Developer,49.75
6.29,Intermediate,33,77,85,20,17,80,82,88,Cyber Security Engineer,60.25
6.84,Intermediate,46,62,42,65,36,50,90,44,Python Developer,54.38
7.15,Intermediate,73,79,64,44,35,27,66,42,Full Stack Developer,53.75
8.14,Intermediate,37,66,75,24,26,89,51,86,DevOps Engineer,56.75
8.2,Beginner,89,22,60,37,30,32,76,66,Mobile App Developer,51.5
7.78,Intermediate,60,74,70,50,23,60,82,90,Cyber Security Engineer,63.62
5.55,Intermediate,57,70,39,63,36,31,95,69,Python Developer,57.5
7.68,Intermediate,58,87,24,32,34,47,85,78,Java Developer,55.62
6.83,Beginner,34,39,100,17,90,36,59,72,Data Analyst,55.88
5.51,Beginner,40,47,72,72,94,27,41,78,Data Scientist,58.88
8.33,Advanced,50,24,30,37,24,49,88,70,Software Engineer,46.5
7.53,Intermediate,33,52,28,43,46,32,85,88,Software Engineer,50.88
8.32,Beginner,21,78,56,42,47,94,52,40,DevOps Engineer,53.75
7.44,Advanced,51,80,94,40,45,36,83,72,Backend Developer,62.62
6.61,Intermediate,90,45,44,22,19,49,79,84,Mobile App Developer,54.0
7.22,Beginner,67,29,42,46,26,22,91,75,Mobile App Developer,49.75
8.28,Intermediate,54,30,40,88,81,39,76,87,Machine Learning Engineer,61.88
8.34,Beginner,26,83,39,46,48,28,86,48,Java Developer,50.5
5.71,Beginner,58,53,71,84,88,31,59,53,Data Scientist,62.12
6.68,Intermediate,57,82,73,46,41,29,78,66,Backend Developer,59.0
8.01,Intermediate,33,35,25,47,29,36,89,55,Software Engineer,43.62
6.02,Intermediate,47,22,73,67,92,21,67,68,Data Scientist,57.12
7.91,Intermediate,38,82,37,55,48,20,93,81,Python Developer,56.75
7.5,Beginner,96,42,31,29,44,36,71,55,Frontend Developer,50.5
6.41,Beginner,48,88,82,41,36,74,84,46,Cyber Security Engineer,62.38
7.03,Intermediate,59,67,48,59,37,44,90,73,Python Developer,59.62
7.57,Beginner,36,67,32,75,42,30,78,66,Python Developer,53.25
7.93,Beginner,30,47,53,49,42,85,76,85,Cloud Engineer,58.38
5.83,Intermediate,86,55,33,21,22,20,74,81,Frontend Developer,49.0
9.36,Intermediate,25,42,28,36,24,28,91,60,Software Engineer,41.75
7.7,Beginner,24,21,93,26,83,49,43,91,Data Analyst,53.75
7.97,Beginner,92,91,87,45,20,23,49,90,Full Stack Developer,62.12
9.03,Beginner,26,48,48,96,86,32,78,70,Machine Learning Engineer,60.5
5.53,Beginner,48,24,79,77,99,22,56,64,Data Scientist,58.62
7.94,Beginner,22,33,69,90,92,50,54,75,Data Scientist,60.62
5.97,Beginner,57,65,52,21,48,44,75,60,Java Developer,52.75
7.19,Intermediate,26,85,90,25,45,78,73,53,Cyber Security Engineer,59.38
7.98,Intermediate,59,84,58,23,37,28,87,83,Java Developer,57.38
9.03,Advanced,47,40,57,32,48,20,93,70,Software Engineer,50.88
6.13,Intermediate,44,54,76,28,70,25,50,85,Data Analyst,54.0
9.17,Advanced,51,25,51,19,48,27,95,44,Software Engineer,45.0
6.22,Beginner,42,65,61,16,28,80,61,62,DevOps Engineer,51.88
7.15,Intermediate,81,46,24,50,14,35,74,85,Mobile App Developer,51.12
5.75,Intermediate,22,40,94,45,71,28,49,78,Data Analyst,53.38
6.35,Beginner,87,36,25,35,34,29,74,59,Mobile App Developer,47.38
5.94,Intermediate,44,40,98,14,89,33,59,82,Data Analyst,57.38
7.93,Beginner,59,80,74,24,43,73,93,83,Cyber Security Engineer,66.12
8.48,Intermediate,26,35,22,12,43,85,64,72,Cloud Engineer,44.88
7.14,Intermediate,52,73,79,46,25,73,95,53,Cyber Security Engineer,62.0
8.2,Intermediate,76,25,31,47,31,41,68,80,Frontend Developer,49.88
5.64,Beginner,20,26,86,13,72,23,65,77,Data Analyst,47.75
9.03,Intermediate,22,34,20,50,48,32,90,71,Software Engineer,45.88
7.86,Beginner,98,37,20,34,16,41,70,60,Frontend Developer,47.0
5.61,Beginner,60,85,59,17,39,20,86,45,Java Developer,51.38
6.82,Beginner,32,69,40,72,45,22,90,74,Python Developer,55.5
8.04,Intermediate,64,36,48,50,17,46,76,72,Mobile App Developer,51.12
7.99,Intermediate,24,79,74,44,33,44,91,53,Backend Developer,55.25
5.92,Intermediate,22,75,71,42,20,89,63,71,DevOps Engineer,56.62
5.76,Intermediate,33,100,87,13,29,49,82,42,Backend Developer,54.38
7.65,Beginner,24,60,64,86,88,42,45,55,Data Scientist,58.0
7.7,Beginner,48,39,30,32,42,90,90,73,Cloud Engineer,55.5
7.46,Beginner,80,82,81,33,29,43,46,50,Full Stack Developer,55.5
9.04,Advanced,56,60,31,29,39,20,94,85,Software Engineer,51.75
8.35,Intermediate,40,35,47,50,33,91,71,65,Cloud Engineer,54.0
6.19,Intermediate,60,51,39,31,21,99,62,73,Cloud Engineer,54.5
6.13,Intermediate,41,77,60,27,36,47,88,90,Java Developer,58.25
5.52,Intermediate,24,20,31,91,26,78,75,90,AI Engineer,54.38
6.53,Beginner,51,87,57,17,36,99,56,73,DevOps Engineer,59.5
6.27,Intermediate,23,60,92,48,82,25,67,89,Data Analyst,60.75
7.85,Beginner,56,86,59,61,23,27,93,78,Python Developer,60.38
6.67,Intermediate,49,36,90,44,88,30,70,91,Data Analyst,62.25
5.82,Beginner,46,56,75,12,90,35,69,77,Data Analyst,57.5
6.08,Intermediate,33,81,86,47,50,87,91,53,Cyber Security Engineer,66.0
5.94,Beginner,34,72,29,43,46,29,91,83,Java Developer,53.38
5.9,Intermediate,44,65,80,44,24,91,57,57,DevOps Engineer,57.75
8.35,Intermediate,36,25,45,24,19,22,90,90,Software Engineer,43.88
5.5,Intermediate,48,87,47,78,42,48,77,82,Python Developer,63.62
5.56,Beginner,86,80,84,38,19,44,68,48,Full Stack Developer,58.38
9.27,Intermediate,39,30,51,49,17,41,83,54,Software Engineer,45.5
7.98,Intermediate,84,24,47,30,13,46,70,53,Frontend Developer,45.88
8.63,Beginner,37,21,27,88,81,45,87,78,Machine Learning Engineer,58.0
9.63,Advanced,41,45,31,24,32,38,83,56,Software Engineer,43.75
6.16,Beginner,88,24,52,18,38,40,71,48,Frontend Developer,47.38
5.57,Intermediate,39,40,76,40,85,43,66,70,Data Analyst,57.38
8.96,Intermediate,23,21,28,32,30,42,85,62,Software Engineer,40.38
6.09,Beginner,54,86,56,67,29,39,90,85,Python Developer,63.25
5.63,Advanced,29,36,45,77,34,74,93,63,AI Engineer,56.38
8.48,Intermediate,35,90,71,30,36,39,95,58,Backend Developer,56.75
6.64,Beginner,46,68,90,48,46,84,81,48,Cyber Security Engineer,63.88
6.18,Intermediate,49,70,55,45,13,33,85,63,Java Developer,51.62
7.92,Intermediate,77,21,58,19,22,38,60,84,Frontend Developer,47.38
5.62,Intermediate,83,39,56,31,33,46,77,87,Frontend Developer,56.5
8.09,Intermediate,22,23,63,74,86,32,42,49,Data Scientist,48.88
7.74,Intermediate,55,81,94,10,48,39,91,73,Backend Developer,61.38
8.42,Intermediate,32,77,28,10,36,40,83,52,Java Developer,44.75
5.78,Intermediate,76,54,38,43,24,23,93,72,Mobile App Developer,52.88
7.1,Beginner,41,80,64,39,20,94,66,61,DevOps Engineer,58.12
8.81,Intermediate,35,58,43,93,82,50,83,53,Machine Learning Engineer,62.12
8.77,Advanced,32,33,47,37,36,20,88,61,Software Engineer,44.25
8.14,Beginner,47,73,42,73,48,27,75,69,Python Developer,56.75
6.2,Beginner,38,35,32,46,21,90,66,85,Cloud Engineer,51.62
7.54,Advanced,31,95,94,14,13,25,75,75,Backend Developer,52.75
7.73,Intermediate,36,73,87,42,33,62,82,69,Cyber Security Engineer,60.5
6.52,Beginner,38,21,57,47,35,94,69,43,Cloud Engineer,50.5
8.32,Beginner,59,61,27,56,13,47,83,60,Python Developer,50.75
6.0,Intermediate,48,51,84,25,78,21,44,90,Data Analyst,55.12
5.86,Advanced,47,76,91,28,19,28,88,83,Backend Developer,57.5
7.31,Intermediate,60,33,23,11,29,49,89,49,Mobile App Developer,42.88
5.79,Intermediate,60,43,85,26,81,46,48,83,Data Analyst,59.0
7.91,Beginner,32,78,76,21,33,69,96,82,Cyber Security Engineer,60.88
6.86,Advanced,30,78,92,10,33,27,93,70,Backend Developer,54.12
7.84,Intermediate,31,55,47,94,25,66,70,73,AI Engineer,57.62
5.57,Intermediate,37,75,80,50,50,22,91,59,Backend Developer,58.0
7.33,Intermediate,45,42,65,69,93,21,46,64,Data Scientist,55.62
7.99,Intermediate,47,22,27,15,18,29,100,72,Software Engineer,41.25
7.75,Beginner,54,43,75,21,90,50,55,75,Data Analyst,57.88
7.3,Intermediate,73,82,74,42,16,34,62,74,Full Stack Developer,57.12
9.6,Advanced,34,31,37,27,29,30,93,53,Software Engineer,41.75
6.7,Intermediate,36,50,98,48,78,49,65,78,Data Analyst,62.75
7.04,Intermediate,32,68,28,56,47,22,86,64,Python Developer,50.38
7.76,Beginner,25,45,80,67,87,50,58,56,Data Scientist,58.5
6.29,Beginner,33,20,86,76,85,26,53,64,Data Scientist,55.38
8.1,Intermediate,57,75,69,19,37,74,92,66,Cyber Security Engineer,61.12
6.13,Beginner,89,42,58,35,17,46,94,62,Mobile App Developer,55.38
5.89,Intermediate,90,60,25,33,31,42,87,63,Frontend Developer,53.88
8.03,Intermediate,71,31,35,22,34,28,86,79,Mobile App Developer,48.25
5.64,Intermediate,59,49,84,75,90,45,47,47,Data Scientist,62.0
7.11,Intermediate,41,67,50,72,47,26,85,86,Python Developer,59.25
7.74,Intermediate,78,32,59,45,19,20,94,51,Mobile App Developer,49.75
5.51,Intermediate,47,72,28,49,22,37,94,66,Java Developer,51.88
6.4,Intermediate,57,56,88,69,89,33,45,42,Data Scientist,59.88
6.66,Advanced,27,46,28,100,18,59,74,54,AI Engineer,50.75
8.67,Advanced,37,33,26,10,22,29,91,87,Software Engineer,41.88
6.16,Advanced,41,27,47,90,37,71,93,87,AI Engineer,61.62
7.55,Intermediate,50,56,60,75,50,77,72,53,AI Engineer,61.62
7.52,Advanced,50,31,21,47,37,49,96,68,Software Engineer,49.88
6.65,Intermediate,42,68,77,14,22,91,62,87,DevOps Engineer,57.88
7.46,Intermediate,22,22,43,33,37,99,80,48,Cloud Engineer,48.0
7.81,Intermediate,34,85,24,24,12,24,85,44,Java Developer,41.5
6.35,Intermediate,43,22,22,90,43,55,84,45,AI Engineer,50.5
6.63,Beginner,25,80,28,58,39,30,88,88,Python Developer,54.5
7.56,Beginner,54,46,21,91,90,24,90,43,Machine Learning Engineer,57.38
6.71,Intermediate,35,85,72,14,21,81,60,88,DevOps Engineer,57.0
6.8,Intermediate,57,90,68,11,47,64,82,85,Cyber Security Engineer,63.0
7.54,Intermediate,39,48,85,50,73,45,40,82,Data Analyst,57.75
7.87,Advanced,49,93,75,34,13,33,81,51,Backend Developer,53.62
9.8,Intermediate,31,33,21,98,86,38,75,53,Machine Learning Engineer,54.38
5.69,Beginner,40,53,81,31,72,48,40,86,Data Analyst,56.38
7.01,Intermediate,82,84,68,29,23,49,52,69,Full Stack Developer,57.0
7.21,Intermediate,57,66,59,38,30,92,63,47,DevOps Engineer,56.5
5.84,Beginner,52,81,71,27,38,84,58,69,DevOps Engineer,60.0
5.73,Intermediate,92,52,24,37,30,46,61,46,Frontend Developer,48.5
6.31,Beginner,49,68,84,49,38,71,78,42,Cyber Security Engineer,59.88
7.53,Beginner,97,41,53,40,41,43,77,83,Frontend Developer,59.38
7.91,Intermediate,89,31,31,15,40,43,79,55,Frontend Developer,47.88
5.66,Intermediate,62,27,47,13,14,27,92,70,Mobile App Developer,44.0
5.75,Intermediate,54,49,48,96,25,70,72,55,AI Engineer,58.62
8.3,Beginner,23,90,75,18,48,64,70,58,Cyber Security Engineer,55.75
5.92,Beginner,38,83,21,67,41,47,89,81,Python Developer,58.38
6.1,Intermediate,24,21,73,74,88,38,59,88,Data Scientist,58.12
6.05,Intermediate,32,38,85,15,66,41,67,92,Data Analyst,54.5
8.49,Advanced,50,34,36,18,42,31,94,87,Software Engineer,49.0
5.64,Beginner,45,67,21,47,19,42,87,88,Java Developer,52.0
6.51,Intermediate,30,88,38,11,10,42,94,72,Java Developer,48.12
6.78,Intermediate,38,66,90,42,16,80,100,73,Cyber Security Engineer,63.12
6.82,Intermediate,41,75,40,15,31,25,78,67,Java Developer,46.5
9.58,Beginner,35,58,44,89,82,35,82,85,Machine Learning Engineer,63.75
7.26,Beginner,32,60,75,85,96,31,45,85,Data Scientist,63.62
7.64,Beginner,75,33,44,28,26,31,81,86,Frontend Developer,50.5
7.03,Intermediate,60,87,22,56,17,23,99,64,Python Developer,53.5
6.08,Beginner,86,80,71,29,15,22,57,56,Full Stack Developer,52.0
5.92,Intermediate,41,46,74,89,86,38,55,41,Data Scientist,58.75
5.5,Advanced,27,80,70,40,45,25,75,80,Backend Developer,55.25
7.99,Intermediate,32,22,47,43,40,47,89,87,Software Engineer,50.88
8.53,Advanced,50,35,22,13,42,36,91,47,Software Engineer,42.0
7.41,Intermediate,77,75,60,29,22,20,40,55,Full Stack Developer,47.25
6.82,Intermediate,27,63,73,16,19,91,46,63,DevOps Engineer,49.75
6.03,Intermediate,49,66,59,20,34,20,84,70,Java Developer,50.25
5.72,Intermediate,23,34,23,49,44,89,82,61,Cloud Engineer,50.62
6.2,Beginner,21,76,69,10,11,89,59,83,DevOps Engineer,52.25
6.06,Beginner,81,60,54,43,18,33,83,43,Frontend Developer,51.88
9.77,Advanced,54,26,22,28,38,42,80,54,Software Engineer,43.0
6.91,Beginner,81,24,31,41,33,43,94,68,Mobile App Developer,51.88
5.97,Beginner,68,56,48,20,35,31,87,48,Mobile App Developer,49.12
6.84,Beginner,76,32,22,16,18,33,82,84,Mobile App Developer,45.38
6.72,Beginner,37,73,84,39,37,83,98,63,Cyber Security Engineer,64.25
7.44,Beginner,45,21,77,81,81,35,55,84,Data Scientist,59.88
6.45,Beginner,29,80,55,35,43,98,54,73,DevOps Engineer,58.38
8.59,Intermediate,40,27,21,99,81,24,95,89,Machine Learning Engineer,59.5
7.36,Beginner,56,77,35,34,25,40,89,52,Java Developer,51.0
7.37,Beginner,97,21,33,49,44,32,73,87,Frontend Developer,54.5
5.89,Advanced,20,81,94,48,17,21,82,86,Backend Developer,56.12
6.23,Beginner,76,75,65,11,33,46,40,75,Full Stack Developer,52.62
9.14,Intermediate,34,41,36,89,91,43,79,56,Machine Learning Engineer,58.62
5.6,Intermediate,45,89,23,50,44,36,78,40,Python Developer,50.62
6.32,Beginner,25,65,73,37,33,95,47,44,DevOps Engineer,52.38
7.57,Intermediate,55,82,71,47,30,22,78,50,Backend Developer,54.38
7.74,Intermediate,43,54,37,21,22,87,87,89,Cloud Engineer,55.0
7.61,Beginner,58,66,76,10,33,92,40,84,DevOps Engineer,57.38
7.14,Intermediate,35,74,59,26,45,98,64,55,DevOps Engineer,57.0
5.86,Beginner,76,83,90,17,19,50,56,45,Full Stack Developer,54.5
8.71,Intermediate,24,47,29,86,81,42,79,86,Machine Learning Engineer,59.25
5.88,Intermediate,28,61,30,77,21,26,93,84,Python Developer,52.5
9.27,Advanced,22,31,48,16,19,38,96,72,Software Engineer,42.75
8.44,Beginner,42,85,35,22,20,28,91,85,Java Developer,51.0
8.18,Intermediate,33,55,32,80,44,66,92,83,AI Engineer,60.62
9.1,Beginner,58,52,27,92,92,23,92,48,Machine Learning Engineer,60.5
6.14,Advanced,57,80,73,48,35,43,85,45,Backend Developer,58.25
9.63,Advanced,37,24,56,12,34,22,99,85,Software Engineer,46.12
5.83,Beginner,20,81,56,69,19,39,93,87,Python Developer,58.0
7.85,Beginner,38,86,68,23,49,72,71,62,Cyber Security Engineer,58.62
7.03,Beginner,21,27,70,65,81,45,61,44,Data Scientist,51.75
8.39,Intermediate,38,40,29,20,23,40,99,59,Software Engineer,43.5
7.51,Beginner,20,49,90,42,65,42,55,74,Data Analyst,54.62
7.84,Intermediate,33,70,79,44,17,95,57,47,DevOps Engineer,55.25
6.48,Beginner,80,86,73,33,49,29,51,67,Full Stack Developer,58.5
7.19,Intermediate,64,38,38,16,10,38,84,67,Mobile App Developer,44.38
8.98,Beginner,40,41,56,86,93,39,95,66,Machine Learning Engineer,64.5
7.46,Intermediate,51,62,43,54,39,49,96,61,Python Developer,56.88
6.07,Intermediate,32,48,86,74,86,46,67,63,Data Scientist,62.75
7.99,Advanced,28,57,46,29,16,30,84,69,Software Engineer,44.88
6.52,Advanced,29,43,26,90,49,58,83,81,AI Engineer,57.38
7.64,Beginner,87,24,31,19,12,27,63,50,Frontend Developer,39.12
7.98,Beginner,72,28,50,23,17,50,77,86,Mobile App Developer,50.38
6.57,Intermediate,53,56,54,26,14,92,84,46,Cloud Engineer,53.12
6.81,Intermediate,51,86,20,75,28,32,76,40,Python Developer,51.0
7.98,Beginner,90,83,90,42,21,43,42,76,Full Stack Developer,60.88
6.06,Beginner,24,65,62,32,33,83,83,72,Cyber Security Engineer,56.75
8.41,Intermediate,49,38,45,14,40,40,82,49,Software Engineer,44.62
6.03,Intermediate,30,47,78,79,95,27,64,53,Data Scientist,59.12
7.4,Intermediate,92,74,74,31,25,43,70,51,Full Stack Developer,57.5
7.04,Beginner,33,46,60,48,37,95,88,58,Cloud Engineer,58.12
7.78,Beginner,27,62,77,39,50,95,47,46,DevOps Engineer,55.38
5.84,Intermediate,35,95,80,12,17,25,74,69,Backend Developer,50.88
8.18,Intermediate,26,58,29,33,36,89,89,47,Cloud Engineer,50.88
7.04,Beginner,54,85,37,40,33,36,89,84,Java Developer,57.25
7.21,Intermediate,41,35,89,39,68,42,59,73,Data Analyst,55.75
8.8,Beginner,25,39,57,100,92,44,88,49,Machine Learning Engineer,61.75
7.89,Intermediate,23,70,80,42,43,95,61,69,DevOps Engineer,60.38
6.4,Beginner,73,70,61,33,38,34,41,69,Full Stack Developer,52.38
8.09,Intermediate,52,67,44,71,46,28,81,68,Python Developer,57.12
7.67,Beginner,54,42,89,10,86,28,69,93,Data Analyst,58.88
7.53,Intermediate,37,27,37,26,49,87,66,45,Cloud Engineer,46.75
8.24,Intermediate,54,56,37,37,22,38,97,43,Software Engineer,48.0
8.28,Intermediate,45,38,52,89,90,49,78,44,Machine Learning Engineer,60.62
7.47,Beginner,24,70,53,15,24,98,54,57,DevOps Engineer,49.38
8.16,Intermediate,30,70,23,59,35,28,76,70,Python Developer,48.88
6.81,Intermediate,43,38,74,89,95,48,56,47,Data Scientist,61.25
7.98,Advanced,30,75,70,17,32,47,75,60,Backend Developer,50.75
7.92,Advanced,28,33,60,18,45,22,97,69,Software Engineer,46.5
7.11,Intermediate,78,34,36,25,14,34,74,76,Mobile App Developer,46.38
6.08,Beginner,77,94,74,16,35,21,55,49,Full Stack Developer,52.62
5.98,Intermediate,53,96,70,22,16,42,81,65,Backend Developer,55.62
8.46,Beginner,78,44,44,19,23,37,70,59,Frontend Developer,46.75
7.93,Advanced,32,32,60,86,40,68,73,89,AI Engineer,60.0
8.42,Intermediate,21,31,22,76,18,70,91,65,AI Engineer,49.25
7.78,Intermediate,57,85,94,30,17,25,80,55,Backend Developer,55.38
7.9,Beginner,60,80,74,15,46,89,62,57,DevOps Engineer,60.38
6.98,Intermediate,81,20,33,23,45,30,87,48,Frontend Developer,45.88
8.57,Intermediate,48,28,26,89,94,31,80,47,Machine Learning Engineer,55.38
6.17,Beginner,88,87,74,29,20,36,40,52,Full Stack Developer,53.25
6.67,Intermediate,37,54,89,82,93,28,54,88,Data Scientist,65.62
6.17,Intermediate,43,64,20,55,33,34,85,62,Python Developer,49.5
7.87,Intermediate,36,60,62,40,27,89,77,44,Cyber Security Engineer,54.38
6.12,Advanced,26,26,59,79,19,51,84,52,AI Engineer,49.5
8.92,Advanced,37,24,49,46,37,47,89,62,Software Engineer,48.88
7.33,Beginner,85,37,27,42,21,47,80,89,Mobile App Developer,53.5
6.7,Advanced,26,99,95,14,20,36,88,44,Backend Developer,52.75
5.8,Intermediate,57,86,71,39,18,83,64,80,DevOps Engineer,62.25
8.26,Beginner,23,71,59,34,19,97,61,67,DevOps Engineer,53.88
7.13,Intermediate,84,85,81,47,28,24,48,86,Full Stack Developer,60.38
8.31,Beginner,46,24,76,83,81,43,58,90,Data Scientist,62.62
8.29,Beginner,72,88,90,17,18,26,64,79,Full Stack Developer,56.75
8.01,Beginner,29,59,90,32,87,31,68,72,Data Analyst,58.5
5.73,Intermediate,20,87,68,30,17,64,94,83,Cyber Security Engineer,57.88
8.4,Intermediate,26,27,54,26,12,30,100,89,Software Engineer,45.5
7.29,Intermediate,44,88,91,49,22,48,89,78,Backend Developer,63.62
7.15,Beginner,21,60,52,37,23,90,66,84,Cloud Engineer,54.12
6.73,Intermediate,86,26,45,13,28,26,73,45,Frontend Developer,42.75
6.73,Intermediate,39,64,54,15,14,95,67,78,DevOps Engineer,53.25
5.92,Beginner,89,58,58,35,46,27,87,89,Frontend Developer,61.12
5.53,Intermediate,25,84,73,50,21,77,77,80,Cyber Security Engineer,60.88
7.38,Beginner,53,90,34,48,34,22,91,48,Java Developer,52.5
8.4,Intermediate,76,24,31,15,40,42,91,90,Mobile App Developer,51.12
7.26,Advanced,59,86,84,44,38,39,71,82,Backend Developer,62.88
9.02,Intermediate,42,42,22,18,35,39,88,49,Software Engineer,41.88
7.76,Intermediate,78,27,27,45,23,44,95,70,Mobile App Developer,51.12
6.05,Intermediate,27,22,79,10,86,47,55,73,Data Analyst,49.88
5.91,Beginner,45,34,83,72,83,50,67,66,Data Scientist,62.5
5.73,Intermediate,78,56,29,38,36,45,72,64,Mobile App Developer,52.25
7.64,Advanced,48,46,58,76,19,54,74,48,AI Engineer,52.88
6.37,Intermediate,26,60,46,75,13,79,70,57,AI Engineer,53.25
7.75,Intermediate,71,26,26,12,15,44,91,44,Mobile App Developer,41.12
7.1,Beginner,22,74,39,71,26,32,80,81,Python Developer,53.12
7.25,Intermediate,29,41,84,75,81,43,49,69,Data Scientist,58.88
6.32,Intermediate,41,25,42,87,47,50,81,90,AI Engineer,57.88
7.42,Beginner,23,86,34,62,14,37,100,83,Python Developer,54.88
6.22,Intermediate,57,97,87,40,20,44,74,52,Backend Developer,58.88
6.6,Beginner,38,31,90,73,95,46,54,49,Data Scientist,59.5
7.44,Intermediate,49,55,33,83,14,80,92,75,AI Engineer,60.12
7.65,Beginner,56,30,21,44,47,86,89,51,Cloud Engineer,53.0
6.61,Beginner,83,92,84,27,32,25,42,56,Full Stack Developer,55.12
8.12,Intermediate,58,32,55,33,18,97,69,80,Cloud Engineer,55.25
7.54,Beginner,30,37,76,32,90,35,64,70,Data Analyst,54.25
7.67,Intermediate,27,56,44,25,48,37,81,67,Software Engineer,48.12
7.65,Intermediate,37,90,91,19,16,41,88,90,Backend Developer,59.0
8.61,Beginner,53,47,39,85,91,37,95,62,Machine Learning Engineer,63.62
7.79,Advanced,28,81,89,16,42,26,83,77,Backend Developer,55.25
6.53,Advanced,52,58,56,83,15,75,94,59,AI Engineer,61.5
8.21,Intermediate,31,38,41,47,16,99,68,56,Cloud Engineer,49.5
6.42,Advanced,35,80,91,27,41,34,93,63,Backend Developer,58.0
6.29,Intermediate,56,50,73,81,87,29,54,78,Data Scientist,63.5
5.83,Intermediate,60,34,55,14,42,29,95,63,Mobile App Developer,49.0
6.73,Intermediate,53,23,78,73,91,33,40,60,Data Scientist,56.38
8.62,Intermediate,37,50,58,11,34,20,86,86,Software Engineer,47.75
5.63,Beginner,47,40,89,12,86,23,62,87,Data Analyst,55.75
7.39,Intermediate,38,24,32,86,14,60,95,72,AI Engineer,52.62
6.56,Intermediate,27,78,65,17,21,68,90,81,Cyber Security Engineer,55.88
6.99,Beginner,81,60,24,43,32,33,78,64,Mobile App Developer,51.88
7.88,Intermediate,58,24,91,17,83,24,41,94,Data Analyst,54.0
7.06,Beginner,31,82,46,42,38,26,75,62,Java Developer,50.25
7.35,Intermediate,95,74,68,26,27,24,46,82,Full Stack Developer,55.25
7.47,Beginner,23,70,51,33,21,100,60,49,DevOps Engineer,50.88
5.67,Beginner,49,66,59,45,15,20,76,87,Java Developer,52.12
8.41,Intermediate,25,88,82,14,20,84,70,43,Cyber Security Engineer,53.25
6.37,Intermediate,83,24,60,34,25,50,84,62,Mobile App Developer,52.75
6.71,Beginner,59,48,21,38,33,91,82,54,Cloud Engineer,53.25
8.44,Intermediate,42,29,42,94,82,50,81,61,Machine Learning Engineer,60.12
5.63,Intermediate,53,85,57,46,12,92,54,43,DevOps Engineer,55.25
6.45,Intermediate,50,67,59,42,43,28,84,84,Java Developer,57.12
5.58,Intermediate,45,36,77,15,72,25,44,92,Data Analyst,50.75
6.08,Intermediate,28,38,42,47,48,98,78,70,Cloud Engineer,56.12
6.47,Beginner,97,33,47,48,12,50,67,48,Frontend Developer,50.25
6.64,Beginner,36,63,21,69,43,29,85,64,Python Developer,51.25
8.71,Advanced,59,38,27,27,34,49,100,54,Software Engineer,48.5
7.82,Intermediate,92,53,53,28,29,42,70,63,Frontend Developer,53.75
5.6,Beginner,27,66,45,77,17,29,96,71,Python Developer,53.5
5.8,Beginner,56,78,27,52,21,33,77,61,Python Developer,50.62
7.01,Intermediate,24,78,88,47,24,78,98,52,Cyber Security Engineer,61.12
7.23,Intermediate,53,88,43,38,34,34,87,87,Java Developer,58.0
7.75,Intermediate,34,26,83,12,71,39,65,89,Data Analyst,52.38
7.72,Intermediate,81,41,34,38,23,48,79,58,Frontend Developer,50.25
6.19,Beginner,50,74,50,59,39,21,84,40,Python Developer,52.12
5.58,Intermediate,29,22,48,83,15,62,89,70,AI Engineer,52.25
9.28,Beginner,29,29,22,88,86,29,84,81,Machine Learning Engineer,56.0
5.84,Beginner,71,92,65,10,15,37,64,80,Full Stack Developer,54.25
8.02,Intermediate,24,77,57,44,25,28,93,56,Java Developer,50.5
6.08,Beginner,34,65,61,19,11,64,74,45,Cyber Security Engineer,46.62
7.81,Beginner,77,27,34,29,46,49,76,81,Frontend Developer,52.38
7.84,Beginner,83,70,73,39,20,42,60,88,Full Stack Developer,59.38
7.79,Intermediate,56,25,93,14,76,20,52,91,Data Analyst,53.38
5.71,Intermediate,37,20,50,38,35,93,70,71,Cloud Engineer,51.75
6.05,Advanced,58,52,25,77,49,65,75,58,AI Engineer,57.38
5.87,Beginner,43,47,99,19,90,24,54,83,Data Analyst,57.38
8.45,Intermediate,60,51,89,15,83,50,68,83,Data Analyst,62.38
8.21,Advanced,26,93,90,19,49,49,94,67,Backend Developer,60.88
8.31,Beginner,33,40,75,35,87,29,42,78,Data Analyst,52.38
5.84,Beginner,59,82,65,35,47,79,93,59,Cyber Security Engineer,64.88
6.59,Intermediate,53,71,66,11,35,77,76,46,Cyber Security Engineer,54.38
8.34,Intermediate,36,44,47,96,82,25,95,61,Machine Learning Engineer,60.75
6.91,Intermediate,83,44,39,31,22,32,75,87,Mobile App Developer,51.62
9.72,Beginner,54,21,59,97,82,39,95,56,Machine Learning Engineer,62.88
5.79,Intermediate,42,76,81,17,28,50,94,78,Backend Developer,58.25
7.76,Advanced,25,20,38,81,44,78,83,79,AI Engineer,56.0
6.77,Advanced,25,36,37,93,40,55,82,82,AI Engineer,56.25
7.67,Advanced,40,92,87,24,36,21,75,70,Backend Developer,55.62
7.59,Intermediate,47,55,47,22,50,96,89,59,Cloud Engineer,58.12
7.55,Intermediate,22,36,40,85,49,63,76,72,AI Engineer,55.38
6.03,Intermediate,49,76,70,11,19,24,86,52,Backend Developer,48.38
7.27,Intermediate,39,78,69,47,18,62,77,61,Cyber Security Engineer,56.38
8.28,Beginner,42,65,70,39,32,79,74,80,Cyber Security Engineer,60.12
7.48,Intermediate,30,41,55,89,14,66,90,53,AI Engineer,54.75
6.11,Advanced,52,48,28,99,36,78,90,65,AI Engineer,62.0
6.21,Beginner,23,61,76,38,25,66,92,86,Cyber Security Engineer,58.38
5.64,Beginner,40,61,69,19,34,64,75,84,Cyber Security Engineer,55.75
6.6,Intermediate,83,24,44,22,36,21,70,68,Mobile App Developer,46.0
7.55,Beginner,21,32,43,89,90,37,90,66,Machine Learning Engineer,58.5
7.12,Intermediate,73,95,80,24,13,41,53,80,Full Stack Developer,57.38
7.09,Intermediate,36,23,98,28,77,30,50,87,Data Analyst,53.62
5.79,Intermediate,37,85,76,11,32,22,72,75,Backend Developer,51.25
6.83,Advanced,56,93,94,48,28,41,90,83,Backend Developer,66.62
6.55,Intermediate,43,70,70,40,37,89,47,55,DevOps Engineer,56.38
5.61,Intermediate,23,49,29,15,33,99,76,41,Cloud Engineer,45.62
7.86,Intermediate,73,93,60,15,48,24,46,72,Full Stack Developer,53.88
6.28,Beginner,67,58,20,45,18,24,89,69,Mobile App Developer,48.75
5.56,Beginner,41,62,88,41,23,67,99,59,Cyber Security Engineer,60.0
8.14,Intermediate,54,34,44,94,93,42,95,49,Machine Learning Engineer,63.12
7.79,Intermediate,59,40,58,98,79,21,84,71,Machine Learning Engineer,63.75
8.18,Intermediate,27,87,85,50,11,84,78,53,Cyber Security Engineer,59.38
5.98,Beginner,84,80,60,38,25,44,62,51,Full Stack Developer,55.5
8.39,Intermediate,77,57,48,43,17,34,87,46,Mobile App Developer,51.12
7.49,Intermediate,70,82,76,31,47,44,66,90,Full Stack Developer,63.25
6.76,Intermediate,59,30,31,18,15,98,72,48,Cloud Engineer,46.38
8.26,Intermediate,41,53,50,89,83,30,85,78,Machine Learning Engineer,63.62
6.19,Intermediate,53,84,27,32,20,44,83,47,Java Developer,48.75
7.14,Beginner,22,56,100,23,80,24,63,81,Data Analyst,56.12
7.52,Beginner,80,59,21,17,18,41,84,61,Frontend Developer,47.62
7.91,Beginner,66,51,56,16,39,22,79,42,Mobile App Developer,46.38
8.47,Beginner,59,60,55,65,25,24,93,71,Python Developer,56.5
6.78,Beginner,52,75,22,43,42,36,98,46,Java Developer,51.75
6.86,Beginner,91,95,83,39,48,26,67,84,Full Stack Developer,66.62
8.1,Beginner,57,61,52,63,27,34,76,42,Python Developer,51.5
6.05,Intermediate,66,33,53,26,23,28,92,65,Mobile App Developer,48.25
7.39,Beginner,27,28,85,24,66,32,61,86,Data Analyst,51.12
9.84,Beginner,44,50,59,100,85,48,91,42,Machine Learning Engineer,64.88
9.46,Intermediate,56,35,26,92,86,45,85,90,Machine Learning Engineer,64.38
7.3,Intermediate,34,93,81,41,17,32,70,50,Backend Developer,52.25
6.57,Intermediate,87,59,39,25,11,29,86,90,Mobile App Developer,53.25
6.27,Beginner,52,79,51,77,25,34,84,67,Python Developer,58.62
6.63,Beginner,45,74,49,66,27,29,80,67,Python Developer,54.62
7.86,Intermediate,39,82,20,17,41,27,90,42,Java Developer,44.75
7.14,Beginner,38,82,62,43,28,86,66,80,DevOps Engineer,60.62
6.04,Advanced,26,34,37,78,17,80,74,87,AI Engineer,54.12
6.71,Intermediate,78,43,56,26,41,41,77,76,Mobile App Developer,54.75
7.51,Beginner,24,52,77,12,88,38,58,70,Data Analyst,52.38
9.87,Intermediate,52,50,46,89,93,31,83,80,Machine Learning Engineer,65.5
8.45,Intermediate,57,58,25,92,16,65,73,63,AI Engineer,56.12
6.46,Beginner,53,75,61,22,37,97,45,49,DevOps Engineer,54.88
7.82,Intermediate,43,87,93,27,25,24,88,77,Backend Developer,58.0
6.24,Intermediate,60,75,79,42,45,80,62,83,DevOps Engineer,65.75
6.57,Beginner,85,53,55,25,39,41,81,65,Mobile App Developer,55.5
6.88,Intermediate,59,60,44,89,34,58,86,58,AI Engineer,61.0
7.67,Beginner,55,28,24,21,30,100,77,81,Cloud Engineer,52.0
7.3,Intermediate,29,50,82,80,80,22,61,75,Data Scientist,59.88
8.51,Intermediate,40,50,33,97,84,42,93,82,Machine Learning Engineer,65.12
6.14,Intermediate,57,65,56,59,50,47,87,71,Python Developer,61.5
8.02,Intermediate,44,75,87,41,42,22,79,89,Backend Developer,59.88
6.07,Beginner,66,51,60,24,15,34,91,57,Mobile App Developer,49.75
6.77,Intermediate,59,29,58,22,32,92,81,79,Cloud Engineer,56.5
6.52,Intermediate,40,62,20,57,27,44,85,85,Python Developer,52.5
6.08,Intermediate,42,83,54,46,10,20,75,63,Java Developer,49.12
9.53,Intermediate,40,22,24,39,30,29,89,43,Software Engineer,39.5
5.78,Intermediate,47,35,57,37,35,93,60,71,Cloud Engineer,54.38
7.57,Beginner,86,59,21,31,35,42,84,89,Frontend Developer,55.88
7.68,Intermediate,95,76,81,14,39,38,69,76,Full Stack Developer,61.0
9.5,Intermediate,41,32,25,14,36,21,85,89,Software Engineer,42.88
7.97,Intermediate,80,53,55,41,21,23,80,88,Mobile App Developer,55.12
5.89,Intermediate,28,66,60,46,34,24,86,69,Java Developer,51.62
6.53,Intermediate,60,41,69,67,97,36,65,59,Data Scientist,61.75
6.7,Intermediate,47,90,73,31,50,25,74,69,Backend Developer,57.38
7.44,Beginner,53,73,49,44,37,35,86,53,Java Developer,53.75
6.47,Beginner,73,90,89,39,14,20,63,47,Full Stack Developer,54.38
5.53,Intermediate,21,62,27,67,28,22,85,66,Python Developer,47.25
6.65,Beginner,78,73,71,11,24,23,68,52,Full Stack Developer,50.0
7.22,Intermediate,74,23,56,34,50,21,86,43,Mobile App Developer,48.38
8.41,Intermediate,53,22,48,93,75,26,90,68,Machine Learning Engineer,59.38
7.65,Beginner,28,68,51,12,36,90,51,53,DevOps Engineer,48.62
9.21,Advanced,41,47,57,28,38,36,100,42,Software Engineer,48.62
6.4,Beginner,46,28,69,85,97,24,45,90,Data Scientist,60.5
6.02,Intermediate,39,75,95,26,22,28,72,62,Backend Developer,52.38
9.63,Intermediate,46,22,32,85,82,21,95,58,Machine Learning Engineer,55.12
7.7,Intermediate,55,52,79,67,86,25,43,57,Data Scientist,58.0
7.16,Intermediate,48,72,49,72,31,47,92,62,Python Developer,59.12
7.41,Intermediate,87,93,62,22,30,35,62,45,Full Stack Developer,54.5
6.17,Beginner,45,49,84,38,71,49,58,85,Data Analyst,59.88
5.5,Beginner,43,62,21,79,14,26,77,64,Python Developer,48.25
5.86,Intermediate,22,90,49,64,37,30,96,78,Python Developer,58.25
6.15,Beginner,60,37,98,25,85,33,70,71,Data Analyst,59.88
6.04,Beginner,69,26,41,33,35,44,91,69,Mobile App Developer,51.0
6.65,Beginner,83,20,48,11,25,44,88,84,Frontend Developer,50.38
5.6,Intermediate,27,34,90,66,96,26,66,50,Data Scientist,56.88
8.08,Beginner,60,23,37,25,23,91,68,84,Cloud Engineer,51.38
6.97,Intermediate,48,44,58,79,22,71,84,70,AI Engineer,59.5
7.97,Intermediate,52,99,78,18,45,28,82,69,Backend Developer,58.88
8.49,Advanced,51,57,58,12,40,38,96,89,Software Engineer,55.12
6.31,Beginner,89,71,72,42,38,47,67,83,Full Stack Developer,63.62
7.31,Intermediate,56,100,74,26,16,49,93,79,Backend Developer,61.62
8.04,Beginner,38,36,58,15,33,85,89,46,Cloud Engineer,50.0
6.84,Beginner,45,61,50,50,30,25,91,78,Python Developer,53.75
6.69,Advanced,39,97,85,32,20,42,81,89,Backend Developer,60.62
6.93,Beginner,28,89,58,75,49,38,95,72,Python Developer,63.0
6.75,Beginner,90,77,87,19,29,29,65,51,Full Stack Developer,55.88
5.86,Beginner,44,61,58,53,46,28,76,55,Python Developer,52.62
8.36,Beginner,42,26,76,25,79,20,58,94,Data Analyst,52.5
6.2,Beginner,41,20,77,13,73,37,49,89,Data Analyst,49.88
7.69,Intermediate,37,47,26,97,93,34,78,47,Machine Learning Engineer,57.38
9.3,Advanced,55,48,37,20,24,35,80,50,Software Engineer,43.62
8.5,Intermediate,30,67,39,20,43,49,100,65,Java Developer,51.62
9.66,Intermediate,54,33,29,30,28,33,85,76,Software Engineer,46.0
6.85,Intermediate,46,87,35,32,21,36,97,54,Java Developer,51.0
7.47,Intermediate,47,22,27,29,37,98,84,81,Cloud Engineer,53.12
9.11,Intermediate,23,37,52,43,19,35,85,89,Software Engineer,47.88
9.8,Intermediate,58,42,46,90,89,23,90,77,Machine Learning Engineer,64.38
6.38,Intermediate,37,75,61,20,25,94,65,47,DevOps Engineer,53.0
8.31,Beginner,44,60,58,44,32,97,71,41,Cloud Engineer,55.88
6.53,Beginner,86,74,90,18,50,40,52,51,Full Stack Developer,57.62
8.38,Intermediate,37,48,31,87,10,65,93,69,AI Engineer,55.0
8.26,Advanced,38,95,75,19,45,26,82,45,Backend Developer,53.12
6.93,Beginner,31,45,85,24,81,28,55,91,Data Analyst,55.0
6.95,Beginner,26,78,23,46,46,29,100,59,Java Developer,50.88
7.09,Beginner,40,27,76,72,90,45,53,59,Data Scientist,57.75
7.54,Beginner,74,35,53,49,12,45,76,78,Mobile App Developer,52.75
6.77,Beginner,35,28,81,83,99,42,54,85,Data Scientist,63.38
5.66,Advanced,37,85,71,24,37,24,90,77,Backend Developer,55.62
7.09,Beginner,22,69,47,54,42,29,92,88,Python Developer,55.38
7.7,Advanced,37,55,47,15,40,37,100,55,Software Engineer,48.25
6.73,Intermediate,90,60,41,28,22,36,71,59,Frontend Developer,50.88
6.4,Beginner,44,62,75,29,39,77,89,89,Cyber Security Engineer,63.0
7.41,Beginner,76,45,50,26,45,42,78,84,Frontend Developer,55.75
8.45,Beginner,60,81,73,49,14,92,63,66,DevOps Engineer,62.25
7.7,Beginner,50,55,100,47,77,24,67,95,Data Analyst,64.38
8.41,Advanced,29,91,84,27,12,27,89,58,Backend Developer,52.12
6.91,Intermediate,31,68,61,26,21,89,43,41,DevOps Engineer,47.5
7.51,Beginner,22,70,35,38,24,20,77,84,Java Developer,46.25
6.55,Beginner,58,67,25,65,27,30,92,82,Python Developer,55.75
7.76,Intermediate,77,36,54,17,14,27,91,46,Mobile App Developer,45.25
6.57,Beginner,54,32,86,27,72,30,42,89,Data Analyst,54.0
7.4,Advanced,20,40,29,88,35,77,76,85,AI Engineer,56.25
7.83,Intermediate,21,29,31,95,43,61,84,67,AI Engineer,53.88
8.48,Beginner,52,86,31,59,34,44,75,61,Python Developer,55.25
8.72,Beginner,32,35,28,95,88,47,82,82,Machine Learning Engineer,61.12
7.99,Intermediate,50,61,21,58,43,36,76,63,Python Developer,51.0
6.65,Intermediate,63,23,47,18,33,46,84,78,Mobile App Developer,49.0
5.72,Beginner,54,61,89,26,27,71,76,59,Cyber Security Engineer,57.88
7.05,Intermediate,57,65,73,25,20,79,86,46,Cyber Security Engineer,56.38
6.8,Advanced,26,33,52,89,44,68,85,44,AI Engineer,55.12
8.48,Intermediate,45,56,40,39,17,89,65,59,Cloud Engineer,51.25
9.88,Intermediate,51,54,38,93,95,50,80,52,Machine Learning Engineer,64.12
7.9,Intermediate,32,77,24,26,36,46,93,52,Java Developer,48.25
7.28,Advanced,47,86,85,14,43,37,85,87,Backend Developer,60.5
6.06,Intermediate,41,72,51,61,28,32,93,73,Python Developer,56.38
6.02,Intermediate,57,39,82,35,89,21,42,70,Data Analyst,54.38
6.62,Beginner,24,30,31,37,45,98,74,68,Cloud Engineer,50.88
6.62,Intermediate,30,91,79,34,14,39,85,55,Backend Developer,53.38
5.85,Intermediate,28,46,80,35,65,39,40,76,Data Analyst,51.12
8.38,Beginner,20,24,88,71,89,44,69,67,Data Scientist,59.0
5.6,Intermediate,22,88,63,21,14,72,71,65,Cyber Security Engineer,52.0
6.88,Beginner,34,81,66,47,22,99,66,48,DevOps Engineer,57.88
9.11,Intermediate,59,22,39,97,79,48,89,70,Machine Learning Engineer,62.88
6.46,Beginner,32,87,41,40,23,28,83,54,Java Developer,48.5
8.52,Intermediate,38,23,44,47,32,39,87,56,Software Engineer,45.75
7.85,Intermediate,49,89,60,35,43,35,75,68,Java Developer,56.75
8.27,Intermediate,74,75,80,39,28,32,44,72,Full Stack Developer,55.5
6.03,Intermediate,51,45,93,10,74,35,48,74,Data Analyst,53.75
6.21,Intermediate,49,84,79,27,36,43,73,89,Backend Developer,60.0
6.9,Intermediate,79,42,29,10,16,34,60,70,Frontend Developer,42.5
6.23,Beginner,77,42,21,21,19,39,88,83,Frontend Developer,48.75
5.9,Intermediate,24,84,41,66,47,43,76,73,Python Developer,56.75
5.91,Beginner,34,75,32,38,26,25,91,51,Java Developer,46.5
6.77,Intermediate,45,48,72,85,93,28,40,45,Data Scientist,57.0
8.46,Intermediate,51,20,65,89,94,37,65,84,Data Scientist,63.12
5.97,Intermediate,23,75,84,25,27,83,98,74,Cyber Security Engineer,61.12
6.73,Intermediate,46,75,57,21,19,91,69,41,DevOps Engineer,52.38
5.75,Intermediate,83,36,37,16,18,34,93,67,Mobile App Developer,48.0
6.61,Beginner,44,71,56,67,48,28,81,77,Python Developer,59.0
7.63,Intermediate,49,28,25,31,26,100,88,54,Cloud Engineer,50.12
5.79,Beginner,27,87,68,34,36,73,98,85,Cyber Security Engineer,63.5
8.06,Intermediate,39,25,47,90,38,62,88,68,AI Engineer,57.12
8.32,Beginner,31,36,43,23,31,89,77,68,Cloud Engineer,49.75
7.36,Intermediate,40,54,53,96,12,51,85,50,AI Engineer,55.12
8.05,Intermediate,30,50,45,49,37,23,83,54,Software Engineer,46.38
9.55,Intermediate,48,25,41,99,90,49,84,59,Machine Learning Engineer,61.88
6.97,Beginner,46,87,53,73,12,42,75,65,Python Developer,56.62
8.35,Intermediate,30,79,82,14,16,33,94,88,Backend Developer,54.5
7.38,Beginner,23,85,30,70,20,49,82,76,Python Developer,54.38
7.44,Intermediate,98,59,39,43,19,46,76,46,Frontend Developer,53.25
9.1,Intermediate,32,52,54,85,79,45,84,60,Machine Learning Engineer,61.38
6.87,Intermediate,80,93,70,16,31,28,67,51,Full Stack Developer,54.5
5.9,Intermediate,90,87,60,40,21,36,70,44,Full Stack Developer,56.0
8.23,Intermediate,58,48,49,27,25,45,85,88,Software Engineer,53.12
7.19,Intermediate,28,70,66,24,13,61,79,63,Cyber Security Engineer,50.5
7.57,Intermediate,31,25,78,28,80,36,51,84,Data Analyst,51.62
6.3,Beginner,28,82,52,59,28,21,81,88,Python Developer,54.88
8.01,Intermediate,37,66,43,39,41,25,79,73,Java Developer,50.38
7.71,Intermediate,42,67,84,38,45,62,81,82,Cyber Security Engineer,62.62
7.68,Intermediate,76,87,69,42,41,44,56,56,Full Stack Developer,58.88
8.01,Beginner,46,68,38,74,44,31,85,75,Python Developer,57.62
8.19,Beginner,73,57,60,42,34,28,86,87,Mobile App Developer,58.38
7.18,Intermediate,32,49,45,91,34,56,89,57,AI Engineer,56.62
7.55,Intermediate,39,24,79,82,89,31,53,90,Data Scientist,60.88
8.99,Advanced,40,20,54,44,48,39,94,63,Software Engineer,50.25
6.65,Intermediate,58,83,51,71,43,23,78,49,Python Developer,57.0
7.59,Intermediate,23,83,52,59,46,29,89,67,Python Developer,56.0
6.3,Beginner,89,84,71,26,32,34,58,66,Full Stack Developer,57.5
7.67,Intermediate,60,36,24,85,43,75,86,69,AI Engineer,59.75
8.1,Advanced,34,75,94,27,40,26,95,76,Backend Developer,58.38
8.6,Intermediate,49,54,52,85,82,25,79,63,Machine Learning Engineer,61.12
8.04,Intermediate,32,59,86,72,85,28,54,49,Data Scientist,58.12
8.46,Intermediate,37,69,58,17,40,84,69,69,DevOps Engineer,55.38
5.79,Beginner,29,68,65,10,33,94,65,78,DevOps Engineer,55.25
5.56,Beginner,55,52,73,68,86,43,43,49,Data Scientist,58.62
5.85,Intermediate,37,53,29,93,19,55,76,70,AI Engineer,54.0
6.38,Beginner,32,69,58,43,27,26,92,88,Java Developer,54.38
9.46,Intermediate,32,49,58,93,93,23,84,72,Machine Learning Engineer,63.0
5.52,Beginner,35,79,73,12,35,100,51,58,DevOps Engineer,55.38
7.17,Beginner,46,88,58,65,49,33,94,51,Python Developer,60.5
6.58,Intermediate,31,83,75,23,42,87,72,65,Cyber Security Engineer,59.75
7.93,Beginner,53,73,54,72,26,23,99,90,Python Developer,61.25
6.01,Beginner,23,57,45,35,48,95,65,69,Cloud Engineer,54.62
7.72,Beginner,33,74,53,41,35,98,63,41,DevOps Engineer,54.75
7.64,Beginner,87,74,77,37,16,35,58,41,Full Stack Developer,53.12
7.94,Advanced,39,42,20,20,24,22,98,86,Software Engineer,43.88
9.37,Beginner,21,43,46,89,95,32,89,89,Machine Learning Engineer,63.0
8.31,Advanced,47,49,25,29,48,39,81,74,Software Engineer,49.0
5.51,Intermediate,67,22,20,11,11,35,71,74,Mobile App Developer,38.88
7.4,Advanced,43,84,94,49,50,26,91,47,Backend Developer,60.5
7.84,Intermediate,39,58,88,28,73,30,61,74,Data Analyst,56.38
6.91,Intermediate,29,94,70,33,33,39,90,73,Backend Developer,57.62
5.97,Beginner,46,75,56,18,18,91,46,70,DevOps Engineer,52.5
7.97,Advanced,45,50,49,41,23,33,84,47,Software Engineer,46.5
6.65,Beginner,70,78,70,32,12,46,49,78,Full Stack Developer,54.38
6.6,Intermediate,43,66,75,23,38,81,64,67,DevOps Engineer,57.12
7.95,Intermediate,36,41,85,14,73,30,53,77,Data Analyst,51.12
5.64,Beginner,84,22,42,33,34,37,92,69,Mobile App Developer,51.62
7.73,Advanced,50,47,42,24,43,50,80,75,Software Engineer,51.38
7.72,Advanced,48,24,43,41,14,30,88,70,Software Engineer,44.75
5.76,Beginner,55,23,75,18,87,22,59,90,Data Analyst,53.62
7.71,Intermediate,36,32,37,38,32,88,77,52,Cloud Engineer,49.0
6.61,Beginner,89,34,37,38,33,46,81,41,Frontend Developer,49.88
8.21,Intermediate,55,76,88,49,10,83,97,64,Cyber Security Engineer,65.25
5.76,Beginner,22,37,30,19,41,90,64,79,Cloud Engineer,47.75
7.19,Advanced,48,46,57,98,36,59,90,79,AI Engineer,64.12
7.85,Beginner,48,21,21,86,80,43,94,40,Machine Learning Engineer,54.12
6.95,Beginner,82,46,35,27,36,24,85,73,Frontend Developer,51.0
5.74,Beginner,40,88,78,25,36,60,98,42,Cyber Security Engineer,58.38
6.06,Intermediate,28,29,57,16,46,93,90,80,Cloud Engineer,54.88
7.87,Advanced,54,85,91,34,36,45,93,44,Backend Developer,60.25
6.13,Intermediate,41,65,47,34,16,45,96,49,Java Developer,49.12
6.21,Intermediate,42,90,78,44,44,77,80,47,Cyber Security Engineer,62.75
5.97,Beginner,59,25,30,29,22,93,90,64,Cloud Engineer,51.5
7.6,Advanced,20,92,84,38,47,34,94,84,Backend Developer,61.62
6.39,Beginner,84,77,64,39,38,28,46,53,Full Stack Developer,53.62
8.13,Advanced,54,86,80,11,20,28,80,74,Backend Developer,54.12
8.03,Beginner,27,45,22,98,80,41,86,77,Machine Learning Engineer,59.5
6.54,Intermediate,29,53,95,21,87,25,52,95,Data Analyst,57.12
8.26,Intermediate,72,89,62,31,32,47,42,85,Full Stack Developer,57.5
8.5,Advanced,51,33,51,48,18,46,87,84,Software Engineer,52.25
6.78,Advanced,44,87,87,41,45,47,73,42,Backend Developer,58.25
7.63,Beginner,82,84,72,48,30,33,42,84,Full Stack Developer,59.38
6.02,Beginner,26,78,32,72,44,22,87,84,Python Developer,55.62
6.92,Beginner,72,86,86,14,28,30,48,42,Full Stack Developer,50.75
8.55,Advanced,56,44,37,13,38,28,80,67,Software Engineer,45.38
7.18,Beginner,60,51,51,36,31,88,83,78,Cloud Engineer,59.75
7.13,Beginner,25,29,80,20,76,41,66,83,Data Analyst,52.5
6.67,Intermediate,54,45,43,92,39,74,91,50,AI Engineer,61.0
5.72,Advanced,49,90,70,31,35,33,84,87,Backend Developer,59.88
7.93,Intermediate,45,76,73,31,35,44,91,66,Backend Developer,57.62
6.21,Intermediate,35,31,24,27,35,87,90,85,Cloud Engineer,51.75
6.1,Beginner,52,73,73,39,45,81,58,50,DevOps Engineer,58.88
7.18,Beginner,25,58,68,83,87,23,56,50,Data Scientist,56.25
9.02,Beginner,39,41,37,87,85,49,86,84,Machine Learning Engineer,63.5
7.62,Intermediate,28,27,87,74,87,39,40,59,Data Scientist,55.12
7.43,Intermediate,34,91,76,10,13,43,75,48,Backend Developer,48.75
8.17,Beginner,35,37,46,86,88,38,89,74,Machine Learning Engineer,61.62
5.5,Intermediate,89,95,84,30,40,26,48,52,Full Stack Developer,58.0
7.88,Beginner,83,36,23,23,19,34,86,82,Frontend Developer,48.25
6.85,Advanced,36,87,87,28,47,32,81,80,Backend Developer,59.75
6.18,Intermediate,82,81,85,36,20,29,63,50,Full Stack Developer,55.75
8.32,Beginner,39,79,20,68,30,27,93,57,Python Developer,51.62
7.84,Beginner,26,78,50,14,42,81,46,51,DevOps Engineer,48.5
5.7,Intermediate,56,67,70,45,49,62,91,51,Cyber Security Engineer,61.38
8.27,Intermediate,78,40,34,12,48,29,60,90,Frontend Developer,48.88
7.49,Intermediate,49,76,85,36,33,46,82,71,Backend Developer,59.75
8.01,Intermediate,25,83,63,27,20,91,43,88,DevOps Engineer,55.0
6.79,Intermediate,56,49,54,94,39,64,93,66,AI Engineer,64.38
7.55,Intermediate,34,76,35,31,31,47,84,86,Java Developer,53.0
7.79,Intermediate,47,84,49,24,34,47,82,54,Java Developer,52.62
5.58,Intermediate,94,21,57,29,10,45,81,69,Frontend Developer,50.75
6.38,Intermediate,21,89,26,62,45,45,94,43,Python Developer,53.12
6.35,Intermediate,21,28,83,36,83,29,66,72,Data Analyst,52.25
6.89,Beginner,72,89,71,16,50,39,44,44,Full Stack Developer,53.12
7.66,Advanced,56,27,42,89,47,52,76,78,AI Engineer,58.38
7.63,Beginner,26,59,75,27,80,37,66,70,Data Analyst,55.0
5.7,Intermediate,77,25,60,46,31,48,92,57,Mobile App Developer,54.5
5.72,Intermediate,37,40,31,83,19,59,76,87,AI Engineer,54.0
6.81,Beginner,33,72,71,37,30,88,49,54,DevOps Engineer,54.25
6.28,Intermediate,30,74,53,19,38,26,99,90,Java Developer,53.62
6.54,Beginner,22,76,30,42,44,32,91,47,Java Developer,48.0
6.62,Beginner,20,42,68,65,86,35,59,44,Data Scientist,52.38
7.14,Intermediate,36,78,86,26,24,43,81,82,Backend Developer,57.0
6.3,Intermediate,81,21,48,10,31,37,89,90,Frontend Developer,50.88
8.12,Intermediate,56,57,52,18,14,97,77,55,Cloud Engineer,53.25
7.37,Intermediate,20,76,91,41,42,32,81,61,Backend Developer,55.5
5.97,Beginner,24,46,60,79,97,32,60,61,Data Scientist,57.38
7.98,Beginner,39,89,52,16,47,48,98,40,Java Developer,53.62
5.66,Beginner,90,85,76,11,17,38,46,89,Full Stack Developer,56.5
8.25,Beginner,37,79,22,10,23,21,98,83,Java Developer,46.62
6.2,Intermediate,40,78,88,33,26,32,77,82,Backend Developer,57.0
6.42,Intermediate,48,36,57,24,10,100,80,59,Cloud Engineer,51.75
8.36,Beginner,49,31,98,20,68,50,60,71,Data Analyst,55.88
6.96,Intermediate,21,42,96,45,76,30,59,89,Data Analyst,57.25
7.53,Intermediate,34,88,50,32,17,97,61,51,DevOps Engineer,53.75
9.07,Intermediate,43,32,36,92,76,47,94,74,Machine Learning Engineer,61.75
8.09,Beginner,20,71,51,19,22,100,40,71,DevOps Engineer,49.25
7.76,Beginner,54,88,39,14,10,23,92,68,Java Developer,48.5
8.09,Beginner,29,48,62,71,84,49,61,72,Data Scientist,59.5
5.76,Beginner,41,83,37,79,27,45,87,84,Python Developer,60.38
6.57,Intermediate,28,33,90,77,80,29,59,71,Data Scientist,58.38
7.39,Intermediate,89,92,76,28,24,41,41,78,Full Stack Developer,58.62
6.8,Intermediate,79,85,81,20,35,48,66,80,Full Stack Developer,61.75
6.12,Advanced,36,54,59,75,39,58,78,43,AI Engineer,55.25
9.49,Intermediate,59,39,50,45,19,35,100,59,Software Engineer,50.75
9.62,Intermediate,56,38,21,97,76,21,76,90,Machine Learning Engineer,59.38
6.48,Beginner,47,90,59,36,20,23,94,77,Java Developer,55.75
6.29,Beginner,42,87,72,14,41,87,57,62,DevOps Engineer,57.75
8.03,Beginner,76,25,54,34,26,40,80,79,Mobile App Developer,51.75
6.45,Intermediate,29,64,62,17,33,85,53,47,DevOps Engineer,48.75
8.38,Intermediate,54,70,80,46,10,89,43,53,DevOps Engineer,55.62
6.69,Intermediate,30,87,60,53,15,20,93,51,Python Developer,51.12
6.77,Beginner,25,82,53,51,17,40,97,82,Python Developer,55.88
7.95,Intermediate,45,71,53,30,40,96,51,72,DevOps Engineer,57.25
9.06,Beginner,47,59,20,86,76,48,84,62,Machine Learning Engineer,60.25
8.94,Intermediate,36,23,25,36,45,25,96,50,Software Engineer,42.0
6.37,Intermediate,40,30,63,90,90,31,55,50,Data Scientist,56.12
8.69,Advanced,50,36,23,16,16,39,93,72,Software Engineer,43.12
7.55,Advanced,39,34,53,80,21,60,93,60,AI Engineer,55.0
5.64,Intermediate,40,25,94,42,76,48,48,81,Data Analyst,56.75
6.03,Beginner,81,87,74,24,22,32,69,79,Full Stack Developer,58.5
7.25,Beginner,35,89,83,41,27,63,86,51,Cyber Security Engineer,59.38
7.56,Intermediate,56,62,33,63,50,49,98,60,Python Developer,58.88
8.21,Beginner,59,49,90,30,70,38,43,80,Data Analyst,57.38
7.91,Beginner,59,87,64,24,50,97,68,57,DevOps Engineer,63.25
7.23,Beginner,56,67,32,63,15,49,98,53,Python Developer,54.12
6.14,Beginner,57,39,85,65,96,29,54,61,Data Scientist,60.75
5.73,Intermediate,42,78,80,26,13,47,81,78,Backend Developer,55.62
6.44,Beginner,50,88,87,29,24,81,95,58,Cyber Security Engineer,64.0
5.91,Beginner,23,63,84,24,27,61,100,87,Cyber Security Engineer,58.62
8.47,Beginner,64,21,49,20,28,39,71,63,Mobile App Developer,44.38
8.16,Intermediate,59,30,49,18,40,33,91,53,Software Engineer,46.62
8.26,Beginner,87,35,38,10,29,45,65,60,Frontend Developer,46.12
7.49,Beginner,92,78,80,26,48,41,62,52,Full Stack Developer,59.88
6.58,Beginner,59,47,54,25,32,93,68,53,Cloud Engineer,53.88
8.2,Intermediate,95,34,33,31,16,37,72,65,Frontend Developer,47.88
7.33,Beginner,47,76,29,37,36,29,92,84,Java Developer,53.75
7.58,Intermediate,25,80,26,53,22,31,82,79,Python Developer,49.75
6.64,Intermediate,71,76,78,13,20,47,58,42,Full Stack Developer,50.62
7.37,Intermediate,59,60,55,34,22,82,43,74,DevOps Engineer,53.62
5.59,Beginner,28,47,58,41,23,99,68,48,Cloud Engineer,51.5
6.19,Intermediate,53,71,63,48,18,88,66,44,DevOps Engineer,56.38
6.09,Intermediate,58,76,76,31,32,38,82,76,Backend Developer,58.62
6.63,Beginner,56,55,90,87,92,29,46,51,Data Scientist,63.25
6.78,Intermediate,49,20,20,46,16,100,79,71,Cloud Engineer,50.12
8.39,Beginner,70,88,78,25,13,46,67,81,Full Stack Developer,58.5
5.75,Beginner,79,45,58,35,48,22,73,90,Frontend Developer,56.25
6.67,Beginner,43,42,49,32,33,94,62,49,Cloud Engineer,50.5
7.33,Intermediate,22,90,41,21,45,26,96,63,Java Developer,50.5
6.89,Beginner,42,69,40,19,26,50,97,90,Java Developer,54.12
7.76,Beginner,43,88,40,22,46,42,77,74,Java Developer,54.0
5.65,Beginner,63,30,31,38,46,37,73,82,Mobile App Developer,50.0
7.86,Beginner,42,61,23,66,43,35,81,48,Python Developer,49.88
8.23,Beginner,32,83,39,31,48,20,86,88,Java Developer,53.38
6.04,Intermediate,41,26,79,38,69,30,55,77,Data Analyst,51.88
6.74,Advanced,32,30,60,86,25,62,71,45,AI Engineer,51.38
7.74,Intermediate,22,50,58,86,87,23,81,54,Machine Learning Engineer,57.62
7.34,Advanced,54,60,56,98,47,67,83,49,AI Engineer,64.25
6.29,Intermediate,20,59,82,28,89,22,48,92,Data Analyst,55.0
5.59,Beginner,80,36,27,19,22,44,75,86,Mobile App Developer,48.62
6.95,Advanced,48,33,37,83,45,62,84,80,AI Engineer,59.0
6.39,Beginner,26,75,65,39,23,74,99,63,Cyber Security Engineer,58.0
6.13,Intermediate,82,50,58,21,15,20,86,76,Mobile App Developer,51.0
8.21,Advanced,20,56,33,86,28,57,95,48,AI Engineer,52.88
7.1,Beginner,36,42,80,11,83,27,56,86,Data Analyst,52.62
7.25,Intermediate,50,93,90,47,10,34,87,65,Backend Developer,59.5
6.44,Intermediate,89,76,80,19,10,23,45,74,Full Stack Developer,52.0
6.27,Intermediate,98,56,26,27,19,30,88,88,Frontend Developer,54.0
7.1,Intermediate,59,58,22,87,46,50,95,65,AI Engineer,60.25
6.98,Beginner,23,43,21,24,43,96,73,57,Cloud Engineer,47.5
8.22,Intermediate,32,51,74,66,81,20,57,76,Data Scientist,57.12
8.19,Intermediate,29,86,37,31,18,39,91,46,Java Developer,47.12
5.82,Intermediate,27,71,84,38,23,87,94,55,Cyber Security Engineer,59.88
7.85,Intermediate,47,71,62,21,25,100,66,83,DevOps Engineer,59.38
6.42,Beginner,80,54,57,11,10,30,88,59,Frontend Developer,48.62
8.44,Intermediate,82,30,57,50,32,40,72,63,Mobile App Developer,53.25
7.3,Beginner,57,28,90,21,89,41,48,93,Data Analyst,58.38
5.9,Intermediate,32,69,72,25,43,88,68,62,DevOps Engineer,57.38
6.24,Intermediate,41,67,74,49,48,91,50,72,DevOps Engineer,61.5
7.35,Beginner,100,40,56,27,17,29,62,88,Frontend Developer,52.38
5.78,Intermediate,35,72,23,15,13,45,95,58,Java Developer,44.5
7.4,Intermediate,78,21,45,43,16,31,77,89,Frontend Developer,50.0
6.09,Intermediate,53,74,33,12,32,38,93,61,Java Developer,49.5
7.62,Intermediate,28,83,51,58,30,21,91,41,Python Developer,50.38
6.65,Beginner,24,73,52,41,17,45,79,41,Java Developer,46.5
6.8,Intermediate,74,89,70,39,13,20,48,50,Full Stack Developer,50.38
5.6,Beginner,56,73,24,10,44,50,95,82,Java Developer,54.25
7.26,Intermediate,48,60,81,40,34,90,73,43,Cyber Security Engineer,58.62
8.3,Intermediate,22,55,44,96,81,50,77,71,Machine Learning Engineer,62.0
7.8,Intermediate,88,91,80,15,43,33,52,70,Full Stack Developer,59.0
7.82,Intermediate,36,31,72,89,85,21,52,52,Data Scientist,54.75
7.63,Advanced,21,52,41,95,38,60,73,58,AI Engineer,54.75
5.54,Intermediate,41,23,76,90,100,38,46,71,Data Scientist,60.62
8.86,Intermediate,26,31,35,10,36,29,86,88,Software Engineer,42.62
8.03,Intermediate,29,78,76,38,16,32,89,75,Backend Developer,54.12
7.76,Beginner,60,56,45,98,86,44,89,73,Machine Learning Engineer,68.88
7.55,Intermediate,35,25,26,39,43,38,98,78,Software Engineer,47.75
8.0,Intermediate,26,89,54,40,15,47,85,58,Java Developer,51.75
7.64,Beginner,65,25,42,20,13,41,79,51,Mobile App Developer,42.0
8.09,Intermediate,37,64,71,50,21,69,70,57,Cyber Security Engineer,54.88
6.61,Intermediate,41,100,85,28,15,42,74,59,Backend Developer,55.5
6.5,Intermediate,73,93,88,25,12,24,45,63,Full Stack Developer,52.88
6.27,Intermediate,39,80,20,40,44,27,80,56,Java Developer,48.25
7.66,Beginner,51,68,53,71,38,47,80,41,Python Developer,56.12
8.86,Intermediate,21,54,59,94,79,20,89,70,Machine Learning Engineer,60.75
9.02,Beginner,39,56,40,87,75,47,83,90,Machine Learning Engineer,64.62
7.18,Intermediate,33,64,53,59,24,42,84,71,Python Developer,53.75
7.95,Intermediate,25,53,53,44,45,95,70,51,Cloud Engineer,54.5
8.03,Intermediate,89,47,30,28,12,25,71,79,Mobile App Developer,47.62
7.9,Advanced,44,29,55,97,43,52,93,77,AI Engineer,61.25
8.93,Intermediate,51,26,50,91,93,25,87,43,Machine Learning Engineer,58.25
7.75,Intermediate,37,43,33,82,50,79,88,75,AI Engineer,60.88
8.04,Advanced,52,21,49,96,36,72,84,55,AI Engineer,58.12
8.3,Beginner,29,86,68,35,50,89,92,57,Cyber Security Engineer,63.25
7.0,Beginner,33,23,62,75,88,24,54,70,Data Scientist,53.62
5.65,Beginner,37,77,42,69,11,47,85,68,Python Developer,54.5
5.69,Intermediate,26,69,66,18,38,100,69,69,DevOps Engineer,56.88
6.53,Beginner,49,58,98,48,79,45,49,75,Data Analyst,62.62
6.19,Beginner,43,76,73,14,22,84,75,77,Cyber Security Engineer,58.0
6.48,Beginner,44,82,58,52,31,46,90,47,Python Developer,56.25
5.66,Intermediate,58,90,71,13,25,61,91,53,Cyber Security Engineer,57.75
5.59,Beginner,79,47,30,30,40,44,62,73,Frontend Developer,50.62
6.35,Intermediate,46,83,59,39,50,99,46,61,DevOps Engineer,60.38
9.81,Beginner,57,41,60,89,88,43,91,61,Machine Learning Engineer,66.25
7.84,Advanced,59,25,33,81,28,54,70,44,AI Engineer,49.25
5.63,Beginner,70,33,53,11,46,28,91,77,Mobile App Developer,51.12
6.84,Intermediate,53,78,63,16,16,100,61,85,DevOps Engineer,59.0
8.26,Beginner,53,58,23,20,38,95,68,79,Cloud Engineer,54.25
7.71,Intermediate,28,78,93,32,13,36,77,86,Backend Developer,55.38
7.58,Intermediate,32,88,82,32,49,75,80,57,Cyber Security Engineer,61.88
7.67,Intermediate,46,87,57,12,15,39,88,62,Java Developer,50.75
8.13,Intermediate,29,80,79,37,16,37,90,85,Backend Developer,56.62
8.17,Intermediate,27,69,46,74,35,42,82,51,Python Developer,53.25
8.46,Beginner,90,22,30,30,49,29,73,72,Mobile App Developer,49.38
5.55,Intermediate,78,75,80,21,26,28,67,60,Full Stack Developer,54.38
7.48,Intermediate,94,89,68,18,16,34,60,66,Full Stack Developer,55.62
7.64,Intermediate,59,85,63,13,25,96,46,86,DevOps Engineer,59.12
5.71,Intermediate,24,86,69,25,14,62,96,84,Cyber Security Engineer,57.5
6.24,Intermediate,58,58,77,34,87,26,60,90,Data Analyst,61.25
5.94,Advanced,35,44,57,88,40,80,90,68,AI Engineer,62.75
7.75,Intermediate,82,51,52,12,44,22,86,61,Mobile App Developer,51.25
7.13,Intermediate,28,92,71,23,48,48,78,87,Backend Developer,59.38
5.51,Beginner,74,91,63,45,42,21,63,75,Full Stack Developer,59.25
8.35,Beginner,42,59,55,30,17,87,61,68,Cloud Engineer,52.38
5.68,Intermediate,47,55,24,48,44,97,63,44,Cloud Engineer,52.75
6.91,Beginner,91,92,71,34,47,38,60,47,Full Stack Developer,60.0
5.86,Beginner,49,60,48,15,20,96,90,58,Cloud Engineer,54.5
8.3,Beginner,49,41,71,90,94,50,60,42,Data Scientist,62.12
8.27,Intermediate,45,20,40,38,15,44,98,50,Software Engineer,43.75
7.54,Intermediate,85,28,28,26,29,41,76,40,Frontend Developer,44.12
7.5,Intermediate,45,85,81,32,48,71,71,61,Cyber Security Engineer,61.75
5.77,Beginner,54,88,82,34,40,81,91,41,Cyber Security Engineer,63.88
6.57,Intermediate,56,87,78,28,20,86,93,61,Cyber Security Engineer,63.62
8.23,Advanced,58,88,77,11,14,36,76,69,Backend Developer,53.62
8.34,Intermediate,28,80,73,11,34,33,90,53,Backend Developer,50.25
6.06,Intermediate,75,58,57,17,36,30,71,63,Mobile App Developer,50.88
7.3,Beginner,63,42,44,37,37,50,92,42,Mobile App Developer,50.88
5.67,Beginner,59,36,67,74,82,21,42,46,Data Scientist,53.38
7.61,Intermediate,56,36,23,85,92,37,80,70,Machine Learning Engineer,59.88
7.53,Intermediate,59,31,33,100,78,30,86,81,Machine Learning Engineer,62.25
6.04,Intermediate,28,25,67,70,96,27,58,56,Data Scientist,53.38
5.6,Advanced,52,53,44,93,10,66,82,63,AI Engineer,57.88
5.74,Intermediate,27,79,71,25,15,39,78,77,Backend Developer,51.38
8.13,Beginner,78,54,40,28,26,36,74,90,Mobile App Developer,53.25
5.52,Beginner,50,89,44,16,41,26,98,41,Java Developer,50.62
8.38,Intermediate,25,54,60,91,95,37,77,80,Machine Learning Engineer,64.88
5.95,Beginner,90,94,71,36,28,31,59,63,Full Stack Developer,59.0
6.41,Intermediate,58,38,44,75,37,68,71,62,AI Engineer,56.62
8.19,Intermediate,40,84,27,76,41,28,100,83,Python Developer,59.88
7.54,Intermediate,50,60,20,39,33,20,86,43,Software Engineer,43.88
6.53,Intermediate,44,27,37,22,23,96,64,63,Cloud Engineer,47.0
8.45,Intermediate,25,25,25,25,49,89,75,61,Cloud Engineer,46.75
7.83,Advanced,38,26,52,32,26,21,96,89,Software Engineer,47.5
7.93,Beginner,25,70,35,80,23,28,77,48,Python Developer,48.25
5.55,Intermediate,43,90,40,42,12,48,81,43,Java Developer,49.88
7.75,Intermediate,64,34,26,47,10,30,87,65,Mobile App Developer,45.38
6.49,Intermediate,55,63,30,63,47,25,80,50,Python Developer,51.62
5.99,Intermediate,56,39,20,21,43,98,73,89,Cloud Engineer,54.88
8.25,Intermediate,25,45,57,93,95,23,85,89,Machine Learning Engineer,64.0
7.64,Beginner,52,68,87,17,35,63,72,41,Cyber Security Engineer,54.38
6.29,Beginner,41,83,56,33,17,85,67,59,DevOps Engineer,55.12
8.32,Intermediate,60,82,77,28,35,22,75,40,Backend Developer,52.38
8.33,Advanced,33,26,30,14,23,28,95,49,Software Engineer,37.25
8.26,Intermediate,43,40,67,87,93,40,43,64,Data Scientist,59.62
7.8,Intermediate,38,84,49,45,11,27,87,60,Java Developer,50.12
8.89,Beginner,39,50,54,97,78,38,79,85,Machine Learning Engineer,65.0
7.66,Intermediate,37,36,57,28,11,89,77,90,Cloud Engineer,53.12
6.57,Intermediate,25,83,56,34,41,92,48,61,DevOps Engineer,55.0
5.55,Intermediate,77,26,23,12,50,47,88,63,Frontend Developer,48.25
5.98,Beginner,25,53,50,10,34,98,86,77,Cloud Engineer,54.12
6.84,Beginner,55,38,48,13,49,85,86,72,Cloud Engineer,55.75
8.28,Intermediate,30,77,64,32,28,91,47,81,DevOps Engineer,56.25
6.49,Advanced,37,80,87,17,49,32,91,84,Backend Developer,59.62
5.69,Intermediate,37,43,47,99,25,76,74,67,AI Engineer,58.5
9.71,Advanced,42,48,59,16,35,34,83,60,Software Engineer,47.12
5.64,Intermediate,54,23,25,26,33,98,84,84,Cloud Engineer,53.38
8.11,Intermediate,24,85,74,21,18,91,69,77,DevOps Engineer,57.38
8.9,Advanced,55,38,50,12,50,38,83,75,Software Engineer,50.12
8.17,Intermediate,55,60,23,44,50,86,85,57,Cloud Engineer,57.5
5.88,Intermediate,26,77,57,65,35,24,81,50,Python Developer,51.88
8.21,Beginner,44,83,30,70,36,23,89,88,Python Developer,57.88
8.04,Beginner,58,68,61,31,33,71,91,53,Cyber Security Engineer,58.25
6.04,Intermediate,39,78,69,26,44,86,90,52,Cyber Security Engineer,60.5
7.78,Intermediate,72,88,75,42,32,44,62,57,Full Stack Developer,59.0
6.49,Intermediate,47,41,84,20,86,45,63,79,Data Analyst,58.12
7.78,Intermediate,20,33,97,28,78,29,53,87,Data Analyst,53.12
7.01,Advanced,50,35,41,79,31,57,79,61,AI Engineer,54.12
5.63,Intermediate,35,53,57,92,25,75,87,84,AI Engineer,63.5
7.49,Beginner,94,82,63,23,33,29,56,65,Full Stack Developer,55.62
7.16,Beginner,22,46,72,73,84,20,54,42,Data Scientist,51.62
8.33,Intermediate,37,26,36,42,42,42,98,82,Software Engineer,50.62
7.98,Beginner,80,75,75,42,18,20,69,59,Full Stack Developer,54.75
8.01,Intermediate,82,24,37,22,19,44,93,79,Mobile App Developer,50.0
7.68,Intermediate,21,61,26,65,38,34,81,66,Python Developer,49.0
7.56,Beginner,27,54,51,26,27,85,63,56,Cloud Engineer,48.62
9.45,Intermediate,23,49,42,95,83,48,77,63,Machine Learning Engineer,60.0
6.82,Beginner,56,32,69,73,92,48,60,56,Data Scientist,60.75
7.3,Advanced,38,34,30,94,46,74,83,84,AI Engineer,60.38
7.82,Beginner,39,63,42,75,42,25,96,49,Python Developer,53.88
6.1,Intermediate,22,61,70,41,40,89,47,61,DevOps Engineer,53.88
7.33,Intermediate,24,86,25,23,13,21,89,71,Java Developer,44.0
6.1,Beginner,44,56,76,83,98,47,67,66,Data Scientist,67.12
7.13,Intermediate,27,39,42,85,35,74,84,86,AI Engineer,59.0
7.17,Advanced,35,54,56,76,17,77,81,70,AI Engineer,58.25
6.48,Beginner,76,91,62,47,34,41,51,43,Full Stack Developer,55.62
7.33,Beginner,81,82,68,50,21,22,62,54,Full Stack Developer,55.0
7.96,Intermediate,43,41,51,91,82,34,76,41,Machine Learning Engineer,57.38
8.34,Beginner,57,57,79,36,68,40,69,92,Data Analyst,62.25
8.29,Beginner,56,87,48,67,42,30,92,51,Python Developer,59.12
8.21,Intermediate,82,24,39,33,19,43,82,42,Mobile App Developer,45.5
7.53,Intermediate,98,45,47,37,35,27,87,83,Frontend Developer,57.38
7.33,Intermediate,43,23,45,86,50,75,93,53,AI Engineer,58.5
7.61,Intermediate,45,69,65,24,32,71,94,60,Cyber Security Engineer,57.5
6.8,Intermediate,23,75,27,18,10,46,88,63,Java Developer,43.75
8.13,Intermediate,46,33,29,44,35,94,77,57,Cloud Engineer,51.88
5.61,Intermediate,42,80,39,35,29,22,87,41,Java Developer,46.88
6.92,Intermediate,75,33,26,34,23,42,82,67,Mobile App Developer,47.75
5.73,Intermediate,58,82,36,14,35,45,77,74,Java Developer,52.62
8.47,Beginner,27,80,87,35,10,90,75,62,Cyber Security Engineer,58.25
7.89,Advanced,51,88,86,11,41,37,93,76,Backend Developer,60.38
8.37,Intermediate,45,46,80,40,90,38,45,81,Data Analyst,58.12
6.62,Beginner,59,72,70,42,28,100,40,70,DevOps Engineer,60.12
9.84,Intermediate,38,31,28,85,95,35,93,61,Machine Learning Engineer,58.25
8.17,Intermediate,100,50,59,38,12,27,87,44,Frontend Developer,52.12
5.73,Beginner,34,38,95,39,86,46,68,83,Data Analyst,61.12
6.57,Intermediate,85,78,87,20,36,31,49,45,Full Stack Developer,53.88
6.77,Intermediate,30,80,22,71,12,49,81,70,Python Developer,51.88
7.58,Intermediate,53,67,59,26,15,89,43,45,DevOps Engineer,49.62
8.23,Intermediate,58,27,70,70,85,31,64,70,Data Scientist,59.38
6.9,Beginner,24,34,73,73,99,42,50,46,Data Scientist,55.12
7.24,Intermediate,21,27,45,76,12,57,74,43,AI Engineer,44.38
7.33,Intermediate,25,76,80,36,18,73,88,72,Cyber Security Engineer,58.5
8.27,Intermediate,54,45,69,69,100,46,46,54,Data Scientist,60.38
8.85,Intermediate,59,25,33,14,40,50,81,66,Software Engineer,46.0
7.54,Beginner,95,87,79,29,39,32,66,49,Full Stack Developer,59.5
7.24,Intermediate,76,74,85,39,13,36,57,71,Full Stack Developer,56.38
8.49,Intermediate,23,67,29,43,43,20,78,89,Java Developer,49.0
7.05,Beginner,22,78,73,14,35,68,91,74,Cyber Security Engineer,56.88
9.18,Intermediate,36,31,49,96,80,49,80,44,Machine Learning Engineer,58.12
5.52,Beginner,70,34,54,18,38,32,87,84,Mobile App Developer,52.12
8.24,Intermediate,49,45,76,78,83,39,55,44,Data Scientist,58.62
7.05,Beginner,27,65,79,27,20,91,70,88,DevOps Engineer,58.38
6.74,Intermediate,44,45,77,79,91,27,45,70,Data Scientist,59.75
7.32,Beginner,21,42,47,31,14,89,72,54,Cloud Engineer,46.25
5.99,Intermediate,58,60,29,71,14,30,95,59,Python Developer,52.0
7.64,Beginner,56,41,82,28,66,25,47,74,Data Analyst,52.38
5.84,Beginner,21,21,41,25,37,91,62,44,Cloud Engineer,42.75
6.55,Intermediate,25,80,71,35,38,81,98,69,Cyber Security Engineer,62.12
7.53,Beginner,56,35,29,12,42,91,63,76,Cloud Engineer,50.5
8.26,Intermediate,21,54,48,16,19,39,88,87,Software Engineer,46.5
5.93,Beginner,46,34,35,47,37,88,68,84,Cloud Engineer,54.88
7.94,Beginner,46,36,86,11,89,33,67,83,Data Analyst,56.38
7.78,Intermediate,45,38,85,66,100,34,40,86,Data Scientist,61.75
9.97,Beginner,31,54,51,87,83,41,82,47,Machine Learning Engineer,59.5
7.63,Beginner,46,37,31,94,89,37,86,70,Machine Learning Engineer,61.25
7.28,Intermediate,49,94,84,34,40,25,80,61,Backend Developer,58.38
6.37,Beginner,51,75,59,68,47,34,79,64,Python Developer,59.62
8.23,Beginner,38,54,57,100,91,49,81,66,Machine Learning Engineer,67.0
6.56,Intermediate,31,66,73,18,28,88,65,84,DevOps Engineer,56.62
5.94,Intermediate,25,70,38,10,28,34,84,89,Java Developer,47.25
8.25,Beginner,59,62,62,25,43,86,100,70,Cyber Security Engineer,63.38
7.3,Intermediate,54,45,26,49,49,91,61,61,Cloud Engineer,54.5
6.68,Intermediate,42,29,52,16,39,89,69,48,Cloud Engineer,48.0
5.56,Intermediate,69,34,34,32,49,43,80,60,Mobile App Developer,50.12
8.26,Beginner,35,33,20,92,91,26,85,42,Machine Learning Engineer,53.0
6.0,Beginner,22,81,72,18,16,97,64,52,DevOps Engineer,52.75
7.89,Beginner,70,33,51,14,11,23,73,83,Mobile App Developer,44.75
7.31,Intermediate,37,35,93,26,66,44,60,85,Data Analyst,55.75
7.22,Beginner,35,76,55,53,26,20,98,67,Python Developer,53.75
5.65,Beginner,46,63,67,32,28,98,59,83,DevOps Engineer,59.5
7.92,Beginner,95,83,80,47,45,42,70,57,Full Stack Developer,64.88
7.35,Beginner,49,30,62,86,97,45,43,72,Data Scientist,60.5
6.93,Beginner,71,94,60,12,38,35,52,89,Full Stack Developer,56.38
5.94,Intermediate,47,96,82,33,38,23,90,86,Backend Developer,61.88
6.76,Intermediate,86,53,51,25,48,32,82,46,Frontend Developer,52.88
8.29,Beginner,24,83,74,46,19,90,69,77,DevOps Engineer,60.25
7.16,Intermediate,37,47,60,88,80,30,58,62,Data Scientist,57.75
8.81,Intermediate,35,42,31,28,24,43,96,86,Software Engineer,48.12
6.14,Intermediate,59,89,27,35,32,39,91,87,Java Developer,57.38
7.33,Intermediate,42,87,73,48,21,97,64,89,DevOps Engineer,65.12
8.16,Beginner,43,76,66,11,37,83,80,82,Cyber Security Engineer,59.75
7.74,Intermediate,30,23,43,48,18,24,93,50,Software Engineer,41.12
6.21,Intermediate,58,82,83,38,28,42,78,90,Backend Developer,62.38
5.56,Beginner,20,57,84,86,85,34,43,41,Data Scientist,56.25
6.91,Intermediate,78,41,34,34,48,28,89,57,Mobile App Developer,51.12
5.57,Beginner,57,81,51,45,24,98,57,62,DevOps Engineer,59.38
5.8,Beginner,54,39,69,76,84,45,54,54,Data Scientist,59.38
5.66,Beginner,92,80,87,37,45,44,59,55,Full Stack Developer,62.38
5.79,Intermediate,94,31,23,17,11,48,86,51,Frontend Developer,45.12
7.48,Beginner,55,78,58,31,10,96,63,68,DevOps Engineer,57.38
5.59,Intermediate,49,81,52,13,47,94,64,45,DevOps Engineer,55.62
7.73,Intermediate,45,82,72,41,15,100,50,41,DevOps Engineer,55.75
6.13,Beginner,60,45,35,30,23,89,79,67,Cloud Engineer,53.5
7.49,Intermediate,60,64,58,53,36,23,79,79,Python Developer,56.5
5.82,Beginner,87,44,22,44,10,33,75,58,Mobile App Developer,46.62
8.01,Beginner,43,77,75,16,41,65,75,79,Cyber Security Engineer,58.88
7.2,Intermediate,23,20,88,14,73,35,52,80,Data Analyst,48.12
5.53,Beginner,91,26,20,44,37,31,60,53,Frontend Developer,45.25
9.54,Intermediate,54,43,29,95,89,47,92,53,Machine Learning Engineer,62.75
8.15,Advanced,51,58,54,49,22,37,84,78,Software Engineer,54.12
6.17,Beginner,95,40,28,25,40,23,89,85,Frontend Developer,53.12
7.14,Beginner,22,72,32,49,40,47,97,51,Java Developer,51.25
8.08,Intermediate,36,32,93,46,84,50,67,75,Data Analyst,60.38
5.85,Intermediate,29,52,83,28,77,42,46,71,Data Analyst,53.5
8.15,Beginner,47,28,47,44,32,86,70,63,Cloud Engineer,52.12
6.97,Beginner,82,88,71,35,15,38,69,69,Full Stack Developer,58.38
8.28,Beginner,46,26,31,34,13,95,70,58,Cloud Engineer,46.62
9.36,Beginner,54,39,47,100,77,26,90,69,Machine Learning Engineer,62.75
7.2,Intermediate,85,42,60,18,38,33,89,48,Frontend Developer,51.62
8.25,Intermediate,45,47,33,26,21,47,85,81,Software Engineer,48.12
7.95,Intermediate,48,22,33,21,31,98,75,75,Cloud Engineer,50.38
6.63,Intermediate,73,47,23,36,26,46,76,76,Mobile App Developer,50.38
6.85,Intermediate,55,44,89,76,85,24,56,77,Data Scientist,63.25
6.82,Beginner,35,29,40,31,48,94,62,59,Cloud Engineer,49.75
6.1,Beginner,22,87,26,40,17,41,94,85,Java Developer,51.5
7.63,Intermediate,33,60,57,49,41,36,85,87,Software Engineer,56.0
7.72,Beginner,76,35,42,10,29,50,85,51,Frontend Developer,47.25
9.29,Advanced,44,26,34,32,46,26,100,71,Software Engineer,47.38
6.03,Intermediate,53,72,70,18,16,99,63,90,DevOps Engineer,60.12
6.12,Beginner,50,66,39,42,31,32,77,73,Java Developer,51.25
7.13,Intermediate,35,85,94,15,40,21,95,61,Backend Developer,55.75
7.76,Beginner,39,59,77,81,82,21,48,74,Data Scientist,60.12
5.97,Intermediate,44,85,81,19,13,87,70,64,Cyber Security Engineer,57.88
9.56,Advanced,25,60,33,46,30,43,80,52,Software Engineer,46.12
6.29,Beginner,80,54,53,20,28,33,81,67,Frontend Developer,52.0
8.49,Intermediate,23,90,52,23,17,88,56,71,DevOps Engineer,52.5
6.65,Beginner,71,87,84,32,16,38,48,69,Full Stack Developer,55.62
6.6,Beginner,29,26,33,43,50,97,64,55,Cloud Engineer,49.62
6.65,Intermediate,21,75,78,27,37,36,94,73,Backend Developer,55.12
5.53,Beginner,60,26,78,22,77,36,68,87,Data Analyst,56.75
8.04,Intermediate,49,27,36,25,35,94,62,88,Cloud Engineer,52.0
6.85,Intermediate,42,68,79,19,15,100,48,76,DevOps Engineer,55.88
7.36,Advanced,55,36,31,87,33,71,95,79,AI Engineer,60.88
5.97,Beginner,36,60,100,48,65,21,65,94,Data Analyst,61.12
6.59,Beginner,35,86,47,28,49,41,100,40,Java Developer,53.25
5.84,Intermediate,91,77,88,33,12,43,50,55,Full Stack Developer,56.12
9.22,Intermediate,40,45,54,38,21,21,99,52,Software Engineer,46.25
6.95,Beginner,89,83,76,28,32,50,45,43,Full Stack Developer,55.75
7.63,Beginner,75,53,55,42,15,35,94,84,Mobile App Developer,56.62
6.47,Advanced,33,34,37,96,49,59,88,66,AI Engineer,57.75
8.38,Intermediate,68,42,50,44,44,44,84,85,Mobile App Developer,57.62
7.46,Intermediate,97,49,23,14,42,37,87,90,Frontend Developer,54.88
6.48,Beginner,32,59,66,70,90,30,50,56,Data Scientist,56.62
5.78,Intermediate,49,66,50,28,13,85,70,90,DevOps Engineer,56.38
9.22,Intermediate,49,42,44,41,32,23,95,59,Software Engineer,48.12
6.99,Beginner,99,26,35,39,11,47,60,77,Frontend Developer,49.25
7.55,Beginner,51,30,53,46,32,85,63,70,Cloud Engineer,53.75
8.38,Beginner,24,66,74,28,10,62,91,48,Cyber Security Engineer,50.38
7.03,Beginner,30,87,88,39,34,85,91,80,Cyber Security Engineer,66.75
7.91,Intermediate,49,44,52,84,44,73,84,90,AI Engineer,65.0
8.03,Beginner,20,27,42,96,81,21,83,67,Machine Learning Engineer,54.62
6.85,Advanced,28,39,46,95,41,77,73,65,AI Engineer,58.0
6.59,Beginner,40,35,23,47,49,92,67,90,Cloud Engineer,55.38
5.64,Intermediate,45,73,80,39,27,60,94,57,Cyber Security Engineer,59.38
7.33,Advanced,26,85,82,10,36,47,73,54,Backend Developer,51.62
7.09,Beginner,73,85,64,11,44,33,49,81,Full Stack Developer,55.0
8.37,Intermediate,41,27,66,74,82,50,45,86,Data Scientist,58.88
6.0,Intermediate,58,83,30,13,14,30,82,72,Java Developer,47.75
6.41,Advanced,53,84,85,33,19,27,73,78,Backend Developer,56.5
6.11,Beginner,60,30,81,89,84,29,52,70,Data Scientist,61.88
6.03,Beginner,88,90,64,38,32,25,40,71,Full Stack Developer,56.0
6.13,Intermediate,34,24,57,90,11,50,70,40,AI Engineer,47.0
7.45,Beginner,37,74,29,42,17,39,86,75,Java Developer,49.88
7.85,Intermediate,28,48,44,89,95,26,81,82,Machine Learning Engineer,61.62
9.63,Advanced,37,29,31,16,30,29,97,71,Software Engineer,42.5
6.33,Beginner,52,35,74,76,84,46,68,68,Data Scientist,62.88
7.67,Intermediate,75,84,65,23,34,40,52,49,Full Stack Developer,52.75
7.34,Beginner,42,67,89,28,46,72,88,53,Cyber Security Engineer,60.62
5.5,Beginner,51,30,76,65,84,26,57,48,Data Scientist,54.62
8.23,Advanced,45,28,45,42,16,29,93,51,Software Engineer,43.62
6.19,Advanced,27,28,34,79,27,72,77,45,AI Engineer,48.62
8.2,Intermediate,58,73,42,64,13,25,91,42,Python Developer,51.0
7.69,Intermediate,47,62,55,16,22,88,68,69,DevOps Engineer,53.38
7.73,Beginner,35,20,83,79,80,28,55,50,Data Scientist,53.75
8.25,Intermediate,83,25,46,41,17,27,87,61,Frontend Developer,48.38
8.26,Beginner,37,63,55,30,26,94,49,82,DevOps Engineer,54.5
7.89,Advanced,20,76,78,35,33,21,82,46,Backend Developer,48.88
6.49,Beginner,43,68,46,18,44,50,96,42,Java Developer,50.88
7.0,Beginner,26,80,52,20,10,38,99,40,Java Developer,45.62
6.89,Advanced,28,91,81,10,33,40,71,85,Backend Developer,54.88
6.79,Intermediate,41,50,58,36,22,90,60,58,Cloud Engineer,51.88
7.26,Beginner,20,84,62,48,20,95,67,85,DevOps Engineer,60.12
6.54,Intermediate,30,62,74,27,23,87,87,77,Cyber Security Engineer,58.38
6.23,Beginner,93,46,31,38,13,46,77,49,Frontend Developer,49.12
7.9,Advanced,59,57,52,97,37,53,73,46,AI Engineer,59.25
6.03,Intermediate,27,76,66,42,40,85,70,78,Cyber Security Engineer,60.5
8.47,Beginner,36,52,46,85,92,22,77,59,Machine Learning Engineer,58.62
6.04,Beginner,50,74,35,77,18,26,90,53,Python Developer,52.88
7.26,Intermediate,38,90,92,11,29,22,88,62,Backend Developer,54.0
7.96,Beginner,82,58,48,40,34,33,82,41,Mobile App Developer,52.25
6.39,Beginner,36,43,91,48,68,20,56,78,Data Analyst,55.0
6.38,Beginner,73,79,69,47,40,36,54,80,Full Stack Developer,59.75
7.81,Intermediate,59,42,53,40,44,34,81,58,Software Engineer,51.38
6.44,Intermediate,29,80,38,23,28,24,80,53,Java Developer,44.38
8.26,Intermediate,40,61,63,33,23,89,62,89,DevOps Engineer,57.5
8.32,Intermediate,24,56,32,94,84,24,78,88,Machine Learning Engineer,60.0
9.27,Intermediate,36,26,40,43,14,24,96,62,Software Engineer,42.62
6.73,Beginner,80,74,81,38,28,33,43,40,Full Stack Developer,52.12
7.39,Beginner,44,63,60,26,15,85,57,49,DevOps Engineer,49.88
7.61,Beginner,24,81,30,78,22,21,100,72,Python Developer,53.5
6.9,Intermediate,58,80,36,72,15,30,77,65,Python Developer,54.12
6.31,Intermediate,40,85,47,53,43,42,100,76,Python Developer,60.75
8.29,Intermediate,49,24,33,28,49,92,85,54,Cloud Engineer,51.75
6.66,Intermediate,58,35,85,23,87,40,62,86,Data Analyst,59.5
7.24,Beginner,53,23,90,70,98,46,52,82,Data Scientist,64.25
6.35,Intermediate,55,83,53,22,12,28,80,80,Java Developer,51.62
8.36,Beginner,30,54,27,90,88,27,79,48,Machine Learning Engineer,55.38
8.84,Intermediate,51,31,39,10,18,31,100,67,Software Engineer,43.38
8.17,Intermediate,48,27,60,81,46,78,85,57,AI Engineer,60.25
5.86,Beginner,89,60,33,31,18,33,66,88,Frontend Developer,52.25
6.56,Intermediate,27,42,75,86,83,39,69,46,Data Scientist,58.38
6.8,Intermediate,28,23,20,32,29,98,83,64,Cloud Engineer,47.12
6.27,Intermediate,42,52,49,22,46,98,72,60,Cloud Engineer,55.12
7.6,Beginner,96,41,50,27,28,27,88,66,Frontend Developer,52.88
9.42,Advanced,40,23,39,14,30,23,92,44,Software Engineer,38.12
7.61,Intermediate,27,33,32,45,47,88,64,51,Cloud Engineer,48.38
6.52,Intermediate,26,49,60,96,24,64,72,74,AI Engineer,58.12
8.11,Advanced,27,23,44,14,32,48,91,67,Software Engineer,43.25
8.57,Advanced,23,24,59,23,13,29,87,80,Software Engineer,42.25
6.29,Intermediate,50,48,60,74,100,42,46,57,Data Scientist,59.62
6.47,Intermediate,37,98,91,27,42,38,95,78,Backend Developer,63.25
7.29,Intermediate,75,36,33,12,29,20,76,74,Mobile App Developer,44.38
5.9,Beginner,43,90,21,45,34,32,97,44,Java Developer,50.75
7.59,Beginner,30,23,83,76,86,40,60,43,Data Scientist,55.12
8.13,Intermediate,93,72,76,38,15,48,51,41,Full Stack Developer,54.25
6.28,Intermediate,60,66,86,26,48,65,73,67,Cyber Security Engineer,61.38
7.2,Beginner,37,31,79,81,99,33,60,59,Data Scientist,59.88
9.22,Intermediate,34,51,50,36,16,44,84,40,Software Engineer,44.38
6.57,Beginner,100,43,55,46,22,28,83,48,Frontend Developer,53.12
7.65,Beginner,86,46,20,38,31,41,83,60,Frontend Developer,50.62
7.0,Intermediate,83,34,57,25,46,34,65,45,Frontend Developer,48.62
6.71,Beginner,95,81,72,10,31,29,49,63,Full Stack Developer,53.75
7.89,Intermediate,62,49,51,12,34,37,93,61,Mobile App Developer,49.88
8.06,Beginner,92,87,89,32,25,32,67,71,Full Stack Developer,61.88
7.68,Intermediate,40,68,28,52,12,26,83,60,Python Developer,46.12
8.14,Beginner,58,41,65,77,90,48,59,78,Data Scientist,64.5
7.18,Advanced,35,92,95,22,31,27,93,82,Backend Developer,59.62
7.6,Beginner,73,46,50,32,48,44,78,67,Mobile App Developer,54.75
8.19,Intermediate,78,89,82,28,20,26,64,70,Full Stack Developer,57.12
6.87,Intermediate,88,45,46,30,31,39,94,65,Mobile App Developer,54.75
6.67,Beginner,35,56,79,89,84,36,46,68,Data Scientist,61.62
7.58,Beginner,68,49,50,37,11,49,81,46,Mobile App Developer,48.88
7.4,Beginner,42,25,89,40,87,35,55,70,Data Analyst,55.38
6.1,Beginner,90,86,70,16,47,21,54,83,Full Stack Developer,58.38
6.12,Intermediate,25,33,48,36,19,89,79,83,Cloud Engineer,51.5
9.41,Intermediate,20,30,34,16,22,31,85,66,Software Engineer,38.0
7.63,Intermediate,32,26,49,85,41,62,90,54,AI Engineer,54.88
8.85,Advanced,44,49,45,28,14,44,80,47,Software Engineer,43.88
6.89,Advanced,42,92,73,20,27,26,71,55,Backend Developer,50.75
8.44,Intermediate,44,80,66,50,21,66,76,89,Cyber Security Engineer,61.5
7.27,Beginner,43,88,42,20,12,43,79,47,Java Developer,46.75
8.13,Intermediate,98,56,47,22,34,28,63,49,Frontend Developer,49.62
6.94,Beginner,73,58,32,28,33,26,88,79,Mobile App Developer,52.12
5.68,Beginner,51,78,40,31,42,24,77,54,Java Developer,49.62
6.82,Advanced,20,79,71,32,36,29,87,50,Backend Developer,50.5
7.76,Advanced,60,43,56,90,19,59,82,89,AI Engineer,62.25
8.57,Intermediate,30,41,53,100,75,31,95,49,Machine Learning Engineer,59.25
8.41,Beginner,46,33,87,41,88,35,52,90,Data Analyst,59.0
5.55,Intermediate,25,28,51,87,12,73,76,74,AI Engineer,53.25
6.13,Intermediate,45,79,42,75,31,40,76,53,Python Developer,55.12
6.13,Intermediate,36,79,24,56,23,33,82,84,Python Developer,52.12
6.2,Advanced,33,93,93,43,33,31,76,43,Backend Developer,55.62
8.02,Intermediate,44,80,61,23,41,67,94,87,Cyber Security Engineer,62.12
8.12,Advanced,25,93,87,15,45,33,77,74,Backend Developer,56.12
7.41,Beginner,52,71,43,50,27,50,94,71,Python Developer,57.25
7.14,Intermediate,20,65,88,16,45,74,86,70,Cyber Security Engineer,58.0
6.89,Intermediate,38,79,31,33,43,25,94,86,Java Developer,53.62
6.1,Advanced,27,51,40,83,22,51,83,72,AI Engineer,53.62
7.59,Advanced,35,36,40,50,33,45,92,84,Software Engineer,51.88
7.08,Intermediate,35,28,26,44,26,95,88,43,Cloud Engineer,48.12
8.31,Intermediate,25,32,81,87,95,39,54,49,Data Scientist,57.75
6.68,Beginner,46,86,39,58,17,28,76,83,Python Developer,54.12
5.88,Beginner,83,45,22,22,45,34,64,58,Frontend Developer,46.62
7.21,Beginner,34,65,36,80,16,46,95,66,Python Developer,54.75
8.59,Intermediate,22,33,58,48,33,29,82,77,Software Engineer,47.75
6.98,Intermediate,77,93,73,16,50,38,44,69,Full Stack Developer,57.5
6.21,Intermediate,48,27,46,33,24,96,90,51,Cloud Engineer,51.88
8.62,Beginner,31,40,59,92,83,34,75,79,Machine Learning Engineer,61.62
6.5,Beginner,30,59,96,28,76,30,67,84,Data Analyst,58.75
7.88,Beginner,30,84,87,20,26,86,91,88,Cyber Security Engineer,64.0
7.87,Intermediate,60,60,60,89,83,22,69,90,Data Scientist,66.62
8.15,Advanced,51,58,39,39,12,40,93,54,Software Engineer,48.25
7.7,Intermediate,47,76,83,50,13,66,80,45,Cyber Security Engineer,57.5
5.74,Beginner,23,78,58,40,39,94,55,41,DevOps Engineer,53.5
8.22,Intermediate,49,85,85,20,11,25,71,53,Backend Developer,49.88
6.41,Beginner,48,81,52,34,47,100,56,62,DevOps Engineer,60.0
7.09,Intermediate,54,79,29,15,50,41,94,68,Java Developer,53.75
6.33,Beginner,86,25,52,25,30,20,60,65,Frontend Developer,45.38
6.57,Intermediate,35,37,75,16,89,49,59,72,Data Analyst,54.0
6.79,Intermediate,85,74,71,19,48,37,52,54,Full Stack Developer,55.0
5.53,Beginner,23,76,26,59,12,31,87,51,Python Developer,45.62
5.82,Beginner,27,66,33,50,38,27,96,53,Python Developer,48.75
8.34,Intermediate,32,21,26,82,38,75,80,87,AI Engineer,55.12
7.14,Beginner,57,70,74,44,10,87,72,63,Cyber Security Engineer,59.62
6.68,Advanced,45,53,37,87,30,66,82,55,AI Engineer,56.88
5.88,Intermediate,32,38,90,48,84,31,50,86,Data Analyst,57.38
7.74,Intermediate,31,44,42,88,23,61,93,67,AI Engineer,56.12
9.19,Beginner,23,34,25,86,89,45,86,76,Machine Learning Engineer,58.0
7.56,Beginner,25,83,52,17,22,25,100,86,Java Developer,51.25
7.9,Intermediate,74,79,74,17,46,41,52,77,Full Stack Developer,57.5
6.9,Beginner,39,55,87,14,67,50,50,89,Data Analyst,56.38
8.49,Intermediate,42,31,46,95,89,20,95,56,Machine Learning Engineer,59.25
7.94,Intermediate,28,34,59,37,37,96,85,58,Cloud Engineer,54.25
8.81,Intermediate,25,41,56,92,83,41,92,40,Machine Learning Engineer,58.75
6.25,Intermediate,30,93,77,29,29,44,84,52,Backend Developer,54.75
6.48,Advanced,42,39,27,89,42,53,74,42,AI Engineer,51.0
6.7,Beginner,69,32,47,17,10,42,79,87,Mobile App Developer,47.88
6.59,Intermediate,95,89,88,49,16,30,40,90,Full Stack Developer,62.12
5.88,Intermediate,41,34,98,19,67,29,63,85,Data Analyst,54.5
7.43,Beginner,61,47,42,23,30,25,79,75,Mobile App Developer,47.75
6.14,Beginner,27,84,24,71,32,49,78,65,Python Developer,53.75
7.17,Intermediate,39,80,39,26,26,22,94,54,Java Developer,47.5
7.74,Beginner,52,84,64,10,20,85,52,54,DevOps Engineer,52.62
7.51,Beginner,93,24,59,50,13,23,72,41,Frontend Developer,46.88
5.96,Beginner,28,30,70,70,87,23,70,59,Data Scientist,54.62
5.86,Intermediate,59,67,58,14,23,33,89,64,Java Developer,50.88
7.14,Intermediate,31,86,86,41,17,38,91,76,Backend Developer,58.25
5.65,Intermediate,90,88,67,17,39,30,68,50,Full Stack Developer,56.12
8.29,Beginner,29,32,25,44,36,99,83,61,Cloud Engineer,51.12
7.46,Beginner,68,59,60,48,11,20,93,53,Mobile App Developer,51.5
9.21,Advanced,57,56,45,35,44,34,89,73,Software Engineer,54.12
7.16,Intermediate,36,22,77,86,81,50,64,61,Data Scientist,59.62
8.41,Intermediate,22,48,69,81,99,33,67,63,Data Scientist,60.25
6.49,Intermediate,42,31,23,16,18,99,63,63,Cloud Engineer,44.38
8.02,Beginner,48,21,23,21,27,89,66,83,Cloud Engineer,47.25
8.16,Intermediate,46,74,78,34,32,65,82,70,Cyber Security Engineer,60.12
9.5,Intermediate,30,51,22,14,35,31,80,74,Software Engineer,42.12
6.46,Intermediate,94,58,40,41,35,36,67,89,Frontend Developer,57.5
5.63,Beginner,27,83,70,26,44,87,52,66,DevOps Engineer,56.88
6.77,Beginner,54,71,83,21,49,80,84,59,Cyber Security Engineer,62.62
7.75,Advanced,41,27,23,100,47,77,75,57,AI Engineer,55.88
9.02,Intermediate,58,25,40,14,33,50,83,71,Software Engineer,46.75
6.1,Beginner,21,88,46,50,47,48,79,86,Java Developer,58.12
8.46,Intermediate,26,88,75,41,40,24,90,88,Backend Developer,59.0
8.02,Intermediate,59,88,59,74,47,35,81,65,Python Developer,63.5
7.44,Beginner,58,60,29,57,41,20,76,43,Python Developer,48.0
6.18,Beginner,66,46,27,39,21,47,91,75,Mobile App Developer,51.5
5.96,Advanced,40,41,35,99,18,59,82,69,AI Engineer,55.38
7.45,Intermediate,78,36,31,46,40,26,62,71,Frontend Developer,48.75
6.47,Beginner,35,87,86,28,13,69,94,42,Cyber Security Engineer,56.75
7.93,Advanced,31,47,44,28,30,39,88,46,Software Engineer,44.12
6.51,Intermediate,50,38,62,74,87,45,49,58,Data Scientist,57.88
5.77,Beginner,76,24,49,48,40,49,84,45,Mobile App Developer,51.88
6.09,Beginner,55,66,78,27,22,71,95,75,Cyber Security Engineer,61.12
7.03,Intermediate,33,35,33,83,49,67,92,52,AI Engineer,55.5
8.42,Beginner,22,79,28,10,42,47,94,65,Java Developer,48.38
6.18,Beginner,58,63,59,10,26,91,66,73,DevOps Engineer,55.75
7.25,Beginner,33,47,27,15,24,95,72,78,Cloud Engineer,48.88
5.78,Beginner,40,33,77,28,88,28,54,84,Data Analyst,54.0
7.58,Beginner,97,35,26,10,21,41,68,84,Frontend Developer,47.75
6.63,Beginner,60,79,28,24,45,25,76,69,Java Developer,50.75
6.89,Intermediate,37,35,42,44,35,92,67,88,Cloud Engineer,55.0
6.72,Intermediate,49,82,84,23,40,36,77,86,Backend Developer,59.62
6.73,Advanced,32,80,91,45,13,29,95,59,Backend Developer,55.5
8.26,Beginner,53,64,65,38,35,68,75,74,Cyber Security Engineer,59.0
5.82,Intermediate,92,86,69,27,26,30,44,80,Full Stack Developer,56.75
7.69,Intermediate,39,67,30,10,15,31,97,52,Java Developer,42.62
8.15,Beginner,56,88,65,42,13,68,100,56,Cyber Security Engineer,61.0
7.7,Intermediate,23,86,49,19,12,21,82,62,Java Developer,44.25
7.85,Intermediate,55,35,40,22,28,20,94,84,Software Engineer,47.25
7.03,Intermediate,30,37,78,45,65,48,61,82,Data Analyst,55.75
8.5,Intermediate,26,76,45,46,36,42,76,49,Java Developer,49.5
6.51,Beginner,82,77,72,24,35,30,40,90,Full Stack Developer,56.25
8.27,Advanced,53,82,90,17,46,28,93,48,Backend Developer,57.12
8.32,Beginner,24,44,77,43,73,26,67,77,Data Analyst,53.88
10.0,Beginner,40,28,32,85,84,37,87,52,Machine Learning Engineer,55.62
6.59,Beginner,28,80,76,31,40,78,81,54,Cyber Security Engineer,58.5
7.71,Intermediate,33,78,37,61,22,45,81,79,Python Developer,54.5
6.67,Beginner,50,49,95,40,80,20,69,75,Data Analyst,59.75
7.6,Advanced,48,40,48,94,34,79,95,86,AI Engineer,65.5
6.14,Intermediate,44,33,21,94,27,67,79,87,AI Engineer,56.5
8.35,Beginner,86,40,55,18,31,28,84,54,Frontend Developer,49.5
8.31,Beginner,35,66,58,60,35,42,83,60,Python Developer,54.88
5.83,Beginner,73,85,74,36,41,31,43,41,Full Stack Developer,53.0
8.55,Advanced,25,38,51,27,29,42,84,75,Software Engineer,46.38
6.47,Intermediate,90,73,72,50,27,45,66,57,Full Stack Developer,60.0
7.78,Beginner,25,55,63,78,95,20,43,44,Data Scientist,52.88
7.41,Beginner,50,45,95,20,76,45,44,85,Data Analyst,57.5
5.74,Advanced,50,80,88,35,17,26,81,51,Backend Developer,53.5
8.53,Beginner,28,52,41,94,81,45,75,68,Machine Learning Engineer,60.5
6.01,Intermediate,53,79,73,32,25,39,74,87,Backend Developer,57.75
6.47,Beginner,52,64,24,69,48,35,87,65,Python Developer,55.5
8.39,Beginner,24,79,59,72,33,43,82,65,Python Developer,57.12
5.89,Beginner,44,26,58,22,32,99,72,68,Cloud Engineer,52.62
8.14,Beginner,54,49,33,85,85,47,78,76,Machine Learning Engineer,63.38
8.94,Advanced,42,24,23,26,40,39,100,70,Software Engineer,45.5
7.8,Advanced,46,89,91,30,12,26,70,77,Backend Developer,55.12
7.5,Beginner,56,54,75,81,100,32,70,51,Data Scientist,64.88
8.49,Beginner,59,83,60,36,15,97,54,45,DevOps Engineer,56.12
5.91,Intermediate,67,35,54,25,16,43,88,90,Mobile App Developer,52.25
7.69,Advanced,25,33,52,40,25,38,80,65,Software Engineer,44.75
6.18,Intermediate,34,46,40,88,12,63,74,76,AI Engineer,54.12
5.7,Beginner,55,38,82,47,83,39,70,78,Data Analyst,61.5
5.66,Intermediate,29,50,23,26,24,92,85,54,Cloud Engineer,47.88
8.47,Intermediate,51,45,33,98,13,71,78,87,AI Engineer,59.5
5.78,Intermediate,52,71,57,17,19,44,100,67,Java Developer,53.38
6.61,Beginner,31,67,44,52,31,50,83,81,Python Developer,54.88
8.75,Intermediate,45,50,51,20,47,27,86,75,Software Engineer,50.12
8.18,Intermediate,87,44,41,26,28,28,93,83,Mobile App Developer,53.75
5.87,Intermediate,90,54,30,31,40,36,95,58,Mobile App Developer,54.25
7.96,Intermediate,71,91,89,12,41,40,55,40,Full Stack Developer,54.88
6.53,Beginner,36,88,64,37,24,70,91,77,Cyber Security Engineer,60.88
7.64,Intermediate,23,30,51,96,80,30,85,73,Machine Learning Engineer,58.5
6.35,Beginner,41,77,55,69,14,49,90,67,Python Developer,57.75
6.24,Advanced,55,38,35,94,43,76,85,87,AI Engineer,64.12
8.12,Intermediate,71,76,86,13,10,32,41,67,Full Stack Developer,49.5
7.65,Intermediate,80,73,87,49,28,50,40,66,Full Stack Developer,59.12
5.62,Beginner,42,22,48,25,18,97,72,81,Cloud Engineer,50.62
5.69,Advanced,20,55,37,76,10,58,77,65,AI Engineer,49.75
5.73,Advanced,27,81,78,28,12,39,72,72,Backend Developer,51.12
6.73,Beginner,92,75,77,49,18,34,40,54,Full Stack Developer,54.88
8.13,Intermediate,37,49,48,91,47,72,92,54,AI Engineer,61.25
5.92,Intermediate,83,45,28,10,23,40,60,71,Frontend Developer,45.0
7.71,Advanced,42,53,27,22,33,27,93,54,Software Engineer,43.88
6.89,Intermediate,44,29,64,72,95,23,54,81,Data Scientist,57.75
5.75,Intermediate,56,90,79,33,37,43,82,71,Backend Developer,61.38
6.2,Beginner,53,54,80,68,98,21,66,88,Data Scientist,66.0
7.98,Intermediate,88,49,54,42,11,28,73,77,Mobile App Developer,52.75
7.16,Intermediate,50,86,23,74,27,31,99,63,Python Developer,56.62
6.71,Intermediate,54,20,42,43,10,98,87,86,Cloud Engineer,55.0
5.9,Beginner,97,39,25,30,37,28,70,44,Frontend Developer,46.25
9.44,Advanced,57,33,40,27,15,42,90,65,Software Engineer,46.12
5.77,Beginner,54,60,45,18,35,86,60,63,Cloud Engineer,52.62
6.18,Beginner,23,40,82,50,73,30,46,77,Data Analyst,52.62
5.7,Beginner,48,56,98,50,87,35,68,91,Data Analyst,66.62
7.15,Intermediate,87,41,32,40,17,23,74,88,Mobile App Developer,50.25
6.81,Beginner,44,52,26,37,36,93,76,48,Cloud Engineer,51.5
7.1,Beginner,25,75,64,14,11,89,79,83,Cyber Security Engineer,55.0
5.58,Intermediate,78,74,79,22,18,32,65,51,Full Stack Developer,52.38
7.87,Beginner,49,71,27,25,18,25,99,74,Java Developer,48.5
5.58,Beginner,20,20,85,37,85,49,55,81,Data Analyst,54.0
6.55,Beginner,52,78,41,69,27,23,83,87,Python Developer,57.5
6.15,Advanced,51,27,47,87,50,66,73,46,AI Engineer,55.88
5.51,Intermediate,90,73,89,25,22,35,63,86,Full Stack Developer,60.38
6.39,Intermediate,40,84,82,21,49,36,93,76,Backend Developer,60.12
6.3,Intermediate,26,42,86,75,86,31,61,50,Data Scientist,57.12
7.54,Beginner,86,29,31,33,33,21,86,65,Mobile App Developer,48.0
6.61,Intermediate,39,85,89,26,13,25,70,66,Backend Developer,51.62
8.49,Intermediate,55,55,47,98,38,62,84,71,AI Engineer,63.75
8.04,Beginner,89,45,48,44,43,21,81,61,Mobile App Developer,54.0
7.91,Intermediate,36,35,37,99,95,25,91,76,Machine Learning Engineer,61.75
6.89,Advanced,41,43,29,98,17,65,75,71,AI Engineer,54.88
7.04,Beginner,48,42,71,90,80,34,66,44,Data Scientist,59.38
6.42,Advanced,28,55,27,97,48,66,74,69,AI Engineer,58.0
6.95,Intermediate,32,40,82,40,83,29,42,86,Data Analyst,54.25
8.36,Intermediate,29,38,33,24,28,24,81,63,Software Engineer,40.0
8.24,Beginner,25,75,59,37,48,34,80,52,Java Developer,51.25
6.57,Intermediate,46,61,63,20,47,81,57,88,DevOps Engineer,57.88
6.18,Beginner,30,51,73,80,84,45,44,42,Data Scientist,56.12
7.75,Beginner,51,60,88,41,26,71,92,50,Cyber Security Engineer,59.88
6.34,Beginner,23,65,55,21,40,24,77,83,Java Developer,48.5
6.32,Intermediate,85,77,74,35,36,28,53,58,Full Stack Developer,55.75
6.0,Beginner,54,87,70,37,45,65,88,84,Cyber Security Engineer,66.25
7.87,Intermediate,82,24,27,35,10,23,61,70,Frontend Developer,41.5
7.86,Beginner,60,26,29,91,84,28,77,81,Machine Learning Engineer,59.5
5.8,Intermediate,21,22,56,100,43,74,93,51,AI Engineer,57.5
6.12,Beginner,49,89,43,80,45,38,88,45,Python Developer,59.62
8.42,Intermediate,37,59,46,85,89,37,84,65,Machine Learning Engineer,62.75
6.27,Intermediate,38,30,32,22,45,97,71,74,Cloud Engineer,51.12
9.69,Advanced,28,49,53,23,23,20,99,50,Software Engineer,43.12
5.95,Intermediate,32,81,46,45,27,37,88,90,Java Developer,55.75
8.11,Intermediate,34,64,43,77,16,47,84,41,Python Developer,50.75
5.71,Beginner,63,30,51,28,42,40,91,54,Mobile App Developer,49.88
8.12,Intermediate,85,33,36,21,39,49,88,90,Mobile App Developer,55.12
6.55,Intermediate,46,91,80,26,19,43,87,57,Backend Developer,56.12
8.54,Beginner,21,34,49,100,76,42,88,40,Machine Learning Engineer,56.25
6.43,Intermediate,83,94,66,36,24,44,61,88,Full Stack Developer,62.0
5.53,Intermediate,28,22,57,14,18,90,70,56,Cloud Engineer,44.38
5.89,Intermediate,48,70,61,28,35,81,50,86,DevOps Engineer,57.38
7.52,Advanced,30,23,27,82,15,65,93,89,AI Engineer,53.0
7.45,Beginner,80,92,62,28,10,31,60,81,Full Stack Developer,55.5
6.95,Intermediate,52,92,79,14,46,21,78,86,Backend Developer,58.5
7.13,Advanced,53,90,82,23,48,21,84,78,Backend Developer,59.88
8.32,Intermediate,66,48,21,47,33,48,79,48,Mobile App Developer,48.75
6.57,Beginner,21,84,70,45,14,86,45,47,DevOps Engineer,51.5
7.05,Intermediate,41,90,91,26,39,26,93,44,Backend Developer,56.25
9.79,Intermediate,22,26,56,89,80,47,81,50,Machine Learning Engineer,56.38
6.27,Intermediate,56,26,73,78,90,32,64,52,Data Scientist,58.88
7.3,Intermediate,55,70,51,47,37,88,50,65,DevOps Engineer,57.88
8.41,Intermediate,83,28,27,10,48,21,66,70,Frontend Developer,44.12
8.46,Advanced,33,26,23,22,37,20,96,41,Software Engineer,37.25
8.09,Beginner,43,65,88,13,45,67,82,43,Cyber Security Engineer,55.75
7.86,Intermediate,45,86,80,32,12,46,95,63,Backend Developer,57.38
7.68,Intermediate,20,79,31,42,16,47,87,75,Java Developer,49.62
8.51,Advanced,45,20,41,22,46,45,99,54,Software Engineer,46.5
7.04,Intermediate,50,40,99,26,77,25,68,85,Data Analyst,58.75
7.88,Intermediate,28,25,43,36,49,89,90,56,Cloud Engineer,52.0
6.15,Intermediate,56,32,48,26,22,92,74,47,Cloud Engineer,49.62
7.95,Advanced,59,22,36,46,46,25,84,75,Software Engineer,49.12
7.62,Advanced,38,79,83,30,27,27,87,79,Backend Developer,56.25
6.01,Intermediate,85,45,36,37,25,32,78,72,Mobile App Developer,51.25
7.47,Beginner,59,65,87,18,32,69,88,64,Cyber Security Engineer,60.25
6.23,Beginner,87,45,40,19,41,22,86,53,Mobile App Developer,49.12
6.14,Beginner,59,61,62,21,39,65,79,48,Cyber Security Engineer,54.25
8.41,Intermediate,22,77,51,33,36,29,75,73,Java Developer,49.5
6.02,Beginner,54,60,86,32,76,34,51,82,Data Analyst,59.38
6.55,Beginner,72,57,51,37,37,21,92,51,Mobile App Developer,52.25
8.19,Intermediate,40,32,31,49,17,20,86,79,Software Engineer,44.25
7.23,Advanced,41,36,22,93,40,78,81,65,AI Engineer,57.0
5.59,Intermediate,36,36,100,33,89,36,49,79,Data Analyst,57.25
6.18,Intermediate,20,66,37,78,13,21,85,52,Python Developer,46.5
6.19,Intermediate,50,77,69,28,31,95,59,72,DevOps Engineer,60.12
6.92,Intermediate,88,86,81,22,37,34,44,61,Full Stack Developer,56.62
6.94,Beginner,38,34,87,75,99,50,54,73,Data Scientist,63.75
7.44,Intermediate,33,28,60,20,10,93,63,47,Cloud Engineer,44.25
6.54,Intermediate,42,31,63,84,80,42,53,72,Data Scientist,58.38
8.42,Advanced,31,48,35,46,34,30,100,79,Software Engineer,50.38
6.58,Intermediate,30,26,90,87,90,32,57,89,Data Scientist,62.62
5.79,Intermediate,42,97,91,27,24,35,92,80,Backend Developer,61.0
5.72,Advanced,45,22,47,88,30,63,72,89,AI Engineer,57.0
6.98,Intermediate,27,42,44,47,21,96,62,71,Cloud Engineer,51.25
7.7,Intermediate,36,56,54,91,34,56,86,64,AI Engineer,59.62
6.79,Advanced,27,90,76,11,45,45,81,82,Backend Developer,57.12
7.1,Advanced,33,50,20,93,11,52,75,63,AI Engineer,49.62
8.44,Beginner,39,31,97,23,86,44,67,71,Data Analyst,57.25
8.81,Intermediate,55,26,27,99,81,44,84,72,Machine Learning Engineer,61.0
7.76,Intermediate,29,28,90,38,79,50,42,89,Data Analyst,55.62
5.84,Intermediate,86,42,46,38,33,29,81,43,Mobile App Developer,49.75
7.08,Intermediate,30,51,85,50,90,37,67,72,Data Analyst,60.25
9.85,Intermediate,31,46,38,88,84,30,83,54,Machine Learning Engineer,56.75
6.69,Intermediate,58,49,83,46,85,33,42,85,Data Analyst,60.12
6.61,Intermediate,73,88,73,40,30,48,46,51,Full Stack Developer,56.12
6.11,Beginner,30,54,29,47,49,89,76,80,Cloud Engineer,56.75
6.9,Beginner,35,73,49,79,11,45,99,51,Python Developer,55.25
8.28,Intermediate,30,55,94,14,71,48,64,74,Data Analyst,56.25
8.4,Intermediate,24,58,56,33,37,41,85,46,Software Engineer,47.5
7.8,Beginner,20,65,38,41,45,27,92,76,Java Developer,50.5
6.34,Beginner,40,41,92,32,78,43,55,85,Data Analyst,58.25
5.75,Intermediate,55,65,84,34,43,63,73,55,Cyber Security Engineer,59.0
8.24,Beginner,43,88,33,18,36,24,100,71,Java Developer,51.62
7.28,Beginner,60,25,74,83,98,24,68,46,Data Scientist,59.75
6.88,Beginner,27,66,33,14,25,34,89,43,Java Developer,41.38
5.76,Intermediate,25,48,97,24,75,39,41,75,Data Analyst,53.0
7.47,Intermediate,38,35,82,16,80,24,48,91,Data Analyst,51.75
7.79,Intermediate,33,68,55,40,13,43,87,77,Java Developer,52.0
7.67,Beginner,98,51,44,11,45,38,80,83,Frontend Developer,56.25
7.78,Beginner,77,42,47,38,17,33,72,79,Mobile App Developer,50.62
8.04,Beginner,43,81,60,22,24,88,56,73,DevOps Engineer,55.88
7.87,Intermediate,85,26,56,46,39,28,61,52,Frontend Developer,49.12
8.56,Advanced,44,60,27,11,39,44,87,84,Software Engineer,49.5
8.12,Advanced,57,35,52,15,32,49,85,90,Software Engineer,51.88
5.61,Intermediate,54,89,69,44,11,73,89,44,Cyber Security Engineer,59.12
6.71,Intermediate,34,70,66,41,30,80,57,49,DevOps Engineer,53.38
8.58,Advanced,56,44,44,46,33,41,95,78,Software Engineer,54.62
6.59,Beginner,54,84,86,16,28,88,86,63,Cyber Security Engineer,63.12
7.27,Intermediate,28,97,70,42,45,27,74,44,Backend Developer,53.38
6.2,Intermediate,89,25,22,29,13,49,66,56,Frontend Developer,43.62
5.65,Advanced,29,34,26,99,21,53,82,54,AI Engineer,49.75
6.2,Beginner,81,91,60,16,33,35,69,77,Full Stack Developer,57.75
6.03,Beginner,21,44,46,19,21,94,76,41,Cloud Engineer,45.25
6.36,Advanced,31,96,89,39,27,20,89,89,Backend Developer,60.0
8.36,Advanced,51,28,49,89,26,67,93,71,AI Engineer,59.25
6.83,Beginner,29,85,87,43,33,65,100,89,Cyber Security Engineer,66.38
8.11,Beginner,30,88,57,31,35,95,56,84,DevOps Engineer,59.5
8.05,Intermediate,34,59,22,44,30,26,88,65,Software Engineer,46.0
7.41,Intermediate,50,55,54,77,40,73,88,57,AI Engineer,61.75
7.68,Intermediate,89,24,45,10,49,43,90,71,Mobile App Developer,52.62
9.73,Intermediate,40,40,47,88,89,47,81,68,Machine Learning Engineer,62.5
7.42,Intermediate,60,52,59,89,10,75,92,88,AI Engineer,65.62
7.65,Beginner,48,26,66,80,81,46,50,62,Data Scientist,57.38
6.13,Beginner,92,73,67,26,36,50,70,74,Full Stack Developer,61.0
6.3,Intermediate,99,52,49,10,18,32,69,55,Frontend Developer,48.0
5.72,Intermediate,41,65,52,58,28,27,89,54,Python Developer,51.75
6.06,Intermediate,61,29,38,17,10,36,88,90,Mobile App Developer,46.12
6.23,Intermediate,33,65,45,49,36,41,95,52,Java Developer,52.0
7.83,Beginner,71,85,84,19,41,46,58,69,Full Stack Developer,59.12
6.92,Beginner,30,82,88,26,15,78,72,75,Cyber Security Engineer,58.25
8.19,Beginner,20,67,60,40,39,91,54,74,DevOps Engineer,55.62
5.69,Beginner,48,81,81,41,33,86,72,44,Cyber Security Engineer,60.75
7.92,Intermediate,26,23,50,25,16,90,81,78,Cloud Engineer,48.62
7.5,Beginner,33,71,20,29,43,30,80,60,Java Developer,45.75
6.71,Beginner,56,82,29,42,10,24,94,49,Java Developer,48.25
8.06,Intermediate,58,69,31,33,22,27,90,89,Java Developer,52.38
8.28,Intermediate,22,58,22,98,16,65,81,46,AI Engineer,51.0
7.29,Beginner,84,26,59,21,46,25,77,55,Frontend Developer,49.12
8.29,Advanced,43,41,47,46,47,22,80,76,Software Engineer,50.25
5.62,Beginner,58,49,89,74,95,25,49,52,Data Scientist,61.38
7.07,Intermediate,20,76,94,43,42,35,93,61,Backend Developer,58.0
7.67,Intermediate,32,86,44,22,18,29,76,50,Java Developer,44.62
5.65,Intermediate,45,59,55,87,23,66,88,73,AI Engineer,62.0
7.38,Beginner,86,47,23,20,47,46,93,44,Mobile App Developer,50.75
8.49,Beginner,56,69,63,41,33,89,95,76,Cyber Security Engineer,65.25
5.72,Beginner,99,38,57,36,23,40,69,57,Frontend Developer,52.38
5.88,Beginner,55,50,80,87,86,44,50,82,Data Scientist,66.75
5.72,Advanced,26,47,42,97,29,73,82,48,AI Engineer,55.5
7.42,Intermediate,59,26,59,81,39,68,91,82,AI Engineer,63.12
8.45,Intermediate,87,70,62,18,42,33,56,66,Full Stack Developer,54.25
7.98,Intermediate,41,57,59,76,40,57,95,82,AI Engineer,63.38
8.1,Beginner,78,60,22,44,36,24,62,89,Frontend Developer,51.88
8.47,Advanced,43,97,80,16,17,46,84,84,Backend Developer,58.38
9.48,Beginner,57,32,47,93,91,23,82,58,Machine Learning Engineer,60.38
7.02,Beginner,30,23,76,47,84,33,57,83,Data Analyst,54.12
7.11,Beginner,71,40,43,42,24,32,88,62,Mobile App Developer,50.25
6.94,Intermediate,78,28,57,28,33,35,90,60,Mobile App Developer,51.12
7.89,Intermediate,28,79,75,49,17,91,55,60,DevOps Engineer,56.75
8.12,Intermediate,23,67,37,48,20,21,100,69,Java Developer,48.12
8.79,Intermediate,55,29,41,32,43,38,84,87,Software Engineer,51.12
8.0,Beginner,24,43,68,67,99,30,63,84,Data Scientist,59.75
8.49,Intermediate,78,82,71,16,11,22,62,63,Full Stack Developer,50.62
5.78,Intermediate,58,56,47,29,38,91,69,76,Cloud Engineer,58.0
7.23,Intermediate,54,89,77,25,15,20,93,47,Backend Developer,52.5
9.89,Beginner,28,53,39,90,88,40,83,79,Machine Learning Engineer,62.5
6.11,Intermediate,38,78,40,55,24,24,80,61,Python Developer,50.0
7.3,Beginner,60,81,25,59,48,44,83,74,Python Developer,59.25
5.98,Intermediate,50,88,35,17,33,48,87,47,Java Developer,50.62
5.56,Beginner,86,50,56,34,15,50,83,43,Mobile App Developer,52.12
9.77,Advanced,30,24,42,15,27,37,91,63,Software Engineer,41.12
6.65,Beginner,53,59,55,37,47,86,77,77,Cloud Engineer,61.38
6.19,Intermediate,52,33,44,28,39,86,86,81,Cloud Engineer,56.12
6.26,Intermediate,28,79,52,47,13,39,79,82,Java Developer,52.38
5.99,Beginner,32,87,48,28,30,29,81,44,Java Developer,47.38
7.18,Intermediate,55,86,70,40,10,34,79,89,Backend Developer,57.88
6.34,Intermediate,41,27,33,19,17,89,63,40,Cloud Engineer,41.12
9.91,Beginner,30,57,54,90,84,46,77,84,Machine Learning Engineer,65.25
5.52,Intermediate,45,33,56,88,37,67,89,50,AI Engineer,58.12
6.46,Intermediate,57,56,79,65,99,33,57,60,Data Scientist,63.25
6.96,Beginner,78,30,29,20,48,31,75,48,Frontend Developer,44.88
6.24,Beginner,46,25,79,82,86,33,56,85,Data Scientist,61.5
7.77,Intermediate,28,82,26,78,20,27,77,57,Python Developer,49.38
6.32,Beginner,89,59,55,49,27,36,88,64,Mobile App Developer,58.38
9.31,Intermediate,60,33,29,30,45,21,96,72,Software Engineer,48.25
6.47,Advanced,28,83,89,32,38,35,91,54,Backend Developer,56.25
7.19,Intermediate,39,84,86,11,27,44,94,46,Backend Developer,53.88
5.97,Beginner,64,50,59,30,48,32,78,83,Mobile App Developer,55.5
7.24,Intermediate,94,72,71,16,21,50,45,85,Full Stack Developer,56.75
6.84,Beginner,30,83,72,43,35,85,48,75,DevOps Engineer,58.88
8.29,Intermediate,75,50,48,46,43,27,87,51,Mobile App Developer,53.38
6.29,Beginner,36,64,68,35,15,80,51,71,DevOps Engineer,52.5
7.52,Beginner,76,56,49,41,46,25,74,74,Mobile App Developer,55.12
5.8,Beginner,87,79,88,19,47,25,41,80,Full Stack Developer,58.25
6.03,Intermediate,73,34,57,45,40,33,71,50,Mobile App Developer,50.38
7.37,Beginner,87,55,25,35,31,32,90,72,Frontend Developer,53.38
7.17,Beginner,34,37,24,37,14,87,84,49,Cloud Engineer,45.75
7.19,Intermediate,54,85,35,74,12,23,90,48,Python Developer,52.62
6.9,Beginner,38,43,49,20,43,99,81,51,Cloud Engineer,53.0
6.45,Beginner,35,36,76,46,86,36,58,82,Data Analyst,56.88
6.23,Beginner,29,79,64,33,31,96,45,46,DevOps Engineer,52.88
5.92,Beginner,51,42,78,15,76,36,59,94,Data Analyst,56.38
8.33,Advanced,60,35,35,39,42,46,91,50,Software Engineer,49.75
8.41,Advanced,59,58,36,97,46,51,85,85,AI Engineer,64.62
8.42,Beginner,77,72,86,44,24,41,44,45,Full Stack Developer,54.12
7.96,Intermediate,56,37,84,87,82,25,56,73,Data Scientist,62.5
6.79,Beginner,81,35,37,48,42,33,71,80,Mobile App Developer,53.38
5.69,Beginner,33,67,61,13,20,77,74,46,Cyber Security Engineer,48.88
9.74,Beginner,41,60,53,89,95,34,86,75,Machine Learning Engineer,66.62
8.22,Intermediate,30,22,51,90,34,65,84,82,AI Engineer,57.25
8.48,Advanced,50,49,52,90,16,73,73,65,AI Engineer,58.5
5.57,Intermediate,39,73,48,60,15,25,91,43,Python Developer,49.25
6.16,Beginner,49,35,20,35,17,86,68,51,Cloud Engineer,45.12
7.45,Beginner,59,88,74,26,36,91,64,86,DevOps Engineer,65.5
8.31,Intermediate,33,74,67,44,24,82,55,76,DevOps Engineer,56.88
9.87,Beginner,55,41,47,85,95,45,89,48,Machine Learning Engineer,63.12
9.01,Intermediate,37,46,30,86,80,23,94,51,Machine Learning Engineer,55.88
7.9,Intermediate,50,22,53,89,85,41,81,40,Machine Learning Engineer,57.62
8.38,Beginner,22,73,46,34,28,41,85,89,Java Developer,52.25
5.52,Beginner,73,49,35,20,11,24,82,58,Mobile App Developer,44.0
7.18,Intermediate,55,86,93,47,42,21,82,82,Backend Developer,63.5
8.36,Intermediate,58,41,26,33,12,92,90,84,Cloud Engineer,54.5
5.88,Beginner,87,84,70,32,31,21,64,53,Full Stack Developer,55.25
8.72,Beginner,42,45,25,99,86,35,78,90,Machine Learning Engineer,62.5
5.8,Beginner,31,90,53,78,21,39,80,49,Python Developer,55.12
5.87,Intermediate,38,74,68,35,42,83,67,90,DevOps Engineer,62.12
7.38,Intermediate,38,82,55,41,33,82,62,42,DevOps Engineer,54.38
7.96,Intermediate,54,20,30,27,19,44,92,71,Software Engineer,44.62
7.13,Beginner,31,86,58,57,43,48,79,47,Python Developer,56.12
7.36,Beginner,20,52,75,68,90,48,66,64,Data Scientist,60.38
9.44,Intermediate,44,56,28,31,36,49,87,60,Software Engineer,48.88
6.06,Advanced,25,39,50,87,10,52,71,58,AI Engineer,49.0
6.25,Intermediate,35,66,62,20,49,95,64,69,DevOps Engineer,57.5
7.85,Intermediate,46,42,39,10,50,26,85,85,Software Engineer,47.88
7.69,Intermediate,22,56,56,88,34,55,93,82,AI Engineer,60.75
5.78,Intermediate,27,33,90,40,65,23,50,80,Data Analyst,51.0
8.13,Beginner,23,64,76,30,18,77,84,86,Cyber Security Engineer,57.25
6.23,Intermediate,75,21,51,10,34,30,90,73,Frontend Developer,48.0
8.81,Intermediate,43,34,52,93,77,35,76,89,Machine Learning Engineer,62.38
6.14,Intermediate,32,23,87,90,92,28,50,75,Data Scientist,59.62
5.93,Intermediate,44,23,52,85,46,76,87,49,AI Engineer,57.75
5.79,Beginner,71,48,58,42,24,34,91,54,Mobile App Developer,52.75
8.15,Beginner,59,73,75,20,37,92,68,42,DevOps Engineer,58.25
8.0,Intermediate,27,27,53,77,14,76,82,42,AI Engineer,49.75
7.99,Beginner,97,60,45,25,48,46,90,51,Frontend Developer,57.75
6.28,Beginner,58,84,26,61,46,27,82,71,Python Developer,56.88
7.83,Beginner,49,87,73,23,31,60,73,77,Cyber Security Engineer,59.12
8.24,Intermediate,52,53,37,35,30,49,87,58,Software Engineer,50.12
6.09,Intermediate,96,44,43,42,31,30,88,47,Frontend Developer,52.62
6.65,Intermediate,54,79,76,43,31,96,48,61,DevOps Engineer,61.0
5.98,Advanced,52,92,87,33,40,44,81,60,Backend Developer,61.12
7.07,Beginner,55,64,51,79,20,24,76,42,Python Developer,51.38
8.49,Beginner,24,23,20,12,37,99,68,80,Cloud Engineer,45.38
6.24,Intermediate,50,72,47,74,42,35,78,77,Python Developer,59.38
5.56,Beginner,45,77,31,54,50,44,79,54,Python Developer,54.25
6.23,Intermediate,88,57,58,18,12,43,84,45,Mobile App Developer,50.62
7.81,Intermediate,52,64,34,65,40,34,89,57,Python Developer,54.38
6.7,Beginner,47,39,90,42,70,48,44,84,Data Analyst,58.0
6.59,Beginner,51,66,61,33,37,83,50,77,DevOps Engineer,57.25
6.73,Beginner,22,63,86,45,40,71,85,63,Cyber Security Engineer,59.38
7.33,Beginner,56,26,90,80,82,30,50,49,Data Scientist,57.88
8.29,Intermediate,51,74,54,49,20,83,49,59,DevOps Engineer,54.88
5.78,Intermediate,55,76,88,49,38,88,84,53,Cyber Security Engineer,66.38
6.31,Intermediate,33,77,60,46,32,99,62,69,DevOps Engineer,59.75
7.46,Beginner,27,54,72,77,96,24,46,70,Data Scientist,58.25
8.46,Intermediate,29,49,32,47,34,88,68,49,Cloud Engineer,49.5
5.78,Beginner,45,85,36,58,18,50,98,68,Python Developer,57.25
6.55,Intermediate,67,49,39,37,26,32,77,87,Mobile App Developer,51.75
7.74,Beginner,30,61,47,57,40,23,97,84,Python Developer,54.88
5.86,Advanced,23,90,95,19,46,32,80,63,Backend Developer,56.0
8.14,Intermediate,26,57,81,82,90,36,52,74,Data Scientist,62.25
6.58,Beginner,75,27,33,31,50,42,72,64,Frontend Developer,49.25
7.83,Intermediate,78,83,73,16,37,43,43,67,Full Stack Developer,55.0
8.01,Beginner,24,67,85,46,17,73,89,65,Cyber Security Engineer,58.25
6.78,Beginner,45,64,68,28,35,67,87,62,Cyber Security Engineer,57.0
6.69,Beginner,30,89,60,27,25,81,86,42,Cyber Security Engineer,55.0
6.25,Intermediate,92,53,28,50,38,26,72,50,Frontend Developer,51.12
8.0,Beginner,46,83,53,19,18,96,45,87,DevOps Engineer,55.88
6.12,Intermediate,63,28,23,31,44,23,93,80,Mobile App Developer,48.12
8.1,Beginner,40,82,41,10,22,26,89,46,Java Developer,44.5
7.22,Intermediate,45,28,41,41,16,100,85,78,Cloud Engineer,54.25
7.74,Beginner,33,26,30,13,31,93,71,75,Cloud Engineer,46.5
6.22,Intermediate,41,30,38,46,26,92,84,78,Cloud Engineer,54.38
7.02,Intermediate,54,38,38,97,43,59,76,90,AI Engineer,61.88
6.67,Beginner,57,63,38,52,46,45,90,79,Python Developer,58.75
6.73,Intermediate,24,44,20,26,35,90,85,89,Cloud Engineer,51.62
6.2,Intermediate,58,95,95,24,26,43,93,83,Backend Developer,64.62
5.55,Beginner,97,20,33,16,14,27,81,70,Frontend Developer,44.75
8.36,Beginner,31,38,87,83,94,40,60,73,Data Scientist,63.25
7.68,Intermediate,77,27,55,47,11,36,88,44,Frontend Developer,48.12
8.36,Intermediate,43,71,32,72,41,50,84,84,Python Developer,59.62
7.55,Beginner,35,46,29,89,87,30,81,79,Machine Learning Engineer,59.5
7.37,Advanced,44,86,90,13,12,47,86,42,Backend Developer,52.5
5.93,Intermediate,31,84,37,13,42,32,77,88,Java Developer,50.5
7.9,Intermediate,44,71,76,31,41,67,75,54,Cyber Security Engineer,57.38
9.29,Intermediate,27,35,50,96,88,35,93,41,Machine Learning Engineer,58.12
7.24,Intermediate,87,22,22,47,45,40,85,79,Frontend Developer,53.38
6.48,Intermediate,92,47,35,30,38,41,84,85,Frontend Developer,56.5
9.57,Beginner,36,60,59,92,94,39,87,80,Machine Learning Engineer,68.38
6.37,Intermediate,34,85,74,22,39,99,70,82,DevOps Engineer,63.12
5.97,Intermediate,99,43,28,25,47,20,78,77,Frontend Developer,52.12
8.01,Advanced,34,55,56,40,39,35,98,63,Software Engineer,52.5
6.13,Intermediate,25,50,37,32,32,93,60,58,Cloud Engineer,48.38
6.38,Intermediate,81,41,51,49,19,21,75,90,Mobile App Developer,53.38
5.67,Beginner,74,70,84,33,44,32,59,79,Full Stack Developer,59.38
5.52,Beginner,73,73,67,21,12,36,48,43,Full Stack Developer,46.62
6.76,Beginner,36,45,35,44,47,98,87,86,Cloud Engineer,59.75
8.06,Beginner,59,66,47,61,13,42,82,58,Python Developer,53.5
6.37,Beginner,34,68,75,15,33,91,70,43,DevOps Engineer,53.62
5.85,Beginner,95,70,71,42,36,32,60,70,Full Stack Developer,59.5
8.39,Beginner,20,53,42,94,90,38,88,55,Machine Learning Engineer,60.0
7.13,Intermediate,55,35,50,95,18,75,71,63,AI Engineer,57.75
7.57,Beginner,57,45,55,93,93,45,85,50,Machine Learning Engineer,65.38
5.64,Beginner,35,35,75,67,85,47,48,44,Data Scientist,54.5
5.52,Intermediate,44,87,75,32,22,83,70,79,Cyber Security Engineer,61.5
6.21,Intermediate,49,75,94,23,34,43,82,51,Backend Developer,56.38
6.46,Intermediate,20,60,81,17,22,76,74,61,Cyber Security Engineer,51.38
6.42,Intermediate,43,82,31,53,38,38,91,51,Python Developer,53.38
6.46,Intermediate,35,89,56,67,15,24,76,67,Python Developer,53.62
7.33,Beginner,33,80,56,32,11,91,54,90,DevOps Engineer,55.88
6.62,Beginner,27,28,40,49,38,88,84,81,Cloud Engineer,54.38
5.72,Intermediate,54,41,45,27,38,86,64,88,Cloud Engineer,55.38
7.31,Intermediate,81,36,23,19,37,47,71,53,Frontend Developer,45.88
7.38,Intermediate,38,77,71,29,22,84,63,59,DevOps Engineer,55.38
8.84,Intermediate,60,54,55,87,93,21,93,89,Machine Learning Engineer,69.0
7.51,Beginner,87,82,70,36,30,31,65,67,Full Stack Developer,58.5
8.49,Beginner,24,42,60,88,86,32,87,64,Machine Learning Engineer,60.38
6.5,Intermediate,54,34,86,67,88,44,43,69,Data Scientist,60.62
8.39,Intermediate,38,60,51,21,46,91,64,52,DevOps Engineer,52.88
5.51,Intermediate,56,69,46,42,38,29,93,58,Java Developer,53.88
8.04,Intermediate,57,94,85,15,33,30,70,44,Backend Developer,53.5
6.0,Intermediate,38,76,64,39,46,83,78,83,Cyber Security Engineer,63.38
6.92,Beginner,51,21,93,14,73,41,43,84,Data Analyst,52.5
5.73,Beginner,38,80,60,18,15,27,96,71,Java Developer,50.62
6.31,Intermediate,52,20,52,12,28,89,82,49,Cloud Engineer,48.0
7.84,Intermediate,44,88,74,15,49,81,65,40,DevOps Engineer,57.0
7.98,Intermediate,50,22,54,97,35,62,88,60,AI Engineer,58.5
5.75,Intermediate,47,80,38,54,23,30,88,40,Python Developer,50.0
7.94,Beginner,47,21,71,82,98,35,43,81,Data Scientist,59.75
7.09,Beginner,28,73,48,50,45,50,78,50,Java Developer,52.75
6.55,Intermediate,37,72,59,41,20,50,100,87,Java Developer,58.25
7.73,Intermediate,35,50,49,93,92,42,81,73,Machine Learning Engineer,64.38
7.89,Intermediate,48,78,50,62,20,29,84,85,Python Developer,57.0
8.16,Intermediate,58,77,77,15,27,25,85,51,Backend Developer,51.88
7.39,Beginner,32,83,75,23,32,70,88,46,Cyber Security Engineer,56.12
6.1,Beginner,75,24,28,20,29,30,94,79,Mobile App Developer,47.38
5.99,Beginner,84,60,58,50,23,44,90,51,Frontend Developer,57.5
7.29,Intermediate,23,47,92,16,83,25,70,81,Data Analyst,54.62
8.46,Intermediate,84,79,88,31,10,35,67,56,Full Stack Developer,56.25
8.28,Beginner,35,49,98,48,67,43,50,81,Data Analyst,58.88
6.33,Intermediate,53,27,50,28,20,88,87,88,Cloud Engineer,55.12
8.76,Beginner,32,40,43,87,92,45,82,71,Machine Learning Engineer,61.5
5.53,Beginner,27,35,65,90,98,47,58,79,Data Scientist,62.38
6.73,Intermediate,31,34,86,68,89,48,58,54,Data Scientist,58.5
8.25,Beginner,43,70,56,55,28,44,88,42,Python Developer,53.25
7.71,Beginner,90,48,55,15,41,20,60,78,Frontend Developer,50.88
7.11,Intermediate,41,63,77,39,49,95,54,58,DevOps Engineer,59.5
7.3,Intermediate,80,53,40,15,35,39,60,81,Frontend Developer,50.38
6.49,Intermediate,51,23,43,28,22,90,86,72,Cloud Engineer,51.88
7.07,Advanced,26,36,42,97,20,73,93,73,AI Engineer,57.5
7.9,Beginner,76,25,25,25,12,26,72,52,Frontend Developer,39.12
6.68,Beginner,37,30,35,36,22,93,87,67,Cloud Engineer,50.88
9.78,Beginner,26,57,54,99,84,46,90,85,Machine Learning Engineer,67.62
7.15,Intermediate,38,55,29,93,14,52,81,75,AI Engineer,54.62
5.89,Beginner,39,36,76,87,94,45,61,82,Data Scientist,65.0
6.55,Beginner,53,88,20,21,46,22,94,69,Java Developer,51.62
9.11,Beginner,53,37,43,100,90,49,77,50,Machine Learning Engineer,62.38
7.92,Beginner,60,30,90,39,78,49,53,78,Data Analyst,59.62
7.81,Intermediate,71,50,55,13,37,25,79,43,Mobile App Developer,46.62
8.43,Intermediate,37,79,64,43,20,90,66,62,DevOps Engineer,57.62
8.27,Beginner,45,81,35,11,31,30,84,45,Java Developer,45.25
6.4,Beginner,37,88,68,28,40,70,82,73,Cyber Security Engineer,60.75
8.28,Intermediate,36,45,37,87,93,24,89,74,Machine Learning Engineer,60.62
6.13,Advanced,59,30,54,76,14,79,90,40,AI Engineer,55.25
7.74,Advanced,31,44,45,40,47,50,92,65,Software Engineer,51.75
7.99,Intermediate,50,38,75,20,87,21,44,89,Data Analyst,53.0
6.36,Advanced,42,77,72,42,24,47,81,46,Backend Developer,53.88
8.27,Beginner,58,64,61,41,32,97,50,85,DevOps Engineer,61.0
7.01,Intermediate,45,62,68,22,40,80,83,67,Cyber Security Engineer,58.38
6.25,Intermediate,41,44,83,33,86,40,43,87,Data Analyst,57.12
5.96,Intermediate,36,86,42,16,48,49,98,43,Java Developer,52.25
7.76,Beginner,23,30,46,87,84,36,80,71,Machine Learning Engineer,57.12
7.65,Beginner,93,79,68,38,30,49,68,75,Full Stack Developer,62.5
7.45,Intermediate,48,84,49,41,12,49,94,48,Java Developer,53.12
8.27,Beginner,38,60,53,99,76,47,95,46,Machine Learning Engineer,64.25
5.75,Intermediate,49,37,33,38,33,86,61,59,Cloud Engineer,49.5
8.13,Intermediate,50,24,27,13,45,89,90,45,Cloud Engineer,47.88
6.91,Intermediate,89,50,26,50,23,35,72,74,Mobile App Developer,52.38
7.35,Intermediate,60,61,60,45,18,86,93,60,Cyber Security Engineer,60.38
8.38,Intermediate,48,28,75,27,90,36,63,79,Data Analyst,55.75
5.84,Intermediate,35,38,95,15,81,47,70,79,Data Analyst,57.5
8.18,Beginner,38,68,52,36,46,44,81,69,Java Developer,54.25
7.8,Intermediate,41,66,62,41,47,77,82,50,Cyber Security Engineer,58.25
5.78,Beginner,22,69,54,52,25,24,96,66,Python Developer,51.0
6.52,Beginner,85,77,85,36,35,46,42,79,Full Stack Developer,60.62
5.66,Beginner,35,80,58,40,11,22,94,43,Java Developer,47.88
5.57,Beginner,79,93,86,43,30,33,54,50,Full Stack Developer,58.5
8.22,Beginner,47,68,73,48,49,72,87,45,Cyber Security Engineer,61.12
7.83,Intermediate,48,27,49,89,87,26,83,62,Machine Learning Engineer,58.88
7.58,Beginner,84,44,20,30,25,21,94,81,Mobile App Developer,49.88
8.88,Intermediate,56,52,35,87,82,35,79,50,Machine Learning Engineer,59.5
6.53,Beginner,48,59,74,65,100,22,43,77,Data Scientist,61.0
8.36,Beginner,85,43,27,11,46,28,81,86,Frontend Developer,50.88
6.38,Beginner,81,46,48,25,15,36,79,63,Frontend Developer,49.12
7.91,Beginner,23,28,51,34,42,95,82,66,Cloud Engineer,52.62
8.87,Beginner,35,37,44,96,86,30,84,88,Machine Learning Engineer,62.5
5.85,Intermediate,43,51,96,37,81,40,48,79,Data Analyst,59.38
8.35,Intermediate,46,29,52,96,82,25,95,55,Machine Learning Engineer,60.0
7.29,Advanced,28,28,53,84,37,74,88,78,AI Engineer,58.75
9.75,Beginner,38,28,44,88,92,28,93,40,Machine Learning Engineer,56.38
8.16,Intermediate,31,58,20,86,95,20,81,48,Machine Learning Engineer,54.88
8.09,Intermediate,39,56,65,70,80,22,68,86,Data Scientist,60.75
7.52,Intermediate,70,27,40,36,32,20,77,48,Mobile App Developer,43.75
7.15,Beginner,20,77,51,23,36,90,43,89,DevOps Engineer,53.62
9.52,Beginner,46,20,52,98,80,30,76,59,Machine Learning Engineer,57.62
5.53,Beginner,25,37,81,84,88,29,49,74,Data Scientist,58.38
8.38,Beginner,65,57,53,35,46,31,81,76,Mobile App Developer,55.5
6.75,Beginner,93,93,67,38,43,50,67,83,Full Stack Developer,66.75
5.97,Beginner,96,58,21,44,33,45,84,65,Frontend Developer,55.75
6.26,Beginner,40,29,63,77,86,23,50,66,Data Scientist,54.25
6.29,Beginner,70,77,79,22,43,25,63,55,Full Stack Developer,54.25
7.23,Intermediate,100,51,45,45,31,22,85,87,Frontend Developer,58.25
6.19,Advanced,31,93,71,12,18,30,78,53,Backend Developer,48.25
7.01,Beginner,22,32,62,79,82,47,61,90,Data Scientist,59.38
7.23,Advanced,29,29,54,76,46,75,84,52,AI Engineer,55.62
7.23,Intermediate,41,20,85,38,88,34,50,79,Data Analyst,54.38
7.57,Intermediate,40,28,86,48,65,20,60,89,Data Analyst,54.5
5.84,Beginner,54,33,80,48,82,38,53,79,Data Analyst,58.38
6.89,Beginner,46,76,80,41,43,79,95,66,Cyber Security Engineer,65.75
7.0,Intermediate,56,50,90,37,81,34,40,74,Data Analyst,57.75
7.49,Intermediate,30,85,53,44,23,83,66,78,DevOps Engineer,57.75
8.09,Beginner,31,51,33,42,31,97,82,87,Cloud Engineer,56.75
5.9,Advanced,35,93,95,49,48,37,72,70,Backend Developer,62.38
7.83,Beginner,37,32,85,32,77,35,42,78,Data Analyst,52.25
6.31,Beginner,70,82,61,47,21,35,63,40,Full Stack Developer,52.38
9.7,Intermediate,34,44,40,86,95,40,80,65,Machine Learning Engineer,60.5
6.92,Intermediate,43,63,60,41,12,96,58,47,DevOps Engineer,52.5
7.73,Intermediate,37,21,78,88,82,41,51,51,Data Scientist,56.12
6.01,Intermediate,47,21,77,35,88,30,56,81,Data Analyst,54.38
5.9,Beginner,71,58,31,32,45,33,85,89,Mobile App Developer,55.5
7.56,Intermediate,44,62,71,32,13,90,62,64,DevOps Engineer,54.75
9.21,Intermediate,34,36,33,35,49,28,96,55,Software Engineer,45.75
6.49,Beginner,27,74,57,24,32,33,85,80,Java Developer,51.5
5.63,Beginner,44,78,50,67,49,30,83,48,Python Developer,56.12
5.57,Intermediate,21,60,32,45,48,95,60,41,Cloud Engineer,50.25
7.31,Beginner,43,52,88,37,90,49,69,82,Data Analyst,63.75
7.72,Beginner,89,60,49,24,26,40,85,58,Frontend Developer,53.88
7.56,Intermediate,69,40,31,44,24,34,73,62,Mobile App Developer,47.12
7.14,Beginner,22,76,58,40,12,45,81,68,Java Developer,50.25
5.66,Advanced,21,55,39,78,50,59,78,59,AI Engineer,54.88
5.82,Intermediate,35,76,73,35,29,62,91,79,Cyber Security Engineer,60.0
5.96,Beginner,40,67,78,23,17,73,94,46,Cyber Security Engineer,54.75
7.49,Beginner,28,51,78,47,87,26,43,73,Data Analyst,54.12
7.88,Beginner,72,91,74,48,48,21,68,56,Full Stack Developer,59.75
8.26,Beginner,23,27,23,31,32,95,63,54,Cloud Engineer,43.5
6.83,Beginner,99,46,43,23,14,45,79,90,Frontend Developer,54.88
9.88,Intermediate,35,23,36,86,83,24,88,56,Machine Learning Engineer,53.88
5.77,Beginner,55,87,87,20,36,69,82,80,Cyber Security Engineer,64.5
5.96,Beginner,30,88,86,44,34,76,74,66,Cyber Security Engineer,62.25
6.13,Advanced,28,50,36,89,21,55,95,45,AI Engineer,52.38
6.26,Beginner,83,46,57,27,31,41,80,57,Mobile App Developer,52.75
5.69,Intermediate,24,59,27,98,17,54,84,53,AI Engineer,52.0
5.94,Intermediate,20,69,59,12,42,25,76,79,Java Developer,47.75
5.53,Intermediate,59,67,65,44,50,60,82,84,Cyber Security Engineer,63.88
7.68,Intermediate,24,46,40,99,11,69,86,86,AI Engineer,57.62
6.19,Beginner,90,33,30,46,39,44,85,61,Frontend Developer,53.5
7.78,Beginner,80,86,84,25,38,39,60,48,Full Stack Developer,57.5
7.85,Intermediate,48,70,60,75,37,32,92,78,Python Developer,61.5
9.98,Beginner,41,32,60,95,90,29,88,78,Machine Learning Engineer,64.12
7.9,Intermediate,57,45,27,31,32,99,65,78,Cloud Engineer,54.25
9.31,Intermediate,28,47,28,100,84,32,95,65,Machine Learning Engineer,59.88
7.01,Intermediate,39,75,55,56,25,30,93,58,Python Developer,53.88
5.75,Intermediate,44,71,53,10,48,41,89,87,Java Developer,55.38
5.5,Beginner,90,38,35,43,14,27,63,84,Frontend Developer,49.25
6.74,Intermediate,82,26,41,40,31,38,87,70,Mobile App Developer,51.88
8.22,Beginner,31,51,80,77,82,48,53,74,Data Scientist,62.0
8.03,Intermediate,78,59,56,29,35,20,90,88,Mobile App Developer,56.88
6.69,Beginner,48,80,83,27,11,70,87,72,Cyber Security Engineer,59.75
8.53,Intermediate,32,25,27,22,20,45,100,45,Software Engineer,39.5
5.87,Intermediate,55,51,26,39,16,85,84,58,Cloud Engineer,51.75
8.39,Intermediate,51,88,48,34,45,20,87,64,Java Developer,54.62
6.72,Beginner,38,30,80,37,81,31,42,70,Data Analyst,51.12
8.01,Intermediate,28,36,52,20,50,92,76,51,Cloud Engineer,50.62
7.51,Intermediate,39,57,32,22,47,90,76,45,Cloud Engineer,51.0
7.99,Beginner,33,63,50,14,15,99,57,57,DevOps Engineer,48.5
7.41,Advanced,50,89,73,45,45,21,87,79,Backend Developer,61.12
5.91,Advanced,35,23,49,95,27,76,90,53,AI Engineer,56.0
7.35,Advanced,23,28,41,88,20,65,86,53,AI Engineer,50.5
6.2,Intermediate,89,30,27,46,15,21,94,77,Mobile App Developer,49.88
7.16,Beginner,30,71,62,22,36,74,92,87,Cyber Security Engineer,59.25
7.69,Beginner,39,68,68,13,28,81,85,50,Cyber Security Engineer,54.0
6.05,Intermediate,49,65,78,35,29,64,89,78,Cyber Security Engineer,60.88
7.89,Intermediate,48,29,32,43,16,87,67,73,Cloud Engineer,49.38
6.06,Beginner,84,51,32,35,14,35,65,74,Frontend Developer,48.75
6.97,Beginner,56,39,76,46,85,30,52,87,Data Analyst,58.88
6.19,Beginner,86,20,38,30,44,35,95,44,Mobile App Developer,49.0
5.92,Intermediate,47,79,80,23,11,33,84,60,Backend Developer,52.12
5.62,Beginner,86,36,40,15,21,43,89,47,Mobile App Developer,47.12
8.35,Beginner,82,41,55,27,18,23,77,82,Mobile App Developer,50.62
6.32,Beginner,53,21,88,76,86,21,51,79,Data Scientist,59.38
7.96,Advanced,42,81,72,37,11,48,81,89,Backend Developer,57.62
8.2,Beginner,52,89,67,28,44,84,55,49,DevOps Engineer,58.5
7.24,Advanced,55,99,87,36,21,28,72,74,Backend Developer,59.0
5.64,Intermediate,40,31,79,26,73,27,70,88,Data Analyst,54.25
6.0,Beginner,88,50,48,18,40,48,70,89,Mobile App Developer,56.38
7.58,Intermediate,55,40,23,92,82,45,78,82,Machine Learning Engineer,62.12
7.98,Beginner,54,78,30,42,45,46,85,81,Java Developer,57.62
9.1,Advanced,55,39,23,24,46,38,88,52,Software Engineer,45.62
9.05,Advanced,27,56,43,18,43,20,83,70,Software Engineer,45.0
8.63,Intermediate,60,26,30,87,83,37,94,58,Machine Learning Engineer,59.38
6.07,Intermediate,30,82,71,44,18,93,42,65,DevOps Engineer,55.62
8.42,Intermediate,31,48,56,10,41,35,86,41,Software Engineer,43.5
7.02,Beginner,27,57,43,44,30,97,82,49,Cloud Engineer,53.62
7.04,Intermediate,31,36,28,94,30,62,91,65,AI Engineer,54.62
6.8,Intermediate,90,24,23,41,22,32,83,65,Mobile App Developer,47.5
7.11,Intermediate,21,37,36,19,11,90,64,41,Cloud Engineer,39.88
6.49,Intermediate,68,43,32,35,46,25,73,43,Mobile App Developer,45.62
5.91,Intermediate,74,23,39,31,14,33,72,78,Mobile App Developer,45.5
7.44,Intermediate,47,55,49,23,45,91,71,76,Cloud Engineer,57.12
7.03,Intermediate,37,43,96,32,88,37,54,75,Data Analyst,57.75
7.91,Intermediate,33,24,49,11,33,38,90,89,Software Engineer,45.88
9.32,Intermediate,52,58,51,96,92,47,94,50,Machine Learning Engineer,67.5
8.19,Advanced,35,28,25,31,13,50,92,81,Software Engineer,44.38
7.75,Beginner,22,44,26,19,25,85,90,55,Cloud Engineer,45.75
8.44,Intermediate,71,30,59,32,38,28,90,88,Mobile App Developer,54.5
7.72,Intermediate,99,35,55,20,15,49,72,46,Frontend Developer,48.88
7.14,Beginner,47,53,83,77,89,27,68,68,Data Scientist,64.0
8.41,Advanced,48,59,44,45,41,28,84,67,Software Engineer,52.0
8.19,Beginner,36,58,82,21,79,40,48,74,Data Analyst,54.75
8.16,Intermediate,20,57,54,85,76,38,81,87,Machine Learning Engineer,62.25
6.64,Intermediate,90,41,26,39,12,30,73,73,Mobile App Developer,48.0
5.56,Beginner,25,44,90,44,80,45,68,93,Data Analyst,61.12
5.56,Beginner,38,88,63,19,37,78,78,59,Cyber Security Engineer,57.5
7.76,Beginner,53,70,79,25,10,90,63,76,DevOps Engineer,58.25
9.71,Intermediate,50,43,24,46,25,39,83,50,Software Engineer,45.0
8.23,Intermediate,42,20,36,41,17,46,85,87,Software Engineer,46.75
7.49,Intermediate,55,52,80,12,83,44,61,73,Data Analyst,57.5
5.68,Intermediate,68,26,57,40,29,23,79,55,Mobile App Developer,47.12
6.25,Intermediate,60,74,54,66,20,33,97,56,Python Developer,57.5
7.74,Advanced,34,82,70,22,16,46,70,62,Backend Developer,50.25
7.95,Beginner,44,76,20,46,18,45,89,76,Java Developer,51.75
8.25,Intermediate,59,48,79,29,81,49,59,71,Data Analyst,59.38
7.3,Intermediate,56,70,57,40,31,100,42,89,DevOps Engineer,60.62
5.83,Intermediate,35,84,36,39,12,20,99,66,Java Developer,48.88
5.75,Beginner,32,90,59,30,26,82,65,76,DevOps Engineer,57.5
7.27,Beginner,43,65,69,42,46,91,64,64,DevOps Engineer,60.5
5.66,Intermediate,58,79,88,19,50,28,70,74,Backend Developer,58.25
7.7,Intermediate,84,58,25,10,23,43,85,70,Mobile App Developer,49.75
8.38,Intermediate,79,45,42,35,27,46,72,42,Frontend Developer,48.5
6.27,Intermediate,20,60,60,21,17,82,94,40,Cyber Security Engineer,49.25
7.46,Intermediate,20,100,77,13,15,25,77,56,Backend Developer,47.88
7.4,Intermediate,46,82,48,73,14,30,89,70,Python Developer,56.5
6.14,Intermediate,88,50,54,31,30,20,76,64,Frontend Developer,51.62
8.39,Beginner,42,56,50,92,86,29,88,40,Machine Learning Engineer,60.38
5.81,Beginner,56,58,99,47,80,32,65,80,Data Analyst,64.62
8.03,Intermediate,33,52,22,38,16,35,91,79,Software Engineer,45.75
6.74,Beginner,33,35,72,66,89,41,42,76,Data Scientist,56.75
7.16,Intermediate,91,70,90,22,37,35,68,79,Full Stack Developer,61.5
6.27,Advanced,35,82,94,25,45,28,80,89,Backend Developer,59.75
8.46,Advanced,22,30,37,44,45,39,84,69,Software Engineer,46.25
6.43,Intermediate,32,37,21,37,37,99,76,66,Cloud Engineer,50.62
6.01,Beginner,82,32,51,43,35,37,67,85,Frontend Developer,54.0
7.5,Beginner,28,48,36,95,88,21,86,84,Machine Learning Engineer,60.75
7.25,Intermediate,50,67,89,11,43,78,87,60,Cyber Security Engineer,60.62
6.8,Intermediate,41,53,100,40,76,47,51,91,Data Analyst,62.38
7.72,Beginner,36,33,100,43,81,33,69,78,Data Analyst,59.12
7.98,Beginner,70,73,64,12,16,37,56,61,Full Stack Developer,48.62
7.84,Beginner,31,42,60,45,16,88,78,79,Cloud Engineer,54.88
7.42,Beginner,75,51,20,36,27,20,93,41,Mobile App Developer,45.38
8.36,Intermediate,57,89,31,26,32,21,77,76,Java Developer,51.12
9.88,Beginner,48,54,34,91,88,30,88,54,Machine Learning Engineer,60.88
7.5,Beginner,28,38,94,16,86,35,62,89,Data Analyst,56.0
5.88,Intermediate,32,45,36,31,42,100,72,67,Cloud Engineer,53.12
7.11,Intermediate,37,65,24,35,32,29,84,85,Java Developer,48.88
7.63,Beginner,73,46,33,14,50,48,72,69,Mobile App Developer,50.62
8.17,Beginner,83,78,60,19,12,38,56,60,Full Stack Developer,50.75
6.9,Beginner,42,56,76,28,85,20,65,90,Data Analyst,57.75
6.65,Intermediate,84,47,25,48,17,48,91,44,Mobile App Developer,50.5
6.33,Beginner,73,93,65,39,41,24,66,59,Full Stack Developer,57.5
6.22,Intermediate,78,27,49,20,30,27,73,74,Mobile App Developer,47.25
7.92,Intermediate,51,52,21,10,34,34,94,84,Software Engineer,47.5
6.54,Intermediate,56,33,58,100,12,53,90,82,AI Engineer,60.5
9.08,Intermediate,26,54,30,35,17,21,83,79,Software Engineer,43.12
5.71,Intermediate,35,38,37,75,20,80,80,74,AI Engineer,54.88
7.26,Intermediate,79,50,55,40,45,23,93,72,Mobile App Developer,57.12
5.88,Intermediate,52,83,90,35,14,73,98,76,Cyber Security Engineer,65.12
5.72,Beginner,51,89,55,14,14,24,85,61,Java Developer,49.12
6.65,Intermediate,30,29,90,27,89,21,58,95,Data Analyst,54.88
5.57,Beginner,27,88,34,19,15,30,95,66,Java Developer,46.75
5.73,Beginner,54,73,69,20,33,83,96,60,Cyber Security Engineer,61.0
8.02,Intermediate,50,35,23,82,41,60,92,42,AI Engineer,53.12
6.9,Beginner,45,69,69,49,49,88,85,72,Cyber Security Engineer,65.75
6.56,Intermediate,30,46,35,86,29,60,70,54,AI Engineer,51.25
7.51,Intermediate,40,30,35,100,80,38,84,53,Machine Learning Engineer,57.5
6.5,Beginner,23,78,57,22,15,42,95,49,Java Developer,47.62
6.32,Intermediate,82,46,49,23,12,47,61,69,Frontend Developer,48.62
7.73,Advanced,27,51,52,20,44,35,83,76,Software Engineer,48.5
8.26,Intermediate,35,45,34,47,15,33,93,47,Software Engineer,43.62
7.69,Intermediate,59,24,88,43,80,30,65,80,Data Analyst,58.62
7.83,Intermediate,35,34,45,31,42,100,79,49,Cloud Engineer,51.88
9.32,Intermediate,48,56,35,90,77,46,89,84,Machine Learning Engineer,65.62
6.67,Intermediate,25,24,51,96,49,56,91,84,AI Engineer,59.5
8.19,Intermediate,30,84,73,30,13,41,92,62,Backend Developer,53.12
5.82,Beginner,20,56,90,84,89,38,62,59,Data Scientist,62.25
9.35,Advanced,22,32,26,49,49,38,91,85,Software Engineer,49.0
6.43,Intermediate,58,73,56,24,20,82,42,60,DevOps Engineer,51.88
6.94,Intermediate,65,40,25,50,20,48,92,70,Mobile App Developer,51.25
7.64,Beginner,54,83,59,11,25,88,42,44,DevOps Engineer,50.75
6.27,Intermediate,44,75,53,40,19,88,61,82,DevOps Engineer,57.75
7.47,Intermediate,90,57,58,39,31,42,73,59,Frontend Developer,56.12
7.36,Beginner,84,57,26,25,48,35,77,81,Frontend Developer,54.12
5.67,Intermediate,54,49,60,82,98,39,52,73,Data Scientist,63.38
7.55,Intermediate,37,47,35,17,18,99,70,51,Cloud Engineer,46.75
5.7,Intermediate,37,27,85,28,65,39,63,81,Data Analyst,53.12
6.99,Advanced,21,94,88,26,45,29,85,53,Backend Developer,55.12
7.73,Beginner,21,70,63,37,16,100,51,46,DevOps Engineer,50.5
6.44,Beginner,53,84,30,48,11,45,89,74,Java Developer,54.25
8.25,Beginner,88,20,58,41,27,41,67,67,Frontend Developer,51.12
7.07,Intermediate,44,58,100,38,82,25,55,85,Data Analyst,60.88
7.11,Beginner,24,20,80,20,76,49,49,77,Data Analyst,49.38
8.34,Intermediate,37,32,46,96,36,75,76,82,AI Engineer,60.0
8.04,Beginner,58,27,99,42,73,38,57,74,Data Analyst,58.5
7.5,Beginner,77,28,41,39,12,30,70,45,Mobile App Developer,42.75
6.71,Beginner,37,61,69,34,21,79,83,48,Cyber Security Engineer,54.0
7.81,Advanced,36,85,87,28,21,41,94,67,Backend Developer,57.38
7.21,Intermediate,33,66,46,66,32,47,97,88,Python Developer,59.38
7.71,Intermediate,79,82,87,26,17,38,55,66,Full Stack Developer,56.25
5.6,Beginner,57,67,75,30,41,97,45,57,DevOps Engineer,58.62
6.26,Beginner,95,88,73,21,43,33,69,65,Full Stack Developer,60.88
6.23,Beginner,53,70,77,44,10,94,68,45,DevOps Engineer,57.62
8.48,Intermediate,44,29,37,15,41,37,92,40,Software Engineer,41.88
8.63,Beginner,48,46,60,92,89,38,94,50,Machine Learning Engineer,64.62
6.08,Beginner,93,81,77,50,14,43,52,42,Full Stack Developer,56.5
8.17,Intermediate,58,55,53,82,11,52,76,54,AI Engineer,55.12
5.92,Beginner,49,78,41,18,12,50,95,90,Java Developer,54.12
5.77,Beginner,23,50,88,32,70,40,53,90,Data Analyst,55.75
7.3,Beginner,40,84,42,55,50,23,88,55,Python Developer,54.62
7.63,Advanced,23,75,75,31,48,43,79,86,Backend Developer,57.5
7.18,Intermediate,60,26,44,13,22,88,71,83,Cloud Engineer,50.88
6.32,Beginner,20,40,30,48,34,90,67,64,Cloud Engineer,49.12
5.64,Intermediate,23,82,87,50,16,34,77,56,Backend Developer,53.12
6.74,Intermediate,23,79,36,29,42,25,100,63,Java Developer,49.62
6.53,Beginner,58,83,49,54,35,39,90,90,Python Developer,62.25
7.57,Beginner,30,77,59,41,38,91,68,87,DevOps Engineer,61.38
6.5,Beginner,41,89,86,43,42,84,94,51,Cyber Security Engineer,66.25
7.49,Beginner,41,61,72,14,45,94,52,60,DevOps Engineer,54.88
7.95,Beginner,38,67,39,50,41,34,97,61,Python Developer,53.38
5.73,Beginner,52,36,75,28,84,34,59,82,Data Analyst,56.25
6.4,Intermediate,26,90,67,43,19,73,78,68,Cyber Security Engineer,58.0
5.72,Beginner,30,61,49,72,15,30,84,53,Python Developer,49.25
6.62,Intermediate,43,79,40,77,11,49,91,67,Python Developer,57.12
7.37,Intermediate,46,49,52,20,47,91,73,47,Cloud Engineer,53.12
7.68,Intermediate,62,41,45,15,16,34,76,55,Mobile App Developer,43.0
8.88,Intermediate,52,49,29,47,11,28,81,55,Software Engineer,44.0
6.17,Intermediate,30,33,69,80,91,36,46,81,Data Scientist,58.25
5.81,Beginner,80,50,37,15,46,48,95,60,Mobile App Developer,53.88
5.99,Intermediate,71,27,39,18,40,35,87,63,Mobile App Developer,47.5
5.91,Advanced,47,91,76,49,18,38,86,57,Backend Developer,57.75
8.39,Intermediate,58,55,32,49,28,93,86,40,Cloud Engineer,55.12
8.46,Beginner,56,43,88,36,70,49,61,83,Data Analyst,60.75
8.47,Intermediate,94,80,61,46,44,31,43,80,Full Stack Developer,59.88
5.82,Beginner,91,30,52,49,27,41,65,66,Frontend Developer,52.62
8.7,Intermediate,52,33,32,44,16,28,94,88,Software Engineer,48.38
8.11,Advanced,41,41,58,87,44,63,78,76,AI Engineer,61.0
8.09,Intermediate,56,82,51,50,20,34,77,47,Python Developer,52.12
6.68,Intermediate,23,57,55,49,30,98,61,73,Cloud Engineer,55.75
6.27,Intermediate,60,41,58,13,32,35,71,78,Mobile App Developer,48.5
7.12,Intermediate,26,46,81,37,88,24,43,90,Data Analyst,54.38
7.66,Beginner,33,52,21,95,88,45,86,53,Machine Learning Engineer,59.12
7.15,Intermediate,99,31,47,28,16,50,90,75,Frontend Developer,54.5
6.59,Beginner,24,83,40,70,24,42,81,70,Python Developer,54.25
6.2,Beginner,90,30,29,40,14,26,63,58,Frontend Developer,43.75
7.61,Intermediate,42,68,51,46,33,80,56,43,DevOps Engineer,52.38
8.86,Beginner,20,43,42,99,93,21,82,81,Machine Learning Engineer,60.12
8.16,Intermediate,43,44,87,33,67,44,46,77,Data Analyst,55.12
8.6,Advanced,21,46,51,16,19,23,90,64,Software Engineer,41.25
7.9,Intermediate,26,47,55,46,30,99,90,45,Cloud Engineer,54.75
5.78,Intermediate,97,42,37,36,47,40,85,42,Frontend Developer,53.25
7.02,Advanced,31,42,41,83,33,53,90,70,AI Engineer,55.38
6.44,Intermediate,61,22,47,36,22,47,82,55,Mobile App Developer,46.5
7.15,Intermediate,31,94,70,41,20,23,92,83,Backend Developer,56.75
7.82,Beginner,29,70,54,11,27,37,83,41,Java Developer,44.0
7.33,Intermediate,48,96,75,37,25,39,71,90,Backend Developer,60.12
8.2,Intermediate,41,71,81,17,14,86,80,68,Cyber Security Engineer,57.25
6.67,Beginner,45,66,45,64,35,32,90,71,Python Developer,56.0
5.7,Intermediate,91,77,60,47,47,29,62,90,Full Stack Developer,62.88
7.34,Intermediate,37,52,57,12,14,99,83,62,Cloud Engineer,52.0
6.19,Intermediate,82,51,48,45,23,49,73,40,Frontend Developer,51.38
5.56,Beginner,28,83,21,77,26,45,89,54,Python Developer,52.88
8.95,Advanced,20,43,57,27,12,22,94,66,Software Engineer,42.62
7.41,Intermediate,59,86,52,38,40,46,86,84,Java Developer,61.38
7.05,Intermediate,45,49,90,74,92,27,56,60,Data Scientist,61.62
6.3,Intermediate,38,80,27,10,44,47,78,89,Java Developer,51.62
5.87,Intermediate,66,58,33,23,33,20,73,57,Mobile App Developer,45.38
8.26,Beginner,33,86,44,78,28,31,81,87,Python Developer,58.5
6.43,Beginner,57,68,70,47,21,90,56,62,DevOps Engineer,58.88
6.13,Intermediate,91,91,69,15,49,49,67,82,Full Stack Developer,64.12
7.0,Intermediate,53,92,86,40,46,31,95,74,Backend Developer,64.62
8.22,Intermediate,41,78,63,24,17,90,57,55,DevOps Engineer,53.12
8.13,Intermediate,50,97,81,21,16,42,85,84,Backend Developer,59.5
7.9,Intermediate,45,90,74,18,24,40,90,47,Backend Developer,53.5
6.61,Intermediate,53,49,56,20,31,90,77,64,Cloud Engineer,55.0
7.23,Intermediate,81,40,44,33,49,49,66,59,Frontend Developer,52.62
6.41,Beginner,90,78,60,16,32,34,48,46,Full Stack Developer,50.5
8.29,Intermediate,43,35,43,16,13,90,81,87,Cloud Engineer,51.0
6.72,Intermediate,43,66,54,53,45,22,75,75,Python Developer,54.12
6.96,Beginner,80,40,49,20,27,22,71,63,Frontend Developer,46.5
6.63,Beginner,80,78,73,15,36,36,63,82,Full Stack Developer,57.88
7.03,Intermediate,36,53,35,100,31,66,92,63,AI Engineer,59.5
5.84,Intermediate,54,43,71,71,93,41,69,44,Data Scientist,60.75
5.8,Beginner,89,76,66,44,38,21,50,61,Full Stack Developer,55.62
6.99,Intermediate,32,43,52,20,35,92,70,79,Cloud Engineer,52.88
7.95,Beginner,39,84,62,36,40,65,74,64,Cyber Security Engineer,58.0
9.23,Intermediate,54,53,51,50,15,28,81,60,Software Engineer,49.0
9.79,Advanced,54,25,58,43,14,30,98,54,Software Engineer,47.0
7.5,Intermediate,42,28,83,65,84,39,51,72,Data Scientist,58.0
9.74,Advanced,56,20,38,39,23,38,83,47,Software Engineer,43.0
6.97,Beginner,83,90,65,18,17,47,64,82,Full Stack Developer,58.25
7.39,Intermediate,87,72,68,13,47,27,44,56,Full Stack Developer,51.75
8.53,Advanced,33,45,22,23,43,29,88,51,Software Engineer,41.75
7.68,Intermediate,53,65,63,35,10,91,45,81,DevOps Engineer,55.38
7.98,Intermediate,31,27,82,28,87,36,48,73,Data Analyst,51.5
7.19,Beginner,39,68,61,41,42,89,50,44,DevOps Engineer,54.25
7.84,Intermediate,31,37,22,75,20,74,81,75,AI Engineer,51.88
9.72,Intermediate,37,41,39,100,81,37,87,60,Machine Learning Engineer,60.25
6.38,Intermediate,46,89,77,47,48,67,87,87,Cyber Security Engineer,68.5
7.65,Advanced,28,91,92,16,14,24,72,66,Backend Developer,50.38
7.75,Intermediate,36,79,54,35,10,20,89,63,Java Developer,48.25
6.58,Beginner,54,67,66,17,19,93,60,63,DevOps Engineer,54.88
7.73,Beginner,79,22,42,35,40,42,77,47,Mobile App Developer,48.0
6.7,Beginner,51,57,93,23,90,21,67,72,Data Analyst,59.25
8.09,Beginner,27,58,86,87,86,31,70,80,Data Scientist,65.62
6.58,Intermediate,27,82,93,40,11,48,82,84,Backend Developer,58.38
7.16,Advanced,39,24,60,89,43,72,83,74,AI Engineer,60.5
6.18,Intermediate,38,73,56,44,26,100,52,46,DevOps Engineer,54.38
7.7,Beginner,58,72,83,33,17,84,75,78,Cyber Security Engineer,62.5
6.68,Beginner,31,75,68,10,31,99,51,51,DevOps Engineer,52.0
5.73,Intermediate,69,28,32,36,41,21,75,80,Mobile App Developer,47.75
6.77,Beginner,83,95,74,30,21,41,57,47,Full Stack Developer,56.0
8.47,Intermediate,44,85,41,75,18,49,84,82,Python Developer,59.75
6.99,Intermediate,38,57,34,16,23,99,87,45,Cloud Engineer,49.88
5.92,Intermediate,49,84,50,13,35,97,65,77,DevOps Engineer,58.75
6.61,Intermediate,20,49,86,76,83,30,56,75,Data Scientist,59.38
6.94,Beginner,21,55,76,11,81,23,56,87,Data Analyst,51.25
8.46,Intermediate,55,55,81,84,84,40,57,65,Data Scientist,65.12
6.49,Beginner,52,73,21,46,44,28,84,86,Java Developer,54.25
5.67,Beginner,29,43,23,44,48,98,72,83,Cloud Engineer,55.0
7.42,Beginner,39,30,87,16,82,35,65,74,Data Analyst,53.5
7.5,Intermediate,22,81,91,48,37,23,87,43,Backend Developer,54.0
8.21,Beginner,53,58,73,86,97,31,43,86,Data Scientist,65.88
7.92,Intermediate,34,76,65,48,43,61,99,43,Cyber Security Engineer,58.62
9.02,Beginner,37,34,55,85,89,31,85,74,Machine Learning Engineer,61.25
7.11,Beginner,43,44,78,28,83,39,52,80,Data Analyst,55.88
6.96,Intermediate,51,74,50,28,11,94,48,73,DevOps Engineer,53.62
7.58,Beginner,33,79,53,43,18,81,52,47,DevOps Engineer,50.75
5.78,Beginner,24,56,43,36,27,95,69,80,Cloud Engineer,53.75
7.46,Beginner,79,47,29,24,30,31,67,80,Frontend Developer,48.38
6.9,Beginner,74,79,70,15,27,23,59,42,Full Stack Developer,48.62
8.03,Beginner,63,34,24,16,46,36,87,65,Mobile App Developer,46.38
8.32,Beginner,23,29,78,42,84,33,43,87,Data Analyst,52.38
7.6,Beginner,58,66,40,65,17,41,83,46,Python Developer,52.0
8.9,Intermediate,41,55,54,87,83,33,92,90,Machine Learning Engineer,66.88
7.77,Beginner,58,70,56,11,45,30,91,66,Java Developer,53.38
8.11,Intermediate,51,92,81,13,29,20,79,40,Backend Developer,50.62
7.68,Beginner,95,46,49,27,16,31,78,55,Frontend Developer,49.62
8.03,Beginner,64,29,25,22,31,21,89,72,Mobile App Developer,44.12
7.34,Intermediate,32,54,78,18,88,47,50,92,Data Analyst,57.38
7.31,Intermediate,69,26,27,34,10,29,72,60,Mobile App Developer,40.88
6.31,Beginner,80,58,53,12,13,39,76,47,Frontend Developer,47.25
7.44,Intermediate,52,96,84,34,34,29,80,68,Backend Developer,59.62
6.15,Beginner,23,74,89,28,39,88,96,41,Cyber Security Engineer,59.75
7.68,Advanced,40,24,48,48,26,43,91,43,Software Engineer,45.38
5.67,Intermediate,80,32,49,39,21,39,78,75,Mobile App Developer,51.62
8.44,Beginner,21,52,87,70,82,44,43,77,Data Scientist,59.5
7.79,Intermediate,45,81,74,23,30,92,46,40,DevOps Engineer,53.88
5.69,Beginner,84,24,46,29,40,49,88,47,Frontend Developer,50.88
7.03,Intermediate,45,76,56,62,46,40,92,65,Python Developer,60.25
8.03,Beginner,28,88,22,18,18,47,83,54,Java Developer,44.75
5.95,Beginner,28,82,65,25,16,68,90,88,Cyber Security Engineer,57.75
5.97,Beginner,95,31,58,35,13,23,90,64,Frontend Developer,51.12
6.17,Beginner,70,22,54,42,38,30,92,50,Mobile App Developer,49.75
7.71,Intermediate,32,25,60,95,85,36,95,66,Machine Learning Engineer,61.75
7.76,Beginner,84,27,39,36,35,44,70,88,Mobile App Developer,52.88
6.13,Intermediate,50,71,80,50,39,84,89,90,Cyber Security Engineer,69.12
8.48,Advanced,37,39,31,49,15,33,91,70,Software Engineer,45.62
6.34,Beginner,23,48,78,33,68,41,50,78,Data Analyst,52.38
7.29,Intermediate,57,84,41,63,48,46,76,83,Python Developer,62.25
7.49,Intermediate,87,90,90,40,32,24,42,54,Full Stack Developer,57.38
5.72,Beginner,22,46,75,10,65,29,67,75,Data Analyst,48.62
5.65,Intermediate,44,91,85,31,17,39,78,66,Backend Developer,56.38
6.48,Intermediate,34,21,59,91,48,57,95,55,AI Engineer,57.5
7.69,Intermediate,68,56,27,36,11,30,80,41,Mobile App Developer,43.62
5.77,Intermediate,36,77,95,24,15,39,84,52,Backend Developer,52.75
6.53,Beginner,21,83,35,16,36,29,97,50,Java Developer,45.88
6.19,Beginner,91,25,31,25,24,23,88,80,Frontend Developer,48.38
5.54,Intermediate,20,90,50,60,25,22,85,57,Python Developer,51.12
7.57,Intermediate,34,64,89,41,16,72,71,69,Cyber Security Engineer,57.0
5.87,Advanced,32,98,74,36,38,50,80,78,Backend Developer,60.75
6.29,Beginner,33,68,51,11,32,22,88,71,Java Developer,47.0
5.83,Beginner,60,54,51,47,47,35,76,78,Mobile App Developer,56.0
8.6,Intermediate,53,46,37,11,45,33,99,41,Software Engineer,45.62
8.42,Intermediate,49,91,76,35,45,49,85,46,Backend Developer,59.5
6.45,Intermediate,58,85,68,19,50,75,82,63,Cyber Security Engineer,62.5
7.44,Intermediate,29,34,76,41,67,37,67,72,Data Analyst,52.88
7.78,Intermediate,77,88,67,44,23,47,42,40,Full Stack Developer,53.5
6.12,Intermediate,58,53,75,85,88,28,41,45,Data Scientist,59.12
9.61,Intermediate,21,20,50,87,82,33,95,85,Machine Learning Engineer,59.12
8.16,Beginner,28,62,71,38,27,88,85,45,Cyber Security Engineer,55.5
7.33,Intermediate,34,57,78,20,77,48,66,95,Data Analyst,59.38
5.64,Beginner,34,31,43,31,13,99,84,44,Cloud Engineer,47.38
6.19,Beginner,35,47,75,75,85,46,47,42,Data Scientist,56.5
7.21,Intermediate,28,75,22,45,29,28,89,60,Java Developer,47.0
7.99,Beginner,75,45,29,50,46,39,84,75,Frontend Developer,55.38
7.07,Beginner,33,79,71,21,49,83,60,86,DevOps Engineer,60.25
6.96,Beginner,43,66,76,23,25,86,70,71,DevOps Engineer,57.5
9.78,Beginner,56,52,53,85,84,37,94,74,Machine Learning Engineer,66.88
9.75,Intermediate,53,21,51,88,80,24,75,56,Machine Learning Engineer,56.0
6.1,Beginner,51,56,94,16,85,35,64,74,Data Analyst,59.38
8.24,Advanced,25,54,39,49,20,32,85,49,Software Engineer,44.12
7.87,Intermediate,25,47,92,29,77,47,57,73,Data Analyst,55.88
7.38,Intermediate,20,32,80,41,80,33,67,94,Data Analyst,55.88
8.04,Intermediate,79,42,46,23,30,26,84,44,Mobile App Developer,46.75
6.15,Beginner,56,46,71,72,95,26,57,40,Data Scientist,57.88
8.3,Intermediate,46,20,98,49,69,37,52,80,Data Analyst,56.38
6.47,Intermediate,75,77,65,17,26,29,58,61,Full Stack Developer,51.0
8.26,Intermediate,88,70,63,12,45,20,49,75,Full Stack Developer,52.75
7.45,Intermediate,83,51,34,29,29,25,93,61,Mobile App Developer,50.62
6.08,Beginner,83,34,42,46,12,50,84,72,Mobile App Developer,52.88
5.8,Intermediate,50,41,78,21,68,32,45,76,Data Analyst,51.38
7.73,Advanced,39,94,83,32,37,44,95,63,Backend Developer,60.88
6.54,Beginner,28,86,57,79,26,48,76,63,Python Developer,57.88
7.64,Beginner,36,32,88,32,66,33,45,91,Data Analyst,52.88
7.75,Advanced,31,43,60,96,35,73,78,88,AI Engineer,63.0
6.4,Advanced,44,87,79,38,43,39,90,60,Backend Developer,60.0
7.35,Intermediate,54,37,22,35,27,99,62,54,Cloud Engineer,48.75
7.83,Beginner,44,22,44,22,25,86,76,66,Cloud Engineer,48.12
8.44,Intermediate,71,27,40,46,48,45,94,45,Mobile App Developer,52.0
7.97,Intermediate,41,80,82,25,37,61,75,60,Cyber Security Engineer,57.62
7.92,Intermediate,27,100,85,48,46,34,93,75,Backend Developer,63.5
8.84,Intermediate,55,52,47,18,12,24,100,52,Software Engineer,45.0
7.2,Beginner,30,71,68,48,37,74,76,45,Cyber Security Engineer,56.12
7.31,Intermediate,37,78,88,19,15,39,87,76,Backend Developer,54.88
6.01,Advanced,46,39,31,76,21,54,87,67,AI Engineer,52.62
6.44,Intermediate,26,23,87,89,83,41,64,71,Data Scientist,60.5
6.51,Beginner,76,94,77,30,29,35,70,55,Full Stack Developer,58.25
9.25,Intermediate,54,45,50,94,86,42,84,50,Machine Learning Engineer,63.12
5.57,Beginner,34,67,36,13,43,20,75,70,Java Developer,44.75
9.09,Beginner,22,54,38,99,91,42,77,55,Machine Learning Engineer,59.75
8.44,Intermediate,20,55,87,83,94,46,43,57,Data Scientist,60.62
7.73,Advanced,49,58,40,37,11,23,92,74,Software Engineer,48.0
8.11,Beginner,54,55,53,90,78,42,80,89,Machine Learning Engineer,67.62
8.03,Advanced,20,51,40,80,44,67,95,60,AI Engineer,57.12
5.89,Beginner,87,78,63,42,13,49,47,47,Full Stack Developer,53.25
5.73,Beginner,40,80,33,42,31,48,96,53,Java Developer,52.88
6.84,Beginner,80,60,28,31,25,37,78,90,Frontend Developer,53.62
8.16,Intermediate,46,85,33,55,15,31,89,80,Python Developer,54.25
8.26,Beginner,23,86,43,67,46,47,97,40,Python Developer,56.12
7.16,Beginner,60,38,33,23,29,46,76,71,Mobile App Developer,47.0
7.77,Intermediate,31,88,72,46,21,89,100,73,Cyber Security Engineer,65.0
6.12,Beginner,40,57,96,43,74,49,55,87,Data Analyst,62.62
8.0,Beginner,34,34,33,93,85,27,93,79,Machine Learning Engineer,59.75
7.56,Intermediate,32,41,79,68,80,22,64,72,Data Scientist,57.25
6.05,Beginner,51,86,29,60,44,44,77,60,Python Developer,56.38
6.72,Intermediate,87,42,42,47,43,25,86,61,Mobile App Developer,54.12
7.15,Advanced,28,84,80,33,39,29,75,89,Backend Developer,57.12
8.3,Beginner,46,44,22,86,91,39,92,78,Machine Learning Engineer,62.25
6.98,Intermediate,39,60,57,11,12,99,62,54,DevOps Engineer,49.25
8.47,Intermediate,43,86,27,66,47,29,78,90,Python Developer,58.25
8.35,Intermediate,56,75,36,65,24,37,77,43,Python Developer,51.62
8.53,Intermediate,57,33,26,16,28,21,95,52,Software Engineer,41.0
6.33,Beginner,59,85,43,22,22,47,83,50,Java Developer,51.38
7.5,Advanced,43,45,56,18,41,37,85,89,Software Engineer,51.75
7.54,Intermediate,46,87,32,12,22,24,81,72,Java Developer,47.0
5.98,Beginner,41,22,82,43,84,41,69,71,Data Analyst,56.62
8.65,Intermediate,47,21,35,92,78,24,89,64,Machine Learning Engineer,56.25
7.8,Beginner,31,59,33,93,79,35,78,72,Machine Learning Engineer,60.0
5.83,Intermediate,75,86,76,44,25,24,69,53,Full Stack Developer,56.5
8.07,Intermediate,33,60,31,86,84,29,82,58,Machine Learning Engineer,57.88
7.01,Beginner,29,31,73,88,94,44,61,43,Data Scientist,57.88
7.97,Beginner,24,86,49,55,37,22,83,67,Python Developer,52.88
7.48,Intermediate,49,76,79,32,46,66,71,56,Cyber Security Engineer,59.38
5.78,Beginner,98,43,44,23,15,26,61,72,Frontend Developer,47.75
6.53,Advanced,29,78,87,26,30,40,83,85,Backend Developer,57.25
6.55,Beginner,93,21,41,44,28,23,71,70,Frontend Developer,48.88
8.29,Intermediate,75,27,39,42,47,27,63,60,Frontend Developer,47.5
5.79,Intermediate,37,28,50,89,13,63,83,79,AI Engineer,55.25
6.81,Intermediate,55,31,35,96,36,50,74,83,AI Engineer,57.5
6.7,Intermediate,22,66,58,35,15,32,82,52,Java Developer,45.25
7.82,Intermediate,47,98,90,50,18,25,74,43,Backend Developer,55.62
8.66,Intermediate,37,33,34,94,89,26,93,56,Machine Learning Engineer,57.75
6.08,Advanced,27,97,84,31,10,27,91,49,Backend Developer,52.0
8.08,Intermediate,54,44,94,20,78,23,49,83,Data Analyst,55.62
6.54,Beginner,26,29,84,79,89,48,59,83,Data Scientist,62.12
6.84,Beginner,83,53,23,39,47,25,67,71,Frontend Developer,51.0
6.56,Beginner,67,49,23,29,14,43,71,48,Mobile App Developer,43.0
7.05,Advanced,27,98,75,24,44,20,95,78,Backend Developer,57.62
7.98,Intermediate,27,88,26,49,35,43,98,41,Java Developer,50.88
8.28,Beginner,77,82,90,27,16,38,41,88,Full Stack Developer,57.38
5.68,Beginner,95,91,70,46,50,23,61,40,Full Stack Developer,59.5
7.11,Intermediate,26,67,21,77,10,45,81,51,Python Developer,47.25
6.43,Beginner,30,30,25,23,48,88,79,77,Cloud Engineer,50.0
6.03,Intermediate,25,43,20,87,35,79,81,61,AI Engineer,53.88
5.87,Intermediate,46,28,89,43,81,37,55,87,Data Analyst,58.25
7.21,Intermediate,46,86,80,35,24,85,46,43,DevOps Engineer,55.62
6.57,Beginner,29,72,72,30,14,100,41,79,DevOps Engineer,54.62
5.92,Intermediate,40,77,90,20,25,22,79,61,Backend Developer,51.75
7.49,Beginner,63,54,35,41,29,27,75,87,Mobile App Developer,51.38
8.44,Beginner,51,34,28,42,45,92,64,56,Cloud Engineer,51.5
6.28,Beginner,72,60,60,49,38,41,94,41,Mobile App Developer,56.88
7.18,Beginner,50,56,89,50,78,41,67,84,Data Analyst,64.38
9.4,Advanced,23,59,32,22,38,48,94,49,Software Engineer,45.62
6.15,Advanced,22,86,73,30,16,22,91,69,Backend Developer,51.12
5.52,Intermediate,92,80,83,15,10,41,56,68,Full Stack Developer,55.62
8.14,Intermediate,58,32,58,88,45,53,80,46,AI Engineer,57.5
6.28,Advanced,45,37,35,89,25,70,81,74,AI Engineer,57.0
6.45,Beginner,35,76,54,12,24,20,80,81,Java Developer,47.75
5.61,Beginner,43,55,98,37,74,32,52,90,Data Analyst,60.12
8.02,Beginner,85,40,39,39,49,21,92,59,Mobile App Developer,53.0
6.94,Beginner,27,81,70,11,21,72,97,78,Cyber Security Engineer,57.12
6.68,Beginner,47,56,43,24,26,95,63,69,Cloud Engineer,52.88
5.81,Intermediate,60,66,45,52,44,36,92,61,Python Developer,57.0
7.51,Beginner,35,84,66,33,27,87,56,58,DevOps Engineer,55.75
7.38,Intermediate,36,41,37,96,29,76,71,66,AI Engineer,56.5
7.15,Beginner,43,42,76,72,100,31,51,89,Data Scientist,63.0
7.36,Intermediate,34,59,45,39,36,86,84,81,Cloud Engineer,58.0
8.29,Intermediate,28,60,60,67,36,48,82,57,Python Developer,54.75
5.82,Beginner,51,79,42,49,20,25,93,90,Java Developer,56.12
7.95,Intermediate,52,69,33,52,30,46,76,90,Python Developer,56.0
7.75,Intermediate,60,39,68,82,88,35,41,72,Data Scientist,60.62
6.31,Intermediate,76,79,78,26,39,44,61,62,Full Stack Developer,58.12
8.39,Intermediate,60,40,81,74,100,50,65,75,Data Scientist,68.12
8.93,Advanced,51,47,22,11,30,24,88,68,Software Engineer,42.62
7.41,Beginner,22,64,86,14,11,61,76,60,Cyber Security Engineer,49.25
6.61,Intermediate,35,47,40,77,35,71,71,89,AI Engineer,58.12
7.62,Beginner,57,46,22,91,76,48,89,44,Machine Learning Engineer,59.12
6.34,Beginner,40,87,82,43,23,66,90,83,Cyber Security Engineer,64.25
6.15,Beginner,77,46,23,29,17,49,60,56,Frontend Developer,44.62
8.15,Beginner,35,58,23,40,47,100,63,62,Cloud Engineer,53.5
8.72,Beginner,51,31,23,89,90,44,81,78,Machine Learning Engineer,60.88
7.6,Intermediate,56,58,87,81,88,45,51,82,Data Scientist,68.5
5.53,Beginner,61,23,29,23,20,31,71,64,Mobile App Developer,40.25
5.54,Beginner,88,76,81,48,38,23,55,48,Full Stack Developer,57.12
6.2,Advanced,53,78,73,16,49,37,74,58,Backend Developer,54.75
8.87,Intermediate,34,43,60,45,19,25,87,87,Software Engineer,50.0
8.45,Intermediate,23,59,48,99,75,35,85,89,Machine Learning Engineer,64.12
7.78,Intermediate,36,29,79,13,85,48,44,83,Data Analyst,52.12
7.31,Beginner,30,52,88,39,82,38,57,74,Data Analyst,57.5
7.07,Beginner,59,77,44,52,37,47,91,61,Python Developer,58.5
8.71,Intermediate,28,29,21,48,39,40,83,85,Software Engineer,46.62
7.05,Intermediate,84,22,22,15,25,50,76,90,Frontend Developer,48.0
7.31,Intermediate,86,50,41,50,33,32,91,59,Mobile App Developer,55.25
5.99,Intermediate,74,86,70,46,33,27,51,45,Full Stack Developer,54.0
9.7,Advanced,31,44,57,31,27,35,83,71,Software Engineer,47.38
7.8,Intermediate,56,22,47,32,16,34,96,85,Software Engineer,48.5
6.23,Beginner,42,73,90,23,12,75,78,50,Cyber Security Engineer,55.38
8.25,Intermediate,48,55,21,92,15,51,87,61,AI Engineer,53.75
6.32,Intermediate,60,80,46,63,27,20,89,82,Python Developer,58.38
6.3,Beginner,98,42,23,46,43,21,88,42,Frontend Developer,50.38
5.96,Intermediate,23,56,40,98,30,54,73,46,AI Engineer,52.5
8.15,Intermediate,66,43,51,47,31,36,87,86,Mobile App Developer,55.88
8.05,Intermediate,35,45,83,31,83,28,63,82,Data Analyst,56.25
7.78,Beginner,56,36,82,81,80,43,46,56,Data Scientist,60.0
6.58,Intermediate,57,58,47,21,24,88,62,78,Cloud Engineer,54.38
7.03,Beginner,72,31,60,10,24,39,93,45,Mobile App Developer,46.75
7.34,Intermediate,41,21,48,32,48,95,85,87,Cloud Engineer,57.12
7.23,Beginner,39,44,77,35,89,34,50,76,Data Analyst,55.5
9.37,Intermediate,48,59,37,44,39,26,100,67,Software Engineer,52.5
7.43,Intermediate,42,62,61,24,34,71,75,44,Cyber Security Engineer,51.62
7.5,Intermediate,21,25,80,20,73,38,42,73,Data Analyst,46.5
8.13,Beginner,69,46,54,40,22,39,94,75,Mobile App Developer,54.88
5.52,Beginner,59,77,27,29,27,27,94,55,Java Developer,49.38
7.15,Intermediate,56,74,67,21,16,91,65,65,DevOps Engineer,56.88
7.66,Beginner,45,53,21,49,50,99,81,68,Cloud Engineer,58.25
6.03,Beginner,50,43,52,22,48,89,62,55,Cloud Engineer,52.62
5.79,Beginner,48,46,36,49,21,93,88,72,Cloud Engineer,56.62
6.64,Intermediate,59,20,66,79,86,31,47,64,Data Scientist,56.5
8.45,Intermediate,31,90,24,52,28,35,100,51,Python Developer,51.38
7.68,Beginner,96,30,29,50,33,40,81,82,Frontend Developer,55.12
7.6,Intermediate,87,47,34,19,43,43,61,83,Frontend Developer,52.12
8.4,Beginner,78,91,68,10,16,37,57,48,Full Stack Developer,50.62
7.56,Intermediate,79,44,41,21,32,38,76,71,Mobile App Developer,50.25
8.16,Beginner,32,51,85,25,77,41,60,93,Data Analyst,58.0
5.63,Beginner,90,30,49,16,26,23,88,84,Frontend Developer,50.75
8.43,Intermediate,61,44,41,11,24,45,74,60,Mobile App Developer,45.0
6.97,Advanced,42,22,52,88,13,70,91,63,AI Engineer,55.12
7.72,Intermediate,100,26,44,45,45,43,87,54,Frontend Developer,55.5
7.18,Beginner,58,33,86,65,82,39,56,84,Data Scientist,62.88
7.44,Beginner,86,24,42,24,10,48,87,85,Mobile App Developer,50.75
7.06,Beginner,24,64,58,77,27,22,83,68,Python Developer,52.88
5.5,Intermediate,36,67,48,48,29,39,93,71,Java Developer,53.88
6.94,Beginner,23,60,39,59,17,46,91,72,Python Developer,50.88
8.05,Beginner,26,47,21,88,83,36,91,86,Machine Learning Engineer,59.75
5.78,Intermediate,58,23,39,34,22,86,67,69,Cloud Engineer,49.75
6.74,Intermediate,25,81,78,17,35,73,93,71,Cyber Security Engineer,59.12
8.07,Beginner,25,42,65,90,85,23,46,71,Data Scientist,55.88
6.48,Advanced,49,40,41,90,10,74,71,74,AI Engineer,56.12
8.05,Beginner,40,24,30,41,12,86,63,71,Cloud Engineer,45.88
6.51,Intermediate,40,71,43,74,37,38,84,76,Python Developer,57.88
8.29,Intermediate,42,41,47,13,10,95,75,76,Cloud Engineer,49.88
6.99,Beginner,76,39,23,39,50,24,87,59,Mobile App Developer,49.62
6.78,Intermediate,49,76,55,41,11,98,70,82,DevOps Engineer,60.25
5.7,Intermediate,57,50,75,83,90,28,68,48,Data Scientist,62.38
7.57,Intermediate,40,36,46,10,24,40,85,78,Software Engineer,44.88
7.86,Intermediate,46,52,44,48,36,26,89,59,Software Engineer,50.0
9.15,Advanced,54,47,37,27,46,29,89,71,Software Engineer,50.0
7.47,Intermediate,57,57,85,36,87,34,58,71,Data Analyst,60.62
8.16,Beginner,20,68,43,80,41,30,87,60,Python Developer,53.62
7.56,Advanced,41,58,30,81,37,50,72,42,AI Engineer,51.38
9.73,Intermediate,43,51,34,37,38,30,80,88,Software Engineer,50.12
7.31,Beginner,24,83,79,16,19,76,72,42,Cyber Security Engineer,51.38
7.41,Intermediate,56,75,62,14,44,91,63,88,DevOps Engineer,61.62
8.45,Intermediate,74,83,78,19,19,44,45,64,Full Stack Developer,53.25
6.13,Intermediate,21,23,78,35,81,22,49,93,Data Analyst,50.25
6.54,Beginner,46,42,69,77,84,49,61,73,Data Scientist,62.62
5.91,Intermediate,33,28,98,21,73,48,58,79,Data Analyst,54.75
7.93,Intermediate,60,90,60,38,30,70,73,66,Cyber Security Engineer,60.88
7.53,Intermediate,39,26,36,87,30,62,75,42,AI Engineer,49.62
7.3,Intermediate,62,50,50,29,10,29,82,76,Mobile App Developer,48.5
7.52,Beginner,45,80,83,10,28,82,91,60,Cyber Security Engineer,59.88
7.8,Beginner,52,86,82,41,12,90,77,41,Cyber Security Engineer,60.12
7.98,Intermediate,43,55,41,20,43,89,71,47,Cloud Engineer,51.12
7.54,Beginner,29,43,66,73,83,39,59,51,Data Scientist,55.38
8.31,Advanced,49,22,45,84,28,58,81,41,AI Engineer,51.0
8.4,Intermediate,28,83,46,33,38,36,85,79,Java Developer,53.5
6.22,Intermediate,88,24,37,47,40,38,75,48,Mobile App Developer,49.62
6.65,Intermediate,35,22,32,89,41,58,95,51,AI Engineer,52.88
5.76,Intermediate,60,64,50,69,19,27,83,48,Python Developer,52.5
7.12,Beginner,54,26,68,65,81,47,44,42,Data Scientist,53.38
6.74,Beginner,31,88,36,73,49,50,77,82,Python Developer,60.75
8.26,Intermediate,72,73,61,27,35,49,51,69,Full Stack Developer,54.62
7.58,Beginner,32,28,67,78,81,48,70,54,Data Scientist,57.25
6.8,Intermediate,32,74,68,23,10,72,71,43,Cyber Security Engineer,49.12
7.18,Intermediate,87,35,32,21,42,34,67,41,Frontend Developer,44.88
7.97,Intermediate,48,59,31,82,47,56,73,42,AI Engineer,54.75
7.48,Beginner,96,60,35,50,19,35,75,79,Frontend Developer,56.12
6.38,Beginner,56,30,38,39,16,90,88,87,Cloud Engineer,55.5
5.75,Advanced,47,35,40,77,24,70,95,84,AI Engineer,59.0
6.47,Intermediate,76,80,72,38,17,38,63,40,Full Stack Developer,53.0
7.48,Beginner,59,55,80,18,87,39,55,81,Data Analyst,59.25
7.3,Beginner,90,42,41,46,20,34,88,49,Frontend Developer,51.25
8.85,Intermediate,51,54,30,89,95,49,77,47,Machine Learning Engineer,61.5
7.71,Beginner,45,82,33,26,49,29,84,75,Java Developer,52.88
7.84,Beginner,84,30,38,30,44,22,72,77,Frontend Developer,49.62
7.86,Intermediate,23,74,74,20,28,90,67,48,DevOps Engineer,53.0
6.97,Beginner,49,50,69,70,83,30,51,43,Data Scientist,55.62
6.58,Beginner,81,25,21,31,13,40,84,44,Mobile App Developer,42.38
7.1,Beginner,78,28,21,33,42,47,77,57,Frontend Developer,47.88
8.71,Intermediate,32,52,25,34,35,34,89,60,Software Engineer,45.12
9.24,Intermediate,42,26,44,93,86,26,89,69,Machine Learning Engineer,59.38
5.9,Beginner,39,83,52,64,23,32,96,71,Python Developer,57.5
5.73,Intermediate,59,98,80,25,34,37,92,62,Backend Developer,60.88
5.6,Intermediate,49,87,60,44,28,85,92,65,Cyber Security Engineer,63.75
7.45,Advanced,47,40,27,89,30,54,73,45,AI Engineer,50.62
6.16,Beginner,35,26,88,28,74,22,56,90,Data Analyst,52.38
8.31,Beginner,47,60,85,90,92,50,59,89,Data Scientist,71.5
6.17,Beginner,88,46,42,36,22,40,69,48,Frontend Developer,48.88
6.45,Beginner,28,53,79,89,96,31,54,55,Data Scientist,60.62
7.07,Intermediate,92,76,76,43,21,35,60,67,Full Stack Developer,58.75
6.22,Intermediate,20,76,62,43,41,86,50,51,DevOps Engineer,53.62
8.36,Beginner,23,24,80,68,95,36,62,84,Data Scientist,59.0
7.59,Beginner,75,23,52,48,45,32,89,48,Frontend Developer,51.5
7.61,Beginner,36,77,78,20,12,68,82,75,Cyber Security Engineer,56.0
6.12,Intermediate,73,29,47,21,35,37,89,54,Mobile App Developer,48.12
6.93,Beginner,29,77,79,26,42,94,70,86,DevOps Engineer,62.88
7.63,Intermediate,45,46,89,48,80,33,53,77,Data Analyst,58.88
8.28,Intermediate,51,56,27,90,28,54,83,68,AI Engineer,57.12
5.89,Beginner,85,38,21,36,13,33,77,59,Frontend Developer,45.25
8.61,Advanced,39,58,31,31,28,50,90,48,Software Engineer,46.88
6.91,Intermediate,56,45,79,37,76,46,67,86,Data Analyst,61.5
6.57,Beginner,82,93,79,49,14,21,50,89,Full Stack Developer,59.62
7.99,Intermediate,60,31,42,32,38,25,89,67,Software Engineer,48.0
7.51,Beginner,95,92,76,34,10,48,45,63,Full Stack Developer,57.88
7.39,Beginner,57,57,45,23,18,87,63,58,Cloud Engineer,51.0
8.29,Intermediate,39,80,81,41,21,20,73,81,Backend Developer,54.5
6.58,Intermediate,58,38,77,76,83,40,57,88,Data Scientist,64.62
7.82,Beginner,59,41,81,71,91,33,47,68,Data Scientist,61.38
6.99,Intermediate,41,57,65,84,82,30,51,43,Data Scientist,56.62
7.21,Beginner,92,40,28,13,33,25,83,46,Frontend Developer,45.0
6.47,Intermediate,29,37,68,84,89,22,58,54,Data Scientist,55.12
9.91,Beginner,20,27,50,85,94,22,89,65,Machine Learning Engineer,56.5
8.52,Beginner,46,58,59,100,81,22,78,71,Machine Learning Engineer,64.38
6.31,Beginner,90,46,51,11,43,45,80,76,Mobile App Developer,55.25
6.77,Beginner,57,64,61,46,34,93,49,75,DevOps Engineer,59.88
6.71,Intermediate,23,41,42,14,11,94,85,49,Cloud Engineer,44.88
6.37,Beginner,35,64,84,41,13,87,93,66,Cyber Security Engineer,60.38
6.51,Intermediate,41,65,63,13,36,87,46,56,DevOps Engineer,50.88
6.89,Beginner,23,24,96,46,75,42,61,93,Data Analyst,57.5
7.09,Intermediate,44,50,40,77,44,59,95,40,AI Engineer,56.12
8.34,Advanced,27,52,53,48,22,49,100,73,Software Engineer,53.0
5.94,Beginner,91,76,89,10,21,37,52,87,Full Stack Developer,57.88
7.98,Intermediate,43,81,84,27,32,69,83,52,Cyber Security Engineer,58.88
5.7,Intermediate,56,90,93,39,42,44,92,50,Backend Developer,63.25
8.02,Advanced,39,36,37,30,32,32,85,73,Software Engineer,45.5
8.4,Beginner,26,68,50,40,14,85,58,86,DevOps Engineer,53.38
6.96,Intermediate,63,40,29,38,22,42,86,48,Mobile App Developer,46.0
7.53,Beginner,90,48,45,35,25,34,66,65,Frontend Developer,51.0
7.3,Intermediate,45,48,84,21,69,28,50,84,Data Analyst,53.62
6.68,Intermediate,26,74,83,24,44,85,80,77,Cyber Security Engineer,61.62
7.88,Beginner,39,63,75,44,49,96,65,60,DevOps Engineer,61.38
5.96,Intermediate,94,71,86,16,16,30,42,57,Full Stack Developer,51.5
9.38,Intermediate,35,60,30,92,78,50,92,42,Machine Learning Engineer,59.88
5.84,Beginner,60,36,71,72,88,36,55,58,Data Scientist,59.5
5.98,Intermediate,22,57,21,11,49,85,69,85,Cloud Engineer,49.88
6.62,Intermediate,79,74,73,11,30,21,44,42,Full Stack Developer,46.75
6.69,Intermediate,55,96,76,48,34,33,77,50,Backend Developer,58.62
6.23,Beginner,22,24,99,30,80,49,52,91,Data Analyst,55.88
6.07,Intermediate,33,58,52,19,14,90,86,72,Cloud Engineer,53.0
6.26,Beginner,89,24,32,21,49,48,62,65,Frontend Developer,48.75
6.65,Intermediate,30,76,86,37,18,42,87,48,Backend Developer,53.0
7.56,Beginner,37,32,81,44,65,33,46,86,Data Analyst,53.0
5.99,Intermediate,31,29,51,88,16,80,91,76,AI Engineer,57.75
5.69,Beginner,33,60,52,44,35,81,50,85,DevOps Engineer,55.0
6.6,Advanced,45,79,73,28,16,22,81,60,Backend Developer,50.5
7.8,Beginner,38,85,34,59,39,26,88,73,Python Developer,55.25
7.02,Beginner,67,32,58,36,40,38,75,85,Mobile App Developer,53.88
6.76,Beginner,96,31,22,30,21,45,69,63,Frontend Developer,47.12
5.51,Intermediate,53,61,47,64,40,26,100,58,Python Developer,56.12
6.29,Beginner,58,70,50,31,36,44,97,77,Java Developer,57.88
7.57,Intermediate,51,20,24,36,12,35,93,51,Software Engineer,40.25
6.71,Beginner,72,82,61,20,50,50,52,53,Full Stack Developer,55.0
8.68,Beginner,43,39,45,93,91,39,93,80,Machine Learning Engineer,65.38
8.0,Intermediate,42,77,25,18,48,37,79,72,Java Developer,49.75
7.5,Intermediate,21,35,56,31,33,38,90,75,Software Engineer,47.38
7.79,Beginner,82,40,57,33,15,23,89,56,Frontend Developer,49.38
8.38,Intermediate,40,67,48,61,32,42,91,86,Python Developer,58.38
6.49,Beginner,70,77,76,18,33,46,53,74,Full Stack Developer,55.88
5.84,Advanced,33,90,73,36,37,38,71,42,Backend Developer,52.5
7.03,Beginner,29,77,44,29,28,45,92,74,Java Developer,52.25
7.63,Intermediate,56,35,59,16,24,95,69,43,Cloud Engineer,49.62
6.19,Intermediate,93,76,69,37,39,35,51,54,Full Stack Developer,56.75
5.63,Beginner,97,45,32,12,22,43,60,53,Frontend Developer,45.5
7.04,Beginner,80,85,88,12,48,42,54,44,Full Stack Developer,56.62
8.23,Advanced,38,42,33,95,23,70,95,41,AI Engineer,54.62
7.19,Intermediate,39,81,55,13,20,38,95,55,Java Developer,49.5
6.88,Intermediate,56,46,84,36,65,35,53,90,Data Analyst,58.12
7.52,Beginner,20,39,60,96,80,23,83,82,Machine Learning Engineer,60.38
8.27,Beginner,32,56,96,35,82,24,50,91,Data Analyst,58.25
8.07,Intermediate,25,35,36,75,48,68,78,52,AI Engineer,52.12
5.5,Beginner,23,78,78,29,15,90,92,63,Cyber Security Engineer,58.5
7.91,Beginner,46,50,91,35,78,34,57,87,Data Analyst,59.75
8.47,Intermediate,40,65,22,35,40,33,84,58,Java Developer,47.12
6.33,Beginner,21,53,51,29,30,100,88,88,Cloud Engineer,57.5
9.65,Advanced,57,52,36,22,19,40,90,40,Software Engineer,44.5
7.99,Beginner,28,86,79,39,48,73,90,73,Cyber Security Engineer,64.5
6.06,Beginner,54,45,51,43,46,100,86,65,Cloud Engineer,61.25
6.09,Intermediate,59,24,42,47,15,95,74,88,Cloud Engineer,55.5
7.64,Intermediate,26,46,37,30,34,40,92,74,Software Engineer,47.38
6.03,Beginner,42,81,50,63,20,50,94,88,Python Developer,61.0
7.73,Intermediate,33,37,38,48,28,49,84,68,Software Engineer,48.12
6.42,Beginner,35,58,90,11,87,24,61,74,Data Analyst,55.0
6.02,Beginner,20,69,47,61,37,37,78,76,Python Developer,53.12
7.9,Intermediate,36,86,60,71,18,48,78,76,Python Developer,59.12
7.09,Advanced,20,84,87,29,37,41,88,44,Backend Developer,53.75
9.13,Intermediate,21,28,25,43,11,50,91,83,Software Engineer,44.0
6.47,Beginner,42,85,74,31,14,88,65,73,DevOps Engineer,59.0
8.42,Intermediate,54,20,49,42,46,44,94,80,Software Engineer,53.62
7.98,Beginner,82,57,45,46,33,22,86,51,Mobile App Developer,52.75
8.16,Intermediate,33,28,59,21,21,89,67,61,Cloud Engineer,47.38
7.79,Intermediate,41,73,32,34,18,45,90,61,Java Developer,49.25
7.35,Beginner,58,70,61,46,35,62,73,58,Cyber Security Engineer,57.88
7.34,Beginner,93,45,44,16,25,28,71,43,Frontend Developer,45.62
6.21,Intermediate,45,81,33,46,38,41,99,75,Java Developer,57.25
9.36,Beginner,36,31,27,88,94,32,82,41,Machine Learning Engineer,53.88
6.17,Intermediate,93,95,87,18,27,29,48,55,Full Stack Developer,56.5
8.38,Beginner,22,89,89,38,31,87,80,79,Cyber Security Engineer,64.38
7.04,Intermediate,33,44,99,30,73,29,59,74,Data Analyst,55.12
5.68,Beginner,83,70,82,33,13,36,48,60,Full Stack Developer,53.12
7.83,Beginner,90,53,56,24,42,45,73,69,Mobile App Developer,56.5
5.73,Intermediate,26,76,71,34,22,28,93,56,Backend Developer,50.75
8.37,Beginner,88,46,36,21,43,21,67,53,Frontend Developer,46.88
7.08,Beginner,78,35,47,19,30,28,86,80,Frontend Developer,50.38
7.95,Beginner,36,43,36,93,80,33,92,82,Machine Learning Engineer,61.88
6.75,Beginner,23,79,28,45,21,28,80,70,Java Developer,46.75
7.07,Beginner,34,60,51,48,43,87,65,70,DevOps Engineer,57.25
6.56,Beginner,44,81,52,62,46,26,87,66,Python Developer,58.0
7.79,Intermediate,54,50,32,87,75,40,80,72,Machine Learning Engineer,61.25
7.76,Intermediate,41,37,32,85,46,59,88,63,AI Engineer,56.38
5.98,Beginner,48,51,26,28,14,96,67,52,Cloud Engineer,47.75
9.37,Intermediate,41,25,31,17,38,34,92,67,Software Engineer,43.12
5.55,Intermediate,24,62,64,11,33,78,85,69,Cyber Security Engineer,53.25
7.31,Intermediate,48,79,79,28,16,91,59,51,DevOps Engineer,56.38
6.63,Intermediate,27,27,27,47,32,98,83,70,Cloud Engineer,51.38
9.17,Intermediate,40,37,24,42,26,49,85,88,Software Engineer,48.88
9.05,Intermediate,52,24,33,86,92,48,91,72,Machine Learning Engineer,62.25
7.73,Beginner,47,26,90,90,87,37,60,63,Data Scientist,62.5
7.94,Beginner,43,77,53,52,17,39,87,86,Python Developer,56.75
8.11,Beginner,47,42,86,21,87,35,49,95,Data Analyst,57.75
8.0,Advanced,31,95,83,17,47,25,90,82,Backend Developer,58.75
9.54,Intermediate,59,23,41,93,91,31,87,48,Machine Learning Engineer,59.12
7.85,Intermediate,45,72,51,16,10,94,60,40,DevOps Engineer,48.5
6.15,Intermediate,49,65,24,79,24,23,97,79,Python Developer,55.0
6.66,Beginner,34,31,74,76,82,25,49,89,Data Scientist,57.5
8.47,Beginner,50,40,59,18,16,95,78,61,Cloud Engineer,52.12
7.9,Intermediate,75,25,44,46,43,24,71,90,Frontend Developer,52.25
8.27,Advanced,29,90,77,37,17,20,79,45,Backend Developer,49.25
7.16,Intermediate,57,26,23,85,22,70,77,87,AI Engineer,55.88
6.77,Beginner,59,61,66,20,49,97,58,40,DevOps Engineer,56.25
7.94,Intermediate,78,52,34,40,34,39,81,56,Frontend Developer,51.75
5.99,Beginner,24,85,64,22,15,85,100,79,Cyber Security Engineer,59.25
5.85,Advanced,45,58,28,99,43,53,75,41,AI Engineer,55.25
8.47,Intermediate,98,25,27,14,47,33,78,69,Frontend Developer,48.88
5.71,Intermediate,56,90,90,46,33,29,95,70,Backend Developer,63.62
5.57,Beginner,27,65,38,68,28,48,83,54,Python Developer,51.38
8.24,Beginner,41,44,86,77,93,45,50,76,Data Scientist,64.0
6.29,Intermediate,90,33,32,34,21,40,65,56,Frontend Developer,46.38
5.86,Advanced,44,92,93,45,10,49,71,48,Backend Developer,56.5
6.49,Intermediate,44,89,60,41,31,68,94,85,Cyber Security Engineer,64.0
9.57,Beginner,32,39,46,93,91,43,91,87,Machine Learning Engineer,65.25
8.34,Advanced,34,49,37,29,36,48,84,88,Software Engineer,50.62
7.11,Beginner,38,58,73,75,100,29,45,77,Data Scientist,61.88
6.72,Beginner,46,78,23,40,47,46,76,78,Java Developer,54.25
6.05,Intermediate,35,40,65,79,95,23,58,66,Data Scientist,57.62
7.0,Beginner,36,75,69,49,41,95,40,40,DevOps Engineer,55.62
6.28,Beginner,26,48,88,82,93,32,41,40,Data Scientist,56.25
6.84,Intermediate,31,77,92,33,30,21,84,76,Backend Developer,55.5
6.39,Intermediate,40,25,78,50,90,22,55,74,Data Analyst,54.25
6.93,Advanced,22,43,21,84,22,71,86,57,AI Engineer,50.75
6.02,Beginner,60,76,35,62,39,22,83,69,Python Developer,55.75
5.6,Beginner,97,27,51,25,25,23,80,74,Frontend Developer,50.25
7.88,Intermediate,28,85,59,60,20,33,75,66,Python Developer,53.25
5.93,Intermediate,33,81,88,38,48,29,73,77,Backend Developer,58.38
5.74,Intermediate,37,61,85,31,31,69,89,74,Cyber Security Engineer,59.62
6.15,Intermediate,21,83,53,19,23,32,81,62,Java Developer,46.75
8.36,Intermediate,36,20,90,10,72,30,60,76,Data Analyst,49.25
5.69,Intermediate,28,72,60,38,25,85,81,86,Cyber Security Engineer,59.38
8.03,Intermediate,42,69,60,31,39,98,58,69,DevOps Engineer,58.25
8.28,Intermediate,28,90,45,44,46,43,75,69,Java Developer,55.0
8.32,Intermediate,23,46,28,87,80,22,75,77,Machine Learning Engineer,54.75
6.66,Intermediate,95,77,79,33,20,24,60,49,Full Stack Developer,54.62
8.24,Intermediate,44,77,74,22,45,67,98,79,Cyber Security Engineer,63.25
6.76,Beginner,28,22,86,17,83,25,57,85,Data Analyst,50.38
7.6,Intermediate,24,65,43,64,14,33,85,53,Python Developer,47.62
6.04,Beginner,60,53,90,79,90,27,61,79,Data Scientist,67.38
7.9,Beginner,26,75,60,38,38,78,73,47,Cyber Security Engineer,54.38
6.16,Advanced,32,86,91,28,36,48,91,45,Backend Developer,57.12
6.09,Beginner,69,44,37,35,32,50,74,88,Mobile App Developer,53.62
7.41,Intermediate,20,46,39,15,36,94,87,60,Cloud Engineer,49.62
7.07,Intermediate,50,66,62,11,28,85,92,45,Cyber Security Engineer,54.88
6.87,Intermediate,36,25,20,24,42,86,88,42,Cloud Engineer,45.38
9.97,Intermediate,36,26,48,99,88,23,87,51,Machine Learning Engineer,57.25
7.03,Intermediate,32,82,24,47,48,30,91,48,Java Developer,50.25
6.97,Beginner,55,71,80,36,10,84,50,67,DevOps Engineer,56.62
6.73,Beginner,47,48,86,81,94,42,68,86,Data Scientist,69.0
8.24,Beginner,82,24,52,24,29,38,73,85,Frontend Developer,50.88
8.22,Beginner,69,32,23,30,26,30,80,55,Mobile App Developer,43.12
7.74,Intermediate,52,100,90,50,40,42,76,69,Backend Developer,64.88
7.93,Advanced,32,97,88,42,43,33,95,51,Backend Developer,60.12
5.74,Intermediate,31,44,64,85,95,27,70,79,Data Scientist,61.88
5.81,Intermediate,40,64,61,36,16,89,99,55,Cyber Security Engineer,57.5
6.84,Intermediate,80,46,42,42,50,48,82,78,Mobile App Developer,58.5
6.58,Intermediate,38,79,94,47,43,33,86,66,Backend Developer,60.75
8.32,Beginner,90,27,24,18,32,34,73,84,Mobile App Developer,47.75
5.94,Beginner,30,29,33,34,10,98,83,72,Cloud Engineer,48.62
5.81,Beginner,90,57,25,38,28,41,63,44,Frontend Developer,48.25
7.66,Intermediate,79,92,89,14,23,27,46,71,Full Stack Developer,55.12
9.54,Intermediate,53,39,29,95,86,47,95,76,Machine Learning Engineer,65.0
5.7,Beginner,83,26,58,36,21,48,62,63,Frontend Developer,49.62
7.22,Beginner,23,81,54,75,24,30,84,84,Python Developer,56.88
7.2,Beginner,84,28,27,43,42,24,89,73,Mobile App Developer,51.25
6.87,Intermediate,46,52,25,88,36,65,85,78,AI Engineer,59.38
6.21,Intermediate,74,32,56,48,39,39,85,90,Mobile App Developer,57.88
7.43,Beginner,21,80,56,15,40,94,69,79,DevOps Engineer,56.75
6.62,Intermediate,33,68,75,18,35,69,76,47,Cyber Security Engineer,52.62
7.89,Intermediate,52,23,54,13,13,49,83,74,Software Engineer,45.12
6.18,Advanced,38,79,84,20,47,48,76,47,Backend Developer,54.88
7.75,Beginner,57,52,42,95,86,34,88,59,Machine Learning Engineer,64.12
9.13,Beginner,36,56,59,89,82,49,94,45,Machine Learning Engineer,63.75
7.61,Intermediate,46,24,35,97,93,48,86,78,Machine Learning Engineer,63.38
6.72,Intermediate,95,77,89,42,31,33,44,63,Full Stack Developer,59.25
8.46,Beginner,30,85,34,34,18,28,80,49,Java Developer,44.75
7.92,Intermediate,49,56,49,35,26,42,95,69,Software Engineer,52.62
5.84,Intermediate,31,47,54,91,35,54,73,42,AI Engineer,53.38
9.99,Beginner,25,52,21,88,75,21,95,87,Machine Learning Engineer,58.0
5.83,Beginner,93,50,30,13,16,26,64,42,Frontend Developer,41.75
6.85,Intermediate,26,97,74,34,31,25,86,79,Backend Developer,56.5
6.96,Beginner,95,76,79,30,23,25,57,40,Full Stack Developer,53.12
5.61,Intermediate,80,33,37,22,30,29,62,57,Frontend Developer,43.75
6.23,Beginner,81,70,78,46,16,50,45,60,Full Stack Developer,55.75
6.52,Beginner,21,75,55,29,35,83,65,63,DevOps Engineer,53.25
5.58,Advanced,41,90,75,25,32,37,81,49,Backend Developer,53.75
8.2,Intermediate,76,36,57,37,39,38,70,80,Mobile App Developer,54.12
7.12,Intermediate,27,66,60,31,16,70,85,87,Cyber Security Engineer,55.25
7.64,Intermediate,50,46,24,92,23,78,76,41,AI Engineer,53.75
6.16,Intermediate,60,83,56,72,31,34,100,46,Python Developer,60.25
6.77,Beginner,90,74,76,10,28,41,50,67,Full Stack Developer,54.5
8.17,Intermediate,26,76,24,19,22,50,91,65,Java Developer,46.62
5.63,Beginner,80,86,87,38,37,47,49,52,Full Stack Developer,59.5
5.92,Intermediate,25,54,81,20,67,32,42,86,Data Analyst,50.88
5.61,Intermediate,40,73,74,27,45,64,77,44,Cyber Security Engineer,55.5
6.16,Advanced,52,33,46,99,31,68,81,77,AI Engineer,60.88
7.14,Beginner,88,21,25,24,48,49,90,90,Frontend Developer,54.38
8.36,Intermediate,29,23,36,98,92,34,79,65,Machine Learning Engineer,57.0
5.53,Beginner,82,58,30,11,17,38,88,79,Mobile App Developer,50.38
6.5,Intermediate,20,79,26,73,18,31,77,78,Python Developer,50.25
7.68,Intermediate,48,21,82,78,87,33,42,71,Data Scientist,57.75
7.07,Beginner,35,77,66,13,19,65,89,45,Cyber Security Engineer,51.12
7.22,Beginner,43,78,36,24,19,36,86,49,Java Developer,46.38
7.51,Beginner,37,80,62,13,38,80,45,78,DevOps Engineer,54.12
6.15,Advanced,49,91,70,16,10,34,86,57,Backend Developer,51.62
9.81,Intermediate,30,35,22,92,94,39,77,54,Machine Learning Engineer,55.38
7.76,Intermediate,42,29,60,15,30,25,82,85,Software Engineer,46.0
5.71,Intermediate,23,26,70,67,96,30,45,68,Data Scientist,53.12
7.63,Advanced,21,31,58,35,41,29,81,44,Software Engineer,42.5
7.68,Intermediate,44,47,56,97,85,20,82,73,Machine Learning Engineer,63.0
7.91,Intermediate,59,75,57,35,33,100,65,46,DevOps Engineer,58.75
7.49,Beginner,79,24,27,49,29,42,92,51,Mobile App Developer,49.12
8.4,Beginner,75,35,39,46,33,27,88,82,Mobile App Developer,53.12
7.23,Beginner,30,36,99,33,70,26,69,82,Data Analyst,55.62
6.03,Beginner,69,31,56,30,47,33,70,85,Mobile App Developer,52.62
8.24,Intermediate,54,41,57,37,28,98,75,77,Cloud Engineer,58.38
6.69,Intermediate,60,69,87,15,34,74,80,67,Cyber Security Engineer,60.75
5.97,Beginner,40,77,25,57,27,39,80,49,Python Developer,49.25
7.51,Intermediate,51,34,38,24,16,46,98,64,Software Engineer,46.38
7.14,Advanced,46,88,73,26,11,32,77,62,Backend Developer,51.88
5.6,Beginner,98,40,59,17,45,47,84,62,Frontend Developer,56.5
7.23,Beginner,32,28,30,27,48,93,64,49,Cloud Engineer,46.38
6.49,Beginner,38,63,79,34,16,80,84,49,Cyber Security Engineer,55.38
7.62,Intermediate,32,83,86,17,20,46,79,40,Backend Developer,50.38
6.51,Intermediate,48,29,52,48,32,94,68,58,Cloud Engineer,53.62
8.03,Intermediate,46,49,87,70,81,24,52,70,Data Scientist,59.88
9.87,Intermediate,25,31,37,100,91,45,80,48,Machine Learning Engineer,57.12
8.89,Intermediate,34,47,59,48,15,26,99,54,Software Engineer,47.75
5.95,Intermediate,87,49,28,45,30,32,74,60,Frontend Developer,50.62
8.15,Beginner,26,28,53,88,81,50,92,77,Machine Learning Engineer,61.88
6.28,Intermediate,57,86,67,14,45,82,48,75,DevOps Engineer,59.25
8.01,Intermediate,92,92,68,27,37,28,50,82,Full Stack Developer,59.5
5.73,Intermediate,33,72,89,40,45,61,86,88,Cyber Security Engineer,64.25
8.15,Beginner,38,48,67,71,81,44,46,63,Data Scientist,57.25
6.39,Beginner,86,71,69,19,32,47,50,88,Full Stack Developer,57.75
6.97,Beginner,46,90,38,12,27,34,85,51,Java Developer,47.88
6.49,Intermediate,57,84,94,15,18,24,72,63,Backend Developer,53.38
5.86,Intermediate,55,68,56,69,36,40,94,54,Python Developer,59.0
6.73,Beginner,73,39,34,29,25,45,88,78,Mobile App Developer,51.38
7.7,Intermediate,55,58,45,50,36,91,72,86,Cloud Engineer,61.62
6.16,Beginner,36,36,21,22,26,96,82,74,Cloud Engineer,49.12
6.28,Beginner,44,42,86,22,70,43,42,71,Data Analyst,52.5
8.18,Intermediate,51,87,32,12,12,36,84,78,Java Developer,49.0
6.43,Beginner,30,88,45,55,44,37,80,66,Python Developer,55.62
5.53,Beginner,30,78,50,38,11,25,100,88,Java Developer,52.5
6.36,Intermediate,74,92,82,35,38,30,41,41,Full Stack Developer,54.12
7.05,Intermediate,27,24,75,32,80,49,43,79,Data Analyst,51.12
7.85,Intermediate,49,77,33,78,37,28,94,60,Python Developer,57.0
8.84,Beginner,52,51,49,92,75,44,77,58,Machine Learning Engineer,62.25
7.83,Intermediate,79,34,52,26,35,26,85,50,Frontend Developer,48.38
6.7,Beginner,82,31,50,43,30,43,81,76,Frontend Developer,54.5
7.94,Beginner,27,33,48,35,45,86,84,41,Cloud Engineer,49.88
7.18,Beginner,59,88,70,48,14,96,69,70,DevOps Engineer,64.25
7.19,Advanced,21,96,86,27,38,42,82,66,Backend Developer,57.25
6.87,Intermediate,53,25,59,50,10,85,85,47,Cloud Engineer,51.75
7.2,Intermediate,58,77,41,49,32,36,81,71,Java Developer,55.62
7.44,Beginner,45,58,100,23,86,41,45,85,Data Analyst,60.38
6.51,Intermediate,51,80,22,29,21,24,75,72,Java Developer,46.75
7.66,Beginner,79,78,66,43,41,25,43,59,Full Stack Developer,54.25
7.82,Beginner,35,82,62,25,46,70,80,75,Cyber Security Engineer,59.38
7.81,Advanced,52,87,91,18,40,49,76,56,Backend Developer,58.62
6.67,Beginner,40,44,68,76,94,44,54,54,Data Scientist,59.25
8.43,Beginner,77,72,81,19,15,37,62,77,Full Stack Developer,55.0
6.75,Beginner,37,30,85,41,66,30,49,95,Data Analyst,54.12
6.63,Beginner,35,60,54,43,43,83,49,85,DevOps Engineer,56.5
6.0,Beginner,98,34,25,13,28,39,67,43,Frontend Developer,43.38
7.7,Advanced,26,24,56,45,39,45,98,67,Software Engineer,50.0
5.85,Beginner,21,30,84,38,87,48,54,92,Data Analyst,56.75
5.95,Intermediate,79,58,60,11,18,25,68,59,Frontend Developer,47.25
7.99,Beginner,86,35,45,18,19,37,65,74,Frontend Developer,47.38
7.42,Intermediate,25,60,65,69,100,33,54,51,Data Scientist,57.12
7.79,Intermediate,28,61,23,56,18,44,88,81,Python Developer,49.88
6.69,Intermediate,60,74,65,32,15,76,78,62,Cyber Security Engineer,57.75
5.99,Intermediate,37,73,50,60,49,48,91,72,Python Developer,60.0
8.09,Advanced,52,55,45,43,32,23,96,54,Software Engineer,50.0
5.77,Beginner,79,86,86,44,29,35,56,55,Full Stack Developer,58.75
7.23,Beginner,41,54,92,11,88,50,61,94,Data Analyst,61.38
6.21,Intermediate,23,25,54,20,31,94,88,87,Cloud Engineer,52.75
5.6,Beginner,45,68,84,22,14,64,97,62,Cyber Security Engineer,57.0
8.86,Advanced,55,59,60,38,26,41,99,84,Software Engineer,57.75
5.72,Intermediate,42,23,81,85,96,34,43,71,Data Scientist,59.38
7.09,Intermediate,52,26,26,86,31,51,78,83,AI Engineer,54.12
5.87,Intermediate,33,21,89,68,84,37,50,40,Data Scientist,52.75
7.83,Intermediate,49,97,81,24,50,44,72,47,Backend Developer,58.0
6.69,Intermediate,52,60,73,16,25,90,90,82,Cyber Security Engineer,61.0
7.68,Advanced,46,33,42,88,22,64,78,87,AI Engineer,57.5
6.43,Beginner,39,36,69,67,89,49,48,77,Data Scientist,59.25
7.51,Beginner,46,51,37,32,23,85,66,40,Cloud Engineer,47.5
7.51,Beginner,76,22,37,23,23,49,88,59,Mobile App Developer,47.12
8.06,Beginner,43,90,33,59,14,46,87,64,Python Developer,54.5
7.95,Beginner,28,21,94,35,89,37,70,79,Data Analyst,56.62
7.13,Beginner,31,35,68,76,100,42,40,51,Data Scientist,55.38
8.2,Beginner,75,20,50,33,36,26,71,71,Mobile App Developer,47.75
5.66,Beginner,54,74,53,32,19,99,59,60,DevOps Engineer,56.25
6.48,Beginner,28,63,80,21,17,98,44,80,DevOps Engineer,53.88
5.61,Beginner,41,78,35,71,34,41,90,50,Python Developer,55.0
8.6,Beginner,27,33,43,89,87,29,77,66,Machine Learning Engineer,56.38
6.14,Intermediate,20,56,79,75,80,22,40,63,Data Scientist,54.38
6.69,Beginner,76,49,58,45,30,40,73,77,Mobile App Developer,56.0
9.07,Intermediate,28,29,31,85,89,46,83,80,Machine Learning Engineer,58.88
6.8,Intermediate,42,97,94,37,50,35,83,54,Backend Developer,61.5
8.38,Intermediate,70,94,88,23,17,43,54,54,Full Stack Developer,55.38
7.39,Beginner,25,85,27,21,47,40,87,55,Java Developer,48.38
8.23,Advanced,39,54,49,28,17,31,88,86,Software Engineer,49.0
6.98,Beginner,32,83,21,33,36,20,83,82,Java Developer,48.75
6.5,Intermediate,77,93,77,21,44,27,65,66,Full Stack Developer,58.75
8.01,Intermediate,35,38,42,27,11,88,80,83,Cloud Engineer,50.5
6.14,Intermediate,55,89,60,30,19,86,53,41,DevOps Engineer,54.12
7.53,Intermediate,50,59,79,76,94,48,48,52,Data Scientist,63.25
7.38,Advanced,37,97,79,37,38,34,83,44,Backend Developer,56.12
7.53,Intermediate,37,42,32,91,75,29,93,84,Machine Learning Engineer,60.38
6.34,Advanced,28,76,89,40,41,33,87,53,Backend Developer,55.88
6.72,Intermediate,58,27,34,84,45,62,86,53,AI Engineer,56.12
6.31,Advanced,26,95,76,20,24,23,92,65,Backend Developer,52.62
5.65,Beginner,59,69,35,78,39,48,82,76,Python Developer,60.75
7.16,Intermediate,41,51,99,32,71,49,53,78,Data Analyst,59.25
7.71,Beginner,25,85,79,33,33,62,86,48,Cyber Security Engineer,56.38
5.8,Intermediate,72,90,89,24,32,38,55,45,Full Stack Developer,55.62
7.95,Intermediate,78,29,22,23,25,36,68,83,Frontend Developer,45.5
7.55,Intermediate,71,86,71,15,35,42,41,47,Full Stack Developer,51.0
8.52,Beginner,26,48,53,99,76,20,77,61,Machine Learning Engineer,57.5
7.11,Intermediate,33,75,60,27,18,43,89,64,Java Developer,51.12
8.72,Advanced,49,45,55,38,32,20,94,69,Software Engineer,50.25
5.53,Beginner,79,87,77,19,28,38,66,80,Full Stack Developer,59.25
8.97,Intermediate,44,43,20,94,95,45,89,84,Machine Learning Engineer,64.25
7.74,Advanced,39,46,28,13,15,21,88,89,Software Engineer,42.38
6.94,Beginner,20,69,60,30,33,80,71,51,Cyber Security Engineer,51.75
7.2,Intermediate,22,28,86,27,85,43,41,76,Data Analyst,51.0
8.23,Intermediate,55,85,48,37,42,50,92,65,Java Developer,59.25
8.09,Intermediate,51,85,94,22,11,25,85,83,Backend Developer,57.0
8.11,Advanced,41,57,60,81,36,73,75,44,AI Engineer,58.38
9.96,Beginner,41,49,29,88,76,20,84,61,Machine Learning Engineer,56.0
5.63,Intermediate,92,26,42,41,11,33,65,42,Frontend Developer,44.0
7.79,Beginner,33,69,84,48,12,69,72,79,Cyber Security Engineer,58.25
6.61,Intermediate,70,89,65,12,47,38,63,71,Full Stack Developer,56.88
7.28,Intermediate,38,67,66,42,50,84,56,47,DevOps Engineer,56.25
7.55,Advanced,58,60,41,81,20,63,88,53,AI Engineer,58.0
5.53,Intermediate,37,77,87,39,17,37,73,47,Backend Developer,51.75
5.88,Beginner,95,88,67,42,26,32,59,42,Full Stack Developer,56.38
6.6,Intermediate,45,87,39,75,29,33,97,68,Python Developer,59.12
5.61,Intermediate,28,48,88,14,90,36,55,81,Data Analyst,55.0
5.85,Beginner,38,76,26,22,44,39,82,84,Java Developer,51.38
6.92,Beginner,49,60,51,26,40,85,50,56,DevOps Engineer,52.12
6.88,Intermediate,28,24,64,74,99,36,42,65,Data Scientist,54.0
6.68,Beginner,24,21,65,77,92,50,51,43,Data Scientist,52.88
7.9,Intermediate,86,93,62,20,10,50,40,66,Full Stack Developer,53.38
6.4,Intermediate,58,51,87,86,100,23,57,45,Data Scientist,63.38
6.71,Intermediate,95,87,80,21,33,48,70,73,Full Stack Developer,63.38
8.13,Intermediate,55,63,64,21,23,72,89,76,Cyber Security Engineer,57.88
5.73,Intermediate,58,52,56,78,23,72,74,73,AI Engineer,60.75
9.23,Intermediate,25,30,50,90,90,49,79,66,Machine Learning Engineer,59.88
6.89,Intermediate,55,31,38,92,39,54,72,63,AI Engineer,55.5
6.47,Intermediate,53,33,83,72,95,45,50,78,Data Scientist,63.62
7.86,Intermediate,23,82,46,73,27,38,97,89,Python Developer,59.38
8.04,Intermediate,48,75,52,63,50,21,100,56,Python Developer,58.12
7.59,Intermediate,77,49,34,47,48,33,85,68,Mobile App Developer,55.12
8.1,Intermediate,99,33,42,13,46,41,62,56,Frontend Developer,49.0
9.49,Beginner,29,54,40,99,81,33,93,66,Machine Learning Engineer,61.88
5.91,Intermediate,60,69,50,53,25,26,78,51,Python Developer,51.5
5.57,Beginner,35,78,35,18,29,36,83,55,Java Developer,46.12
5.99,Beginner,70,85,69,24,18,32,53,59,Full Stack Developer,51.25
5.54,Intermediate,75,32,36,15,15,28,82,58,Mobile App Developer,42.62
6.24,Beginner,34,64,23,70,27,42,94,53,Python Developer,50.88
5.91,Intermediate,26,77,58,23,44,31,100,47,Java Developer,50.75
7.83,Intermediate,71,80,89,19,50,23,66,45,Full Stack Developer,55.38
9.82,Beginner,59,43,53,100,87,36,86,85,Machine Learning Engineer,68.62
8.14,Advanced,52,48,38,27,46,42,82,46,Software Engineer,47.62
5.85,Beginner,53,61,80,15,15,77,87,73,Cyber Security Engineer,57.62
6.7,Intermediate,89,82,87,35,16,32,52,45,Full Stack Developer,54.75
7.54,Beginner,83,80,66,37,36,33,42,54,Full Stack Developer,53.88
6.69,Intermediate,75,22,32,11,46,50,77,71,Mobile App Developer,48.0
7.1,Intermediate,48,50,73,87,83,44,67,74,Data Scientist,65.75
7.84,Intermediate,20,77,26,64,21,47,78,84,Python Developer,52.12
5.84,Beginner,39,82,65,14,14,77,75,83,Cyber Security Engineer,56.12
7.14,Advanced,47,87,72,48,25,32,85,80,Backend Developer,59.5
8.6,Intermediate,21,27,32,92,83,43,78,83,Machine Learning Engineer,57.38
9.11,Intermediate,53,37,30,49,40,40,96,63,Software Engineer,51.0
9.82,Intermediate,39,27,32,90,79,49,85,90,Machine Learning Engineer,61.38
8.78,Advanced,29,20,30,14,16,33,95,86,Software Engineer,40.38
5.54,Intermediate,43,42,64,85,84,42,55,89,Data Scientist,63.0
5.87,Intermediate,32,79,68,16,47,69,92,84,Cyber Security Engineer,60.88
5.72,Beginner,42,90,78,38,25,68,98,65,Cyber Security Engineer,63.0
6.54,Intermediate,23,82,74,20,43,92,66,50,DevOps Engineer,56.25
8.03,Beginner,36,74,77,39,22,91,44,77,DevOps Engineer,57.5
6.92,Intermediate,44,70,30,17,47,22,95,77,Java Developer,50.25
5.57,Advanced,43,43,34,87,13,72,84,57,AI Engineer,54.12
5.61,Beginner,32,58,44,26,19,86,68,90,Cloud Engineer,52.88
8.4,Intermediate,72,41,44,44,44,50,82,88,Mobile App Developer,58.12
5.77,Beginner,45,25,21,43,13,86,61,41,Cloud Engineer,41.88
7.54,Intermediate,20,51,35,27,40,96,76,78,Cloud Engineer,52.88
6.07,Intermediate,22,56,80,29,90,43,52,84,Data Analyst,57.0
7.27,Intermediate,88,89,75,44,46,25,61,44,Full Stack Developer,59.0
6.03,Intermediate,72,41,54,25,47,22,71,45,Mobile App Developer,47.12
5.55,Beginner,50,48,64,71,81,46,45,74,Data Scientist,59.88
7.25,Beginner,96,32,44,39,49,36,77,89,Frontend Developer,57.75
8.34,Beginner,30,24,71,72,86,45,70,52,Data Scientist,56.25
8.08,Beginner,39,86,77,30,17,62,79,73,Cyber Security Engineer,57.88
6.86,Intermediate,31,69,70,37,34,64,74,59,Cyber Security Engineer,54.75
7.6,Intermediate,57,56,56,13,16,87,67,42,Cloud Engineer,49.25
6.02,Intermediate,93,41,31,35,29,29,64,60,Frontend Developer,47.75
6.57,Intermediate,30,75,75,44,28,21,88,71,Backend Developer,54.0
9.56,Advanced,49,57,26,37,21,37,85,47,Software Engineer,44.88
7.67,Intermediate,50,38,81,43,68,47,69,78,Data Analyst,59.25
8.49,Beginner,43,32,24,48,22,94,60,64,Cloud Engineer,48.38
8.04,Intermediate,64,33,38,12,25,29,74,70,Mobile App Developer,43.12
5.59,Intermediate,53,44,46,25,23,91,73,44,Cloud Engineer,49.88
8.4,Beginner,41,78,24,66,43,43,75,47,Python Developer,52.12
9.53,Beginner,51,20,36,95,80,47,79,83,Machine Learning Engineer,61.38
7.13,Intermediate,37,83,46,44,37,34,93,43,Java Developer,52.12
7.78,Intermediate,21,61,67,31,12,62,78,63,Cyber Security Engineer,49.38
6.11,Beginner,84,57,33,34,47,30,62,63,Frontend Developer,51.25
8.15,Intermediate,24,42,38,76,49,77,95,54,AI Engineer,56.88
6.85,Beginner,84,32,22,24,12,30,86,40,Mobile App Developer,41.25
8.48,Beginner,41,75,26,17,44,26,76,84,Java Developer,48.62
7.58,Intermediate,48,22,35,87,11,58,88,72,AI Engineer,52.62
6.26,Beginner,35,29,86,76,82,29,66,79,Data Scientist,60.25
7.32,Beginner,46,64,67,10,48,74,84,62,Cyber Security Engineer,56.88
5.93,Intermediate,29,66,56,36,43,42,88,58,Java Developer,52.25
6.63,Beginner,49,22,38,43,12,88,86,62,Cloud Engineer,50.0
6.94,Beginner,51,85,58,21,19,98,41,79,DevOps Engineer,56.5
7.82,Intermediate,39,55,22,95,87,49,78,86,Machine Learning Engineer,63.88
6.56,Intermediate,23,55,92,21,86,39,49,77,Data Analyst,55.25
7.89,Beginner,23,44,91,33,80,23,40,81,Data Analyst,51.88
5.72,Intermediate,70,91,66,19,10,24,40,55,Full Stack Developer,46.88
7.66,Beginner,32,43,28,47,18,100,79,40,Cloud Engineer,48.38
7.11,Intermediate,35,62,43,79,26,50,96,78,Python Developer,58.62
6.09,Beginner,43,79,21,79,13,31,83,42,Python Developer,48.88
7.42,Beginner,32,57,48,41,49,92,77,80,Cloud Engineer,59.5
7.02,Intermediate,52,40,98,15,90,40,59,95,Data Analyst,61.12
9.52,Advanced,39,56,21,30,40,25,99,68,Software Engineer,47.25
5.65,Intermediate,40,86,52,27,18,38,88,83,Java Developer,54.0
7.78,Beginner,30,56,97,36,85,42,46,80,Data Analyst,59.0
6.92,Beginner,49,69,61,46,33,97,45,75,DevOps Engineer,59.38
9.32,Intermediate,43,56,40,29,26,31,96,44,Software Engineer,45.62
8.42,Beginner,45,40,64,74,86,34,46,63,Data Scientist,56.5
7.77,Intermediate,51,28,22,85,10,62,78,63,AI Engineer,49.88
5.93,Advanced,49,80,94,50,27,23,77,85,Backend Developer,60.62
6.81,Beginner,81,73,80,35,22,29,68,62,Full Stack Developer,56.25
7.42,Intermediate,45,88,94,30,50,24,80,77,Backend Developer,61.0
6.62,Beginner,50,49,86,16,74,45,41,79,Data Analyst,55.0
7.59,Advanced,44,88,80,41,14,25,84,82,Backend Developer,57.25
5.9,Beginner,57,75,27,30,18,39,77,89,Java Developer,51.5
8.05,Beginner,86,95,66,10,44,33,64,69,Full Stack Developer,58.38
8.38,Beginner,41,77,48,53,24,32,99,47,Python Developer,52.62
7.56,Intermediate,27,56,87,89,91,32,70,50,Data Scientist,62.75
6.82,Intermediate,23,81,80,36,40,50,81,49,Backend Developer,55.0
5.94,Intermediate,30,74,55,14,50,98,64,87,DevOps Engineer,59.0
6.67,Intermediate,50,88,51,73,11,47,78,78,Python Developer,59.5
7.83,Intermediate,85,53,42,47,31,47,94,48,Mobile App Developer,55.88
6.05,Intermediate,39,34,21,26,20,94,82,85,Cloud Engineer,50.12
5.8,Beginner,48,84,34,67,44,29,92,65,Python Developer,57.88
5.82,Beginner,28,68,38,25,10,41,86,56,Java Developer,44.0
8.26,Intermediate,67,28,54,21,40,40,84,78,Mobile App Developer,51.5
8.29,Intermediate,80,84,87,33,44,50,44,86,Full Stack Developer,63.5
7.34,Intermediate,80,59,26,18,34,23,73,85,Mobile App Developer,49.75
7.98,Beginner,50,84,51,28,28,88,40,51,DevOps Engineer,52.5
7.76,Intermediate,23,39,26,100,18,56,94,87,AI Engineer,55.38
7.2,Beginner,39,76,77,20,22,60,78,75,Cyber Security Engineer,55.88
5.81,Beginner,25,32,31,50,16,100,76,44,Cloud Engineer,46.75
6.86,Beginner,54,38,78,14,70,42,68,92,Data Analyst,57.0
7.77,Intermediate,38,56,53,80,48,76,86,56,AI Engineer,61.62
7.12,Beginner,53,29,34,16,38,100,68,56,Cloud Engineer,49.25
8.47,Advanced,29,25,30,21,34,46,82,60,Software Engineer,40.88
9.03,Intermediate,59,36,21,26,17,39,93,80,Software Engineer,46.38
9.21,Intermediate,21,28,22,12,13,47,91,82,Software Engineer,39.5
5.89,Beginner,56,42,63,86,81,21,46,86,Data Scientist,60.12
7.94,Intermediate,30,45,48,46,21,49,96,61,Software Engineer,49.5
7.33,Intermediate,40,57,95,19,68,44,60,78,Data Analyst,57.62
6.22,Beginner,25,51,56,27,13,92,84,74,Cloud Engineer,52.75
8.38,Beginner,38,67,78,25,12,100,62,52,DevOps Engineer,54.25
7.2,Intermediate,54,45,77,24,74,31,60,95,Data Analyst,57.5
5.6,Intermediate,60,36,79,75,93,31,54,70,Data Scientist,62.25
7.84,Beginner,39,49,60,82,88,24,61,90,Data Scientist,61.62
7.62,Beginner,92,89,71,11,48,32,46,46,Full Stack Developer,54.38
7.89,Beginner,51,88,34,67,19,28,84,44,Python Developer,51.88
7.51,Intermediate,80,85,73,27,27,37,66,88,Full Stack Developer,60.38
8.44,Intermediate,79,31,49,10,30,22,73,58,Frontend Developer,44.0
8.11,Intermediate,54,85,50,27,31,30,91,86,Java Developer,56.75
9.36,Advanced,46,32,53,36,33,50,89,53,Software Engineer,49.0
7.66,Beginner,36,42,52,86,79,48,90,70,Machine Learning Engineer,62.88
6.24,Beginner,77,21,23,43,12,25,90,80,Frontend Developer,46.38
7.46,Intermediate,53,39,21,97,16,73,76,49,AI Engineer,53.0
9.4,Intermediate,37,20,53,13,43,46,98,61,Software Engineer,46.38
7.99,Advanced,39,44,51,41,46,48,89,62,Software Engineer,52.5
6.63,Intermediate,32,75,42,20,34,48,86,40,Java Developer,47.12
8.37,Advanced,26,84,70,29,42,39,89,45,Backend Developer,53.0
8.47,Advanced,39,96,88,50,46,20,89,61,Backend Developer,61.12
7.2,Intermediate,46,39,99,46,79,38,43,74,Data Analyst,58.0
6.25,Intermediate,71,74,76,22,32,36,49,46,Full Stack Developer,50.75
5.55,Intermediate,89,29,28,23,33,42,78,75,Mobile App Developer,49.62
8.44,Intermediate,60,62,76,14,39,68,96,54,Cyber Security Engineer,58.62
6.42,Beginner,71,48,59,20,48,26,87,68,Mobile App Developer,53.38
5.7,Intermediate,34,45,83,67,90,50,41,63,Data Scientist,59.12
8.23,Intermediate,39,49,91,35,86,50,52,94,Data Analyst,62.0
6.76,Beginner,34,35,23,22,36,90,63,62,Cloud Engineer,45.62
7.71,Intermediate,34,41,88,35,89,47,56,82,Data Analyst,59.0
8.99,Beginner,56,33,26,87,84,47,94,60,Machine Learning Engineer,60.88
6.09,Beginner,27,21,78,48,70,42,58,86,Data Analyst,53.75
7.68,Advanced,24,45,47,90,22,77,86,62,AI Engineer,56.62
7.85,Intermediate,45,84,89,46,11,69,96,54,Cyber Security Engineer,61.75
7.97,Beginner,88,30,25,39,14,34,85,58,Frontend Developer,46.62
7.62,Beginner,100,25,28,14,20,50,83,58,Frontend Developer,47.25
6.58,Beginner,76,31,35,37,24,21,80,68,Frontend Developer,46.5
5.94,Intermediate,72,92,70,11,14,46,67,61,Full Stack Developer,54.12
8.0,Intermediate,60,35,42,50,27,46,90,54,Mobile App Developer,50.5
6.92,Beginner,53,76,72,13,24,61,99,63,Cyber Security Engineer,57.62
6.1,Beginner,52,68,51,69,26,35,86,56,Python Developer,55.38
6.04,Intermediate,43,39,88,78,88,48,49,44,Data Scientist,59.62
5.92,Intermediate,51,77,34,46,29,30,82,56,Java Developer,50.62
8.13,Intermediate,22,24,55,98,22,65,88,58,AI Engineer,54.0
8.34,Beginner,35,84,56,49,35,87,67,61,DevOps Engineer,59.25
5.67,Advanced,56,83,71,26,41,39,79,68,Backend Developer,57.88
7.64,Intermediate,85,34,23,21,44,39,73,79,Frontend Developer,49.75
7.48,Beginner,23,74,51,33,18,44,94,72,Java Developer,51.12
7.77,Intermediate,52,75,85,14,11,79,70,66,Cyber Security Engineer,56.5
6.67,Advanced,46,98,84,19,36,20,70,82,Backend Developer,56.88
8.0,Intermediate,34,47,38,35,21,97,85,43,Cloud Engineer,50.0
6.09,Intermediate,78,46,59,12,26,28,73,58,Frontend Developer,47.5
8.39,Beginner,85,43,37,43,10,34,95,73,Mobile App Developer,52.5
8.41,Advanced,48,38,29,77,50,70,78,73,AI Engineer,57.88
8.37,Beginner,74,73,82,50,13,33,62,55,Full Stack Developer,55.25
6.87,Beginner,76,83,88,27,28,50,41,82,Full Stack Developer,59.38
6.7,Beginner,30,86,53,68,10,44,92,75,Python Developer,57.25
7.26,Intermediate,33,43,68,82,84,22,60,74,Data Scientist,58.25
6.44,Beginner,55,45,68,67,90,31,54,43,Data Scientist,56.62
8.56,Advanced,46,48,38,42,30,31,100,51,Software Engineer,48.25
6.85,Intermediate,93,82,69,15,36,20,54,75,Full Stack Developer,55.5
8.79,Beginner,44,48,32,96,81,38,90,43,Machine Learning Engineer,59.0
8.9,Intermediate,58,58,59,32,40,22,97,56,Software Engineer,52.75
7.47,Intermediate,47,75,29,24,30,46,78,88,Java Developer,52.12
5.53,Advanced,46,60,23,96,23,78,85,62,AI Engineer,59.12
6.44,Advanced,20,33,26,90,36,58,94,44,AI Engineer,50.12
5.66,Beginner,40,22,80,69,88,31,62,76,Data Scientist,58.5
6.12,Beginner,36,80,20,61,49,46,85,68,Python Developer,55.62
6.17,Intermediate,41,54,76,27,78,44,64,79,Data Analyst,57.88
6.57,Beginner,42,87,70,17,24,68,72,70,Cyber Security Engineer,56.25
8.39,Beginner,79,34,38,36,27,44,88,78,Frontend Developer,53.0
6.23,Beginner,52,22,28,29,25,87,64,42,Cloud Engineer,43.62
7.33,Beginner,46,72,21,13,47,34,95,65,Java Developer,49.12
7.59,Intermediate,41,84,38,50,22,31,80,67,Python Developer,51.62
6.05,Intermediate,48,20,74,70,82,40,60,43,Data Scientist,54.62
9.89,Beginner,40,33,37,87,84,34,84,78,Machine Learning Engineer,59.62
8.35,Intermediate,43,38,89,17,67,33,57,95,Data Analyst,54.88
5.87,Advanced,33,91,78,29,20,27,95,76,Backend Developer,56.12
5.91,Intermediate,60,44,48,76,34,69,87,52,AI Engineer,58.75
7.03,Intermediate,50,59,28,99,48,77,79,62,AI Engineer,62.75
5.78,Intermediate,91,85,73,42,36,28,53,40,Full Stack Developer,56.0
8.0,Intermediate,33,53,47,49,42,87,60,76,Cloud Engineer,55.88
5.68,Intermediate,31,23,30,75,39,60,77,66,AI Engineer,50.12
8.14,Advanced,40,83,74,22,11,39,93,74,Backend Developer,54.5
5.91,Beginner,44,81,51,72,44,48,94,89,Python Developer,65.38
6.02,Beginner,25,69,87,48,37,75,91,67,Cyber Security Engineer,62.38
6.04,Intermediate,26,41,76,11,85,33,52,83,Data Analyst,50.88
8.47,Intermediate,56,81,68,21,24,86,52,83,DevOps Engineer,58.88
6.22,Advanced,38,20,27,87,43,55,85,63,AI Engineer,52.25
8.33,Beginner,45,36,46,93,79,31,94,89,Machine Learning Engineer,64.12
8.03,Intermediate,59,29,51,94,93,21,76,47,Machine Learning Engineer,58.75
5.94,Intermediate,58,58,21,37,46,96,90,60,Cloud Engineer,58.25
5.88,Intermediate,30,26,28,11,45,98,80,79,Cloud Engineer,49.62
6.71,Beginner,88,90,64,38,48,20,57,62,Full Stack Developer,58.38
8.13,Beginner,55,89,54,30,23,36,83,85,Java Developer,56.88
9.25,Intermediate,41,35,46,42,19,21,81,82,Software Engineer,45.88
7.48,Beginner,42,61,60,11,15,63,86,65,Cyber Security Engineer,50.38
7.89,Beginner,50,63,59,13,18,89,52,53,DevOps Engineer,49.62
5.99,Intermediate,21,69,55,34,27,86,66,76,DevOps Engineer,54.25
7.24,Intermediate,29,57,52,94,38,54,77,59,AI Engineer,57.5
6.6,Advanced,35,20,36,93,32,59,82,77,AI Engineer,54.25
6.31,Intermediate,44,79,68,22,10,89,89,68,Cyber Security Engineer,58.62
6.22,Beginner,39,85,51,61,31,35,97,87,Python Developer,60.75
6.3,Intermediate,37,23,46,26,13,92,89,53,Cloud Engineer,47.38
7.63,Beginner,32,44,97,49,77,26,42,85,Data Analyst,56.5
5.73,Beginner,34,89,52,63,40,20,77,68,Python Developer,55.38
8.04,Beginner,57,74,55,75,49,34,93,54,Python Developer,61.38
8.42,Intermediate,75,74,66,44,43,26,55,81,Full Stack Developer,58.0
7.97,Advanced,22,21,52,34,12,46,98,87,Software Engineer,46.5
6.86,Intermediate,44,80,76,35,40,83,77,51,Cyber Security Engineer,60.75
8.23,Beginner,66,31,32,16,34,25,94,76,Mobile App Developer,46.75
7.5,Beginner,53,73,63,30,46,93,44,63,DevOps Engineer,58.12
6.22,Intermediate,60,37,25,85,43,77,83,78,AI Engineer,61.0
5.63,Intermediate,44,24,25,26,32,90,75,47,Cloud Engineer,45.38
6.64,Beginner,40,66,75,16,28,99,57,74,DevOps Engineer,56.88
7.48,Intermediate,85,85,80,11,10,50,55,76,Full Stack Developer,56.5
6.89,Intermediate,32,59,82,33,89,20,41,92,Data Analyst,56.0
6.58,Beginner,22,75,75,39,26,87,43,45,DevOps Engineer,51.5
8.14,Beginner,42,51,92,30,73,30,54,72,Data Analyst,55.5
6.03,Beginner,31,87,89,39,13,63,75,62,Cyber Security Engineer,57.38
6.87,Intermediate,90,42,26,10,32,47,86,72,Mobile App Developer,50.62
9.49,Intermediate,58,60,45,36,36,37,83,44,Software Engineer,49.88
6.86,Beginner,28,49,30,28,16,91,86,63,Cloud Engineer,48.88
7.63,Beginner,47,41,44,96,81,39,82,81,Machine Learning Engineer,63.88
8.46,Intermediate,38,40,60,19,31,90,72,58,Cloud Engineer,51.0
5.64,Intermediate,40,30,41,78,37,79,93,59,AI Engineer,57.12
7.92,Advanced,37,53,22,50,23,27,88,68,Software Engineer,46.0
7.14,Intermediate,26,85,47,77,43,26,81,87,Python Developer,59.0
7.22,Intermediate,95,25,49,23,33,44,77,47,Frontend Developer,49.12
8.04,Intermediate,54,38,55,89,16,71,72,46,AI Engineer,55.12
9.68,Intermediate,37,35,58,92,83,20,79,58,Machine Learning Engineer,57.75
7.91,Intermediate,41,36,33,94,77,32,88,44,Machine Learning Engineer,55.62
9.31,Advanced,33,25,52,22,13,27,98,87,Software Engineer,44.62
7.83,Beginner,74,43,31,19,41,42,74,44,Mobile App Developer,46.0
8.88,Advanced,43,23,36,20,32,25,85,54,Software Engineer,39.75
5.76,Advanced,59,25,47,79,15,63,84,89,AI Engineer,57.62
7.92,Intermediate,40,47,30,15,43,89,86,77,Cloud Engineer,53.38
7.77,Beginner,78,43,29,41,42,50,83,52,Mobile App Developer,52.25
7.66,Advanced,57,32,53,49,15,41,95,44,Software Engineer,48.25
7.98,Intermediate,51,70,72,20,22,86,50,66,DevOps Engineer,54.62
6.75,Beginner,79,71,81,38,18,34,50,82,Full Stack Developer,56.62
6.17,Intermediate,49,66,88,39,12,80,98,64,Cyber Security Engineer,62.0
8.03,Beginner,40,86,27,53,22,39,95,84,Python Developer,55.75
8.31,Intermediate,74,72,60,10,47,42,53,41,Full Stack Developer,49.88
6.63,Intermediate,37,75,77,42,27,49,83,84,Backend Developer,59.25
8.02,Intermediate,49,26,31,88,80,20,81,74,Machine Learning Engineer,56.12
7.2,Beginner,88,30,33,14,33,32,63,83,Frontend Developer,47.0
7.54,Intermediate,56,75,45,67,40,39,100,88,Python Developer,63.75
7.65,Intermediate,40,76,89,14,37,23,74,44,Backend Developer,49.62
8.46,Intermediate,55,78,51,31,17,86,55,64,DevOps Engineer,54.62
5.79,Intermediate,91,20,45,24,21,50,74,87,Frontend Developer,51.5
6.0,Intermediate,50,60,57,62,13,28,80,45,Python Developer,49.38
7.54,Intermediate,52,74,75,36,32,88,48,40,DevOps Engineer,55.62
8.22,Intermediate,73,32,31,21,17,36,70,81,Mobile App Developer,45.12
6.21,Intermediate,46,59,82,24,80,40,70,81,Data Analyst,60.25
8.06,Intermediate,45,23,35,100,48,56,92,54,AI Engineer,56.62
7.1,Beginner,23,63,51,40,27,87,69,83,DevOps Engineer,55.38
5.59,Beginner,51,82,79,12,12,61,97,49,Cyber Security Engineer,55.38
6.11,Intermediate,60,89,76,22,31,77,71,62,Cyber Security Engineer,61.0
7.09,Advanced,21,22,29,81,29,58,89,52,AI Engineer,47.62
7.76,Intermediate,47,100,91,22,27,25,84,64,Backend Developer,57.5
5.94,Beginner,22,20,89,31,80,48,62,77,Data Analyst,53.62
7.8,Intermediate,20,44,41,24,49,30,96,80,Software Engineer,48.0
9.33,Intermediate,38,56,53,17,39,23,81,63,Software Engineer,46.25
6.37,Beginner,43,79,62,33,48,84,77,87,Cyber Security Engineer,64.12
7.49,Intermediate,90,90,65,15,37,40,40,82,Full Stack Developer,57.38
8.0,Intermediate,45,38,99,38,65,27,58,81,Data Analyst,56.38
7.61,Intermediate,54,59,43,80,17,75,80,44,AI Engineer,56.5
7.36,Beginner,38,83,51,23,49,89,63,52,DevOps Engineer,56.0
8.73,Intermediate,59,21,27,35,44,27,98,41,Software Engineer,44.0
6.42,Advanced,34,57,31,97,13,68,75,58,AI Engineer,54.12
6.03,Beginner,90,88,61,21,10,31,63,65,Full Stack Developer,53.62
8.33,Intermediate,22,72,57,71,35,42,94,82,Python Developer,59.38
7.41,Intermediate,79,79,85,15,50,46,46,62,Full Stack Developer,57.75
8.78,Intermediate,25,57,51,88,79,49,94,44,Machine Learning Engineer,60.88
7.95,Advanced,26,52,59,34,11,32,81,47,Software Engineer,42.75
8.64,Intermediate,44,42,23,45,28,21,83,53,Software Engineer,42.38
6.17,Intermediate,58,67,78,27,48,84,94,64,Cyber Security Engineer,65.0
7.67,Intermediate,60,55,92,11,66,36,61,73,Data Analyst,56.75
9.93,Beginner,41,30,43,95,83,48,91,42,Machine Learning Engineer,59.12
7.53,Intermediate,65,54,39,48,14,47,89,44,Mobile App Developer,50.0
5.59,Beginner,31,84,32,47,39,43,99,57,Java Developer,54.0
5.76,Beginner,60,60,64,76,98,41,52,72,Data Scientist,65.38
7.09,Intermediate,24,53,90,76,86,31,55,86,Data Scientist,62.62
7.08,Beginner,54,81,62,29,46,67,100,46,Cyber Security Engineer,60.62
6.43,Intermediate,20,75,50,46,18,91,67,87,DevOps Engineer,56.75
7.44,Intermediate,59,78,51,38,20,96,49,71,DevOps Engineer,57.75
8.48,Beginner,22,55,84,39,67,45,50,82,Data Analyst,55.5
5.67,Beginner,51,52,80,39,86,20,42,91,Data Analyst,57.62
8.73,Intermediate,54,56,29,23,33,48,100,70,Software Engineer,51.62
5.91,Intermediate,21,70,26,38,50,20,75,75,Java Developer,46.88
6.78,Intermediate,51,24,29,82,27,70,81,62,AI Engineer,53.25
8.35,Intermediate,80,21,31,45,36,32,61,71,Frontend Developer,47.12
7.69,Intermediate,27,77,73,10,22,20,76,51,Backend Developer,44.5
7.29,Intermediate,79,54,33,41,10,32,85,45,Frontend Developer,47.38
5.75,Beginner,36,48,98,38,89,21,62,87,Data Analyst,59.88
7.12,Intermediate,78,42,43,19,38,44,66,57,Frontend Developer,48.38
7.06,Intermediate,24,80,80,30,37,35,76,89,Backend Developer,56.38
7.78,Beginner,34,60,38,67,32,27,86,43,Python Developer,48.38
6.44,Advanced,37,85,94,50,34,32,73,69,Backend Developer,59.25
8.07,Advanced,30,30,59,19,16,31,95,55,Software Engineer,41.88
6.4,Intermediate,68,51,23,36,35,36,83,46,Mobile App Developer,47.25
7.82,Beginner,50,71,39,56,37,31,76,55,Python Developer,51.88
7.4,Advanced,40,58,26,97,24,55,75,70,AI Engineer,55.62
8.04,Beginner,38,53,37,48,20,96,87,59,Cloud Engineer,54.75
6.21,Intermediate,85,87,83,13,13,42,64,71,Full Stack Developer,57.25
7.76,Intermediate,31,58,48,96,35,68,76,82,AI Engineer,61.75
6.81,Beginner,50,61,24,51,33,24,78,79,Python Developer,50.0
5.9,Intermediate,57,40,42,38,36,97,89,49,Cloud Engineer,56.0
7.52,Beginner,51,30,95,13,80,42,50,93,Data Analyst,56.75
8.29,Beginner,25,36,37,44,28,93,69,79,Cloud Engineer,51.38
6.81,Intermediate,39,43,25,85,25,78,92,58,AI Engineer,55.62
7.99,Intermediate,88,24,49,31,17,48,84,75,Mobile App Developer,52.0
7.04,Beginner,41,46,87,48,86,22,67,72,Data Analyst,58.62
7.0,Intermediate,85,47,29,40,14,40,91,68,Mobile App Developer,51.75
9.36,Beginner,25,40,23,91,84,32,82,54,Machine Learning Engineer,53.88
7.35,Advanced,47,45,34,86,28,66,75,80,AI Engineer,57.62
6.5,Intermediate,78,73,65,18,25,47,41,85,Full Stack Developer,54.0
7.73,Intermediate,47,87,83,16,43,49,84,62,Backend Developer,58.88
8.03,Beginner,38,87,67,33,10,70,78,47,Cyber Security Engineer,53.75
5.7,Intermediate,33,39,29,94,36,51,71,76,AI Engineer,53.62
6.18,Beginner,21,76,67,16,46,84,84,41,Cyber Security Engineer,54.38
7.88,Beginner,90,80,83,12,12,26,64,64,Full Stack Developer,53.88
7.47,Intermediate,33,45,31,43,30,97,65,74,Cloud Engineer,52.25
7.42,Intermediate,29,38,68,68,83,47,56,50,Data Scientist,54.88
7.93,Advanced,38,56,50,28,16,43,99,74,Software Engineer,50.5
6.93,Beginner,43,90,62,13,27,84,62,44,DevOps Engineer,53.12
6.4,Beginner,68,32,51,36,33,27,94,46,Mobile App Developer,48.38
7.98,Intermediate,54,79,55,63,16,30,85,79,Python Developer,57.62
6.07,Beginner,62,35,39,45,17,20,80,85,Mobile App Developer,47.88
6.01,Beginner,44,31,51,36,48,87,88,40,Cloud Engineer,53.12
6.53,Beginner,28,52,89,43,77,49,53,82,Data Analyst,59.12
9.61,Advanced,58,60,47,39,16,48,80,67,Software Engineer,51.88
5.63,Intermediate,74,32,34,12,30,22,81,67,Mobile App Developer,44.0
9.48,Intermediate,41,41,42,30,41,20,91,49,Software Engineer,44.38
6.51,Intermediate,54,42,89,67,95,48,46,48,Data Scientist,61.12
7.12,Intermediate,88,32,50,40,15,49,87,64,Frontend Developer,53.12
7.87,Beginner,79,57,24,14,33,23,91,56,Mobile App Developer,47.12
7.4,Beginner,49,71,80,11,46,83,60,81,DevOps Engineer,60.12
7.84,Beginner,27,76,44,51,42,41,97,41,Python Developer,52.38
7.96,Intermediate,78,37,60,14,30,21,89,74,Frontend Developer,50.38
7.63,Intermediate,29,31,44,17,23,96,75,44,Cloud Engineer,44.88
7.93,Intermediate,33,28,38,94,15,63,81,57,AI Engineer,51.12
7.69,Intermediate,73,82,65,38,35,41,57,43,Full Stack Developer,54.25
6.47,Intermediate,24,32,23,99,14,68,89,57,AI Engineer,50.75
6.28,Intermediate,90,93,78,31,22,50,42,57,Full Stack Developer,57.88
8.38,Beginner,81,93,85,22,23,39,65,40,Full Stack Developer,56.0
7.6,Intermediate,31,78,31,42,29,24,89,74,Java Developer,49.75
6.68,Beginner,42,77,51,43,34,87,46,87,DevOps Engineer,58.38
8.45,Intermediate,23,68,66,28,46,75,72,46,Cyber Security Engineer,53.0
7.03,Intermediate,36,23,37,23,19,87,66,52,Cloud Engineer,42.88
5.55,Beginner,87,38,25,10,11,20,73,86,Frontend Developer,43.75
6.41,Intermediate,66,31,34,20,50,33,76,64,Mobile App Developer,46.75
7.31,Intermediate,47,64,63,34,26,93,66,86,DevOps Engineer,59.88
9.78,Beginner,32,22,55,88,87,46,94,87,Machine Learning Engineer,63.88
7.15,Beginner,78,40,24,37,36,27,61,53,Frontend Developer,44.5
6.74,Beginner,73,37,56,34,33,22,89,54,Mobile App Developer,49.75
7.53,Beginner,53,55,75,44,84,50,69,77,Data Analyst,63.38
7.76,Beginner,49,84,55,41,13,86,46,76,DevOps Engineer,56.25
6.46,Intermediate,57,45,36,95,44,56,95,71,AI Engineer,62.38
9.68,Intermediate,24,41,33,29,35,38,88,54,Software Engineer,42.75
7.13,Beginner,27,64,69,36,16,84,95,80,Cyber Security Engineer,58.88
6.99,Beginner,40,70,36,70,11,49,93,71,Python Developer,55.0
5.77,Intermediate,67,26,25,49,30,34,94,79,Mobile App Developer,50.5
6.52,Beginner,52,72,41,39,29,43,89,49,Java Developer,51.75
9.65,Intermediate,23,55,26,93,81,31,77,71,Machine Learning Engineer,57.12
7.42,Advanced,24,59,41,98,31,67,76,48,AI Engineer,55.5
7.0,Intermediate,28,23,66,85,92,39,48,80,Data Scientist,57.62
6.18,Beginner,73,92,67,42,37,45,45,80,Full Stack Developer,60.12
7.04,Intermediate,68,41,32,12,20,21,74,56,Mobile App Developer,40.5
8.06,Intermediate,20,38,37,11,35,20,97,64,Software Engineer,40.25
7.06,Beginner,57,66,74,15,46,70,81,61,Cyber Security Engineer,58.75
6.75,Intermediate,80,75,60,32,35,49,66,53,Full Stack Developer,56.25
6.86,Beginner,22,20,25,10,31,93,84,81,Cloud Engineer,45.75
8.15,Advanced,49,52,44,44,28,34,89,76,Software Engineer,52.0
6.75,Intermediate,34,82,61,22,38,72,72,46,Cyber Security Engineer,53.38
7.43,Intermediate,31,22,26,99,37,72,85,74,AI Engineer,55.75
8.29,Beginner,56,72,85,26,35,77,85,60,Cyber Security Engineer,62.0
5.6,Beginner,35,23,78,84,87,37,66,60,Data Scientist,58.75
6.33,Beginner,84,91,74,10,22,39,41,54,Full Stack Developer,51.88
6.96,Beginner,54,61,80,14,13,85,93,44,Cyber Security Engineer,55.5
7.14,Beginner,54,80,35,68,27,20,90,44,Python Developer,52.25
6.93,Beginner,45,85,24,56,23,45,83,40,Python Developer,50.12
7.66,Beginner,90,27,28,27,13,30,75,50,Frontend Developer,42.5
8.12,Beginner,47,49,93,32,78,42,47,79,Data Analyst,58.38
7.64,Intermediate,68,32,46,46,21,32,90,68,Mobile App Developer,50.38
8.39,Intermediate,57,22,38,83,20,63,73,90,AI Engineer,55.75
6.43,Intermediate,20,71,41,71,25,20,98,70,Python Developer,52.0
5.86,Intermediate,32,27,43,25,41,94,72,63,Cloud Engineer,49.62
8.41,Intermediate,53,80,34,50,23,43,85,76,Java Developer,55.5
6.82,Beginner,72,38,22,50,20,38,82,64,Mobile App Developer,48.25
7.27,Beginner,54,64,25,55,16,38,99,53,Python Developer,50.5
8.06,Intermediate,31,80,90,47,21,70,77,55,Cyber Security Engineer,58.88
7.94,Intermediate,32,77,84,22,28,67,84,68,Cyber Security Engineer,57.75
6.25,Intermediate,82,32,34,50,41,41,85,42,Mobile App Developer,50.88
6.79,Intermediate,28,30,37,80,35,71,70,83,AI Engineer,54.25
6.04,Beginner,71,89,70,41,19,27,53,69,Full Stack Developer,54.88
7.62,Beginner,47,53,22,36,34,100,62,74,Cloud Engineer,53.5
6.52,Intermediate,35,82,53,38,22,90,68,54,DevOps Engineer,55.25
6.73,Beginner,61,45,60,47,41,31,75,58,Mobile App Developer,52.25
6.35,Intermediate,58,43,68,83,93,32,49,75,Data Scientist,62.62
7.85,Beginner,47,35,28,91,91,31,84,85,Machine Learning Engineer,61.5
8.41,Intermediate,21,24,90,87,97,25,67,66,Data Scientist,59.62
7.84,Beginner,41,23,83,50,82,28,61,88,Data Analyst,57.0
6.91,Beginner,45,42,90,12,65,21,45,85,Data Analyst,50.62
6.71,Intermediate,37,97,79,16,25,26,95,49,Backend Developer,53.0
9.14,Advanced,47,53,41,41,48,40,81,42,Software Engineer,49.12
7.89,Beginner,60,36,46,44,39,41,91,73,Mobile App Developer,53.75
6.15,Intermediate,25,71,50,58,42,48,91,54,Python Developer,54.88
8.48,Beginner,55,67,22,12,37,45,99,78,Java Developer,51.88
6.19,Intermediate,71,33,38,32,12,35,87,40,Mobile App Developer,43.5
8.3,Intermediate,31,40,30,86,20,73,76,72,AI Engineer,53.5
6.21,Beginner,45,63,77,15,14,97,53,44,DevOps Engineer,51.0
7.8,Intermediate,41,77,82,39,11,21,73,44,Backend Developer,48.5
7.58,Beginner,78,93,70,36,35,50,55,64,Full Stack Developer,60.12
6.4,Intermediate,65,57,59,24,19,43,85,66,Mobile App Developer,52.25
9.18,Intermediate,24,48,29,90,95,22,94,48,Machine Learning Engineer,56.25
5.85,Intermediate,98,37,43,25,35,28,60,41,Frontend Developer,45.88
7.51,Beginner,40,68,43,61,23,32,93,84,Python Developer,55.5
9.18,Intermediate,33,48,47,92,83,42,89,79,Machine Learning Engineer,64.12
5.59,Intermediate,26,71,39,62,44,47,90,84,Python Developer,57.88
6.28,Advanced,24,96,89,40,37,48,88,51,Backend Developer,59.12
9.34,Intermediate,49,43,39,90,86,35,86,66,Machine Learning Engineer,61.75
7.08,Intermediate,94,91,61,47,34,21,64,78,Full Stack Developer,61.25
8.1,Intermediate,51,33,79,37,85,34,63,80,Data Analyst,57.75
6.61,Beginner,53,29,93,27,87,36,56,72,Data Analyst,56.62
7.4,Advanced,41,98,70,44,37,26,79,82,Backend Developer,59.62
8.31,Intermediate,51,89,77,34,40,96,64,71,DevOps Engineer,65.25
9.26,Intermediate,44,36,35,20,14,48,88,40,Software Engineer,40.62
8.17,Intermediate,81,80,74,18,16,43,50,66,Full Stack Developer,53.5
7.44,Beginner,57,85,80,47,32,90,58,81,DevOps Engineer,66.25
7.6,Beginner,87,44,55,46,43,36,78,59,Mobile App Developer,56.0
8.24,Advanced,34,47,48,39,27,42,81,55,Software Engineer,46.62
8.46,Intermediate,33,84,78,40,13,90,70,66,Cyber Security Engineer,59.25
7.46,Intermediate,39,34,56,77,12,57,90,62,AI Engineer,53.38
7.08,Beginner,55,51,86,65,99,27,68,40,Data Scientist,61.38
8.18,Beginner,51,86,66,20,36,87,47,46,DevOps Engineer,54.88
5.96,Intermediate,99,52,43,34,27,23,71,85,Frontend Developer,54.25
8.2,Intermediate,21,22,37,14,50,97,88,75,Cloud Engineer,50.5
6.15,Beginner,37,24,75,73,93,29,47,45,Data Scientist,52.88
6.28,Beginner,27,69,76,29,12,80,83,71,Cyber Security Engineer,55.88
6.28,Beginner,75,23,36,39,50,40,81,65,Frontend Developer,51.12
7.94,Beginner,40,20,31,15,31,98,71,75,Cloud Engineer,47.62
7.29,Intermediate,46,66,37,30,29,36,96,41,Java Developer,47.62
7.74,Advanced,37,98,71,38,13,45,93,77,Backend Developer,59.0
5.7,Intermediate,71,94,62,23,50,22,58,90,Full Stack Developer,58.75
8.08,Advanced,54,58,40,98,46,54,90,44,AI Engineer,60.5
6.78,Intermediate,42,21,58,81,45,78,74,80,AI Engineer,59.88
5.69,Advanced,27,43,24,97,15,59,74,81,AI Engineer,52.5
6.08,Intermediate,40,49,47,47,16,100,79,53,Cloud Engineer,53.88
5.62,Intermediate,36,93,79,38,18,33,74,40,Backend Developer,51.38
7.4,Intermediate,58,88,71,35,14,100,51,40,DevOps Engineer,57.12
6.06,Intermediate,59,89,81,28,16,43,77,67,Backend Developer,57.5
7.99,Intermediate,59,77,28,26,21,46,87,64,Java Developer,51.0
7.01,Advanced,28,79,73,17,47,23,83,48,Backend Developer,49.75
5.57,Advanced,28,87,92,35,23,36,84,70,Backend Developer,56.88
8.18,Beginner,49,79,69,49,15,88,68,48,DevOps Engineer,58.12
6.64,Intermediate,37,71,83,40,44,82,93,71,Cyber Security Engineer,65.12
9.61,Intermediate,52,52,33,43,19,21,84,90,Software Engineer,49.25
6.23,Beginner,62,41,51,35,22,20,90,77,Mobile App Developer,49.75
6.64,Intermediate,51,34,21,92,42,63,77,73,AI Engineer,56.62
6.41,Beginner,86,27,44,26,29,33,79,78,Mobile App Developer,50.25
8.45,Beginner,93,45,49,31,42,50,67,52,Frontend Developer,53.62
6.35,Intermediate,59,88,63,16,41,97,46,55,DevOps Engineer,58.12
7.09,Intermediate,39,73,31,10,38,25,92,48,Java Developer,44.5
6.33,Beginner,20,69,32,28,41,20,95,51,Java Developer,44.5
8.45,Intermediate,50,92,90,39,31,26,83,57,Backend Developer,58.5
6.66,Beginner,22,34,62,68,87,25,47,65,Data Scientist,51.25
6.35,Intermediate,39,64,67,39,20,79,85,76,Cyber Security Engineer,58.62
5.61,Intermediate,31,37,85,30,80,26,43,86,Data Analyst,52.25
6.8,Intermediate,48,65,24,44,41,33,96,40,Java Developer,48.88
8.4,Beginner,59,69,63,22,25,61,95,74,Cyber Security Engineer,58.5
7.47,Intermediate,94,84,83,45,41,47,46,72,Full Stack Developer,64.0
6.04,Intermediate,47,80,23,47,47,49,88,46,Java Developer,53.38
9.79,Beginner,47,51,56,93,90,46,94,71,Machine Learning Engineer,68.5
7.55,Advanced,60,59,46,47,38,44,96,74,Software Engineer,58.0
6.42,Intermediate,59,91,72,26,26,37,74,54,Backend Developer,54.88
9.54,Advanced,42,26,51,46,12,21,98,52,Software Engineer,43.5
6.29,Beginner,46,79,33,17,28,23,78,81,Java Developer,48.12
7.91,Intermediate,20,56,47,85,83,21,93,72,Machine Learning Engineer,59.62
5.91,Beginner,46,85,69,34,10,89,78,70,Cyber Security Engineer,60.12
6.99,Intermediate,57,55,42,22,26,89,84,43,Cloud Engineer,52.25
7.95,Intermediate,37,30,51,12,11,94,63,78,Cloud Engineer,47.0
8.43,Intermediate,86,78,81,11,39,29,69,87,Full Stack Developer,60.0
5.95,Intermediate,70,83,75,36,21,41,68,52,Full Stack Developer,55.75
7.93,Beginner,39,53,49,98,89,47,91,59,Machine Learning Engineer,65.62
9.56,Intermediate,55,42,41,25,36,30,84,41,Software Engineer,44.25
6.31,Intermediate,21,81,72,24,41,79,76,69,Cyber Security Engineer,57.88
6.35,Beginner,80,45,56,19,16,49,63,52,Frontend Developer,47.5
8.35,Intermediate,82,32,51,30,50,22,80,44,Frontend Developer,48.88
6.65,Beginner,37,89,38,60,18,35,87,76,Python Developer,55.0
7.72,Intermediate,21,59,61,86,94,23,69,71,Data Scientist,60.5
6.18,Intermediate,20,48,59,88,37,53,85,89,AI Engineer,59.88
7.93,Beginner,67,37,59,48,32,20,89,59,Mobile App Developer,51.38
7.94,Beginner,57,63,78,10,36,78,100,55,Cyber Security Engineer,59.62
7.07,Intermediate,38,39,86,78,99,21,46,44,Data Scientist,56.38
6.33,Advanced,48,79,95,41,12,28,94,40,Backend Developer,54.62
8.34,Beginner,36,22,51,48,28,95,83,71,Cloud Engineer,54.25
7.92,Intermediate,52,69,37,69,21,32,81,81,Python Developer,55.25
6.72,Beginner,56,20,86,86,92,43,53,56,Data Scientist,61.5
7.7,Beginner,39,32,23,96,86,21,95,74,Machine Learning Engineer,58.25
6.8,Beginner,81,78,73,31,39,42,57,64,Full Stack Developer,58.12
5.75,Intermediate,30,73,60,46,21,49,90,83,Java Developer,56.5
7.32,Intermediate,23,27,77,46,71,32,42,74,Data Analyst,49.0
7.59,Intermediate,35,31,91,26,89,45,45,70,Data Analyst,54.0
5.63,Beginner,23,64,56,78,42,32,99,85,Python Developer,59.88
9.25,Beginner,31,45,54,92,87,26,86,67,Machine Learning Engineer,61.0
8.37,Advanced,56,89,74,28,29,21,80,56,Backend Developer,54.12
6.28,Beginner,49,84,74,30,38,80,42,87,DevOps Engineer,60.5
6.87,Beginner,23,84,31,46,41,43,87,68,Java Developer,52.88
8.27,Intermediate,22,63,61,15,27,81,89,60,Cyber Security Engineer,52.25
8.41,Intermediate,31,31,68,69,95,38,52,55,Data Scientist,54.88
7.31,Beginner,22,60,64,38,21,87,71,44,Cyber Security Engineer,50.88
6.96,Intermediate,96,41,57,37,45,40,74,71,Frontend Developer,57.62
7.98,Beginner,85,73,65,49,38,44,65,53,Full Stack Developer,59.0
6.71,Intermediate,54,88,60,18,18,37,79,81,Java Developer,54.38
6.44,Beginner,53,74,34,13,29,49,78,48,Java Developer,47.25
7.54,Beginner,68,54,54,29,43,43,89,83,Mobile App Developer,57.88
6.01,Intermediate,34,56,57,10,16,100,87,50,Cloud Engineer,51.25
6.25,Beginner,82,73,71,27,25,44,49,54,Full Stack Developer,53.12
7.39,Intermediate,84,27,31,26,14,41,73,43,Frontend Developer,42.38
6.66,Intermediate,43,92,92,36,20,29,81,48,Backend Developer,55.12
6.37,Beginner,76,86,67,14,39,35,65,74,Full Stack Developer,57.0
6.21,Intermediate,81,87,69,47,42,30,66,73,Full Stack Developer,61.88
8.27,Intermediate,77,91,78,21,41,30,43,42,Full Stack Developer,52.88
8.99,Intermediate,32,29,45,33,21,28,100,87,Software Engineer,46.88
8.03,Beginner,59,31,32,95,91,25,81,85,Machine Learning Engineer,62.38
7.13,Beginner,54,74,72,37,46,91,66,58,DevOps Engineer,62.25
7.27,Beginner,33,64,76,35,32,81,42,46,DevOps Engineer,51.12
8.05,Intermediate,60,55,54,81,17,56,78,54,AI Engineer,56.88
7.39,Beginner,60,52,46,36,36,20,74,56,Mobile App Developer,47.5
6.59,Beginner,42,77,55,51,23,25,79,63,Python Developer,51.88
5.94,Intermediate,56,24,51,88,23,59,77,67,AI Engineer,55.62
6.93,Intermediate,25,41,58,85,12,78,93,80,AI Engineer,59.0
9.55,Beginner,45,57,43,98,83,42,95,80,Machine Learning Engineer,67.88
6.7,Intermediate,31,75,72,50,32,95,45,75,DevOps Engineer,59.38
7.8,Beginner,28,20,87,20,81,25,57,94,Data Analyst,51.5
6.66,Intermediate,45,67,78,33,46,91,69,62,DevOps Engineer,61.38
5.67,Beginner,25,65,60,40,27,73,74,83,Cyber Security Engineer,55.88
8.33,Beginner,71,46,42,13,45,45,91,81,Mobile App Developer,54.25
7.76,Intermediate,47,35,56,77,23,64,84,77,AI Engineer,57.88
8.18,Beginner,74,23,32,12,29,50,81,57,Mobile App Developer,44.75
8.86,Intermediate,22,24,46,35,39,44,90,48,Software Engineer,43.5
7.72,Advanced,29,42,55,13,10,24,96,62,Software Engineer,41.38
6.06,Advanced,45,50,35,85,38,59,94,64,AI Engineer,58.75
7.93,Intermediate,21,51,51,13,15,99,67,83,Cloud Engineer,50.0
7.08,Beginner,52,54,90,16,74,37,42,85,Data Analyst,56.25
8.88,Beginner,28,35,55,93,76,23,92,64,Machine Learning Engineer,58.25
8.23,Beginner,35,81,50,11,35,95,55,68,DevOps Engineer,53.75
7.22,Intermediate,60,21,55,20,37,37,95,68,Mobile App Developer,49.12
5.57,Intermediate,32,21,44,43,19,94,77,49,Cloud Engineer,47.38
8.87,Intermediate,48,60,22,91,87,31,81,52,Machine Learning Engineer,59.0
8.41,Intermediate,39,60,80,35,77,21,62,80,Data Analyst,56.75
8.17,Intermediate,54,39,81,11,79,29,49,91,Data Analyst,54.12
5.57,Beginner,30,88,87,50,46,79,98,70,Cyber Security Engineer,68.5
7.54,Intermediate,32,80,48,35,13,37,99,59,Java Developer,50.38
8.03,Beginner,33,20,72,83,99,42,68,61,Data Scientist,59.75
7.87,Beginner,40,20,29,26,39,89,77,40,Cloud Engineer,45.0
7.47,Beginner,58,58,91,35,85,44,62,92,Data Analyst,65.62
5.64,Beginner,32,26,82,80,97,24,52,69,Data Scientist,57.75
6.31,Intermediate,24,65,86,14,45,79,87,79,Cyber Security Engineer,59.88
8.46,Beginner,51,67,70,50,27,78,74,54,Cyber Security Engineer,58.88
7.71,Intermediate,53,67,50,53,28,33,84,41,Python Developer,51.12
8.64,Beginner,40,23,32,92,79,33,91,84,Machine Learning Engineer,59.25
7.35,Advanced,60,88,78,11,15,40,90,87,Backend Developer,58.62
8.23,Intermediate,20,68,75,47,48,80,47,45,DevOps Engineer,53.75
7.36,Advanced,40,83,71,43,50,24,90,57,Backend Developer,57.25
6.99,Beginner,92,74,86,14,23,32,46,87,Full Stack Developer,56.75
8.93,Beginner,37,33,55,85,79,39,79,59,Machine Learning Engineer,58.25
7.16,Beginner,22,88,47,43,13,42,86,48,Java Developer,48.62
7.36,Intermediate,34,37,20,76,19,50,74,73,AI Engineer,47.88
5.55,Intermediate,22,82,66,21,10,95,58,87,DevOps Engineer,55.12
5.6,Intermediate,80,71,64,47,36,28,53,66,Full Stack Developer,55.62
6.63,Intermediate,95,21,52,24,14,29,81,89,Frontend Developer,50.62
7.71,Beginner,26,35,99,44,90,21,61,94,Data Analyst,58.75
6.34,Beginner,77,72,61,19,22,31,58,51,Full Stack Developer,48.88
7.08,Beginner,52,87,50,23,32,81,62,48,DevOps Engineer,54.38
6.65,Beginner,38,66,23,27,45,42,97,61,Java Developer,49.88
6.61,Beginner,75,39,29,13,10,29,60,65,Frontend Developer,40.0
8.45,Beginner,59,52,79,48,85,38,61,95,Data Analyst,64.62
7.27,Beginner,88,35,58,25,20,46,73,78,Frontend Developer,52.88
8.95,Beginner,32,29,48,93,93,47,88,65,Machine Learning Engineer,61.88
6.32,Intermediate,35,55,22,82,18,58,76,67,AI Engineer,51.62
5.92,Intermediate,23,79,64,22,16,67,74,88,Cyber Security Engineer,54.12
8.43,Intermediate,33,22,45,93,80,40,95,73,Machine Learning Engineer,60.12
6.45,Intermediate,82,50,22,26,16,49,91,48,Mobile App Developer,48.0
9.6,Beginner,31,54,59,89,91,40,84,87,Machine Learning Engineer,66.88
6.82,Beginner,57,40,70,71,99,23,65,81,Data Scientist,63.25
5.52,Beginner,60,52,80,81,87,41,49,61,Data Scientist,63.88
6.69,Intermediate,43,89,64,11,34,86,46,79,DevOps Engineer,56.5
6.64,Intermediate,27,41,51,23,39,99,66,83,Cloud Engineer,53.62
8.0,Beginner,93,37,29,38,12,27,71,73,Frontend Developer,47.5
7.57,Intermediate,81,80,62,43,35,20,49,80,Full Stack Developer,56.25
6.92,Intermediate,40,58,40,14,33,100,85,78,Cloud Engineer,56.0
8.24,Beginner,58,65,42,40,34,30,87,89,Java Developer,55.62
8.11,Intermediate,75,37,35,48,26,49,74,90,Mobile App Developer,54.25
6.64,Beginner,48,82,69,40,38,64,70,45,Cyber Security Engineer,57.0
6.89,Beginner,55,24,75,31,71,43,66,80,Data Analyst,55.62
8.41,Intermediate,42,79,81,39,30,88,93,45,Cyber Security Engineer,62.12
6.87,Intermediate,56,50,71,79,93,44,60,74,Data Scientist,65.88
5.67,Intermediate,93,38,50,39,42,27,60,41,Frontend Developer,48.75
5.82,Intermediate,52,36,38,48,47,93,81,66,Cloud Engineer,57.62
6.62,Intermediate,57,60,98,27,75,48,50,70,Data Analyst,60.62
9.86,Intermediate,35,21,29,96,91,39,84,64,Machine Learning Engineer,57.38
7.62,Intermediate,46,83,74,23,35,79,77,75,Cyber Security Engineer,61.5
8.35,Advanced,45,82,83,15,46,29,71,80,Backend Developer,56.38
6.59,Advanced,50,95,89,15,22,46,77,89,Backend Developer,60.38
7.03,Advanced,53,94,91,41,25,40,74,81,Backend Developer,62.38
8.64,Intermediate,48,56,32,86,84,32,80,70,Machine Learning Engineer,61.0
6.78,Intermediate,100,38,22,31,29,25,62,71,Frontend Developer,47.25
6.15,Advanced,52,86,91,44,36,50,95,85,Backend Developer,67.38
7.9,Intermediate,32,43,60,33,24,91,61,56,Cloud Engineer,50.0
9.48,Beginner,25,30,39,99,75,47,81,80,Machine Learning Engineer,59.5
5.64,Intermediate,31,60,56,33,19,94,43,41,DevOps Engineer,47.12
6.4,Beginner,37,85,31,13,16,25,87,61,Java Developer,44.38
7.04,Intermediate,53,71,64,23,23,85,79,82,Cyber Security Engineer,60.0
7.51,Intermediate,82,80,75,14,26,25,70,64,Full Stack Developer,54.5
8.04,Intermediate,29,59,46,11,15,50,90,64,Software Engineer,45.5
7.38,Intermediate,36,37,22,95,10,71,80,87,AI Engineer,54.75
8.41,Beginner,31,35,39,48,35,92,72,84,Cloud Engineer,54.5
6.28,Intermediate,82,90,75,40,36,20,47,82,Full Stack Developer,59.0
8.91,Beginner,42,38,44,95,75,42,79,81,Machine Learning Engineer,62.0
7.94,Intermediate,47,34,71,82,96,41,43,72,Data Scientist,60.75
5.79,Beginner,26,59,80,38,68,48,40,83,Data Analyst,55.25
7.97,Beginner,39,65,57,80,18,34,90,54,Python Developer,54.62
6.27,Advanced,50,39,59,81,40,67,80,72,AI Engineer,61.0
6.96,Intermediate,89,42,23,49,46,28,85,81,Frontend Developer,55.38
6.48,Intermediate,52,90,21,19,26,26,76,82,Java Developer,49.0
5.93,Beginner,31,84,59,11,21,92,49,71,DevOps Engineer,52.25
8.33,Beginner,51,85,42,22,46,29,94,52,Java Developer,52.62
6.42,Intermediate,37,27,34,95,41,66,71,88,AI Engineer,57.38
6.44,Beginner,59,36,97,21,85,20,69,77,Data Analyst,58.0
5.51,Intermediate,45,87,66,49,29,69,84,80,Cyber Security Engineer,63.62
7.76,Beginner,100,48,25,48,31,46,88,58,Frontend Developer,55.5
7.66,Intermediate,22,25,35,27,31,22,89,74,Software Engineer,40.62
5.83,Advanced,42,31,55,92,17,67,93,61,AI Engineer,57.25
8.33,Intermediate,59,63,49,65,26,26,83,65,Python Developer,54.5
8.46,Beginner,88,33,51,19,34,42,90,46,Mobile App Developer,50.38
8.27,Beginner,26,35,82,81,94,26,41,40,Data Scientist,53.12
5.86,Beginner,51,52,97,34,86,27,56,94,Data Analyst,62.12
6.82,Beginner,53,40,23,49,46,97,69,41,Cloud Engineer,52.25
9.17,Intermediate,57,57,51,91,76,34,85,48,Machine Learning Engineer,62.38
7.29,Beginner,33,86,66,45,37,97,49,82,DevOps Engineer,61.88
6.03,Intermediate,28,52,41,46,30,98,63,75,Cloud Engineer,54.12
8.25,Intermediate,52,88,55,38,50,25,99,58,Java Developer,58.12
8.02,Beginner,91,83,60,23,31,39,43,57,Full Stack Developer,53.38
6.96,Beginner,86,82,69,21,37,36,66,46,Full Stack Developer,55.38
5.9,Intermediate,55,54,23,13,31,100,82,85,Cloud Engineer,55.38
6.19,Intermediate,48,100,94,47,48,36,77,44,Backend Developer,61.75
5.84,Intermediate,82,75,88,19,47,27,53,79,Full Stack Developer,58.75
7.77,Intermediate,23,85,65,35,42,97,40,82,DevOps Engineer,58.62
8.03,Advanced,42,44,53,32,27,30,86,42,Software Engineer,44.5
6.35,Intermediate,30,84,56,47,12,97,55,64,DevOps Engineer,55.62
5.6,Intermediate,45,89,24,26,19,28,78,63,Java Developer,46.5
8.17,Intermediate,39,25,47,23,38,92,85,72,Cloud Engineer,52.62
6.57,Beginner,78,94,63,16,12,34,67,70,Full Stack Developer,54.25
5.7,Intermediate,82,43,33,36,22,20,80,53,Frontend Developer,46.12
5.51,Beginner,58,89,50,28,30,22,100,42,Java Developer,52.38
8.35,Beginner,49,37,44,18,39,97,62,42,Cloud Engineer,48.5
6.94,Intermediate,39,90,35,72,27,34,85,48,Python Developer,53.75
6.29,Intermediate,39,48,60,85,98,35,69,87,Data Scientist,65.12
6.43,Beginner,60,72,31,72,26,24,83,47,Python Developer,51.88
9.14,Advanced,20,44,58,32,50,37,85,52,Software Engineer,47.25
5.87,Beginner,36,65,58,76,39,40,89,52,Python Developer,56.88
6.52,Intermediate,95,73,74,40,32,22,44,43,Full Stack Developer,52.88
6.56,Beginner,25,48,63,69,93,26,40,66,Data Scientist,53.75
7.46,Intermediate,20,90,75,23,35,84,44,67,DevOps Engineer,54.75
6.62,Beginner,25,64,71,42,39,84,49,52,DevOps Engineer,53.25
6.55,Intermediate,32,75,77,28,27,43,71,58,Backend Developer,51.38
6.91,Intermediate,32,80,88,35,45,76,87,70,Cyber Security Engineer,64.12
7.85,Intermediate,32,72,70,26,45,87,77,87,Cyber Security Engineer,62.0
8.12,Beginner,45,60,88,35,15,74,100,81,Cyber Security Engineer,62.25
5.62,Advanced,40,29,56,93,22,60,91,62,AI Engineer,56.62
8.27,Beginner,95,28,26,30,29,40,66,67,Frontend Developer,47.62
7.06,Intermediate,42,40,57,83,25,80,85,77,AI Engineer,61.12
7.76,Advanced,50,99,78,43,10,26,92,78,Backend Developer,59.5
8.42,Beginner,27,62,66,50,26,86,41,89,DevOps Engineer,55.88
7.69,Beginner,49,44,97,43,69,29,49,91,Data Analyst,58.88
7.8,Intermediate,32,33,60,11,42,99,83,47,Cloud Engineer,50.88
7.74,Advanced,33,40,22,84,38,78,88,52,AI Engineer,54.38
7.86,Beginner,25,33,90,84,91,37,57,51,Data Scientist,58.5
5.76,Advanced,59,91,72,14,35,32,72,67,Backend Developer,55.25
8.21,Intermediate,23,77,77,16,47,69,89,40,Cyber Security Engineer,54.75
7.75,Intermediate,48,86,31,73,16,37,77,43,Python Developer,51.38
5.92,Intermediate,29,41,72,74,85,33,62,56,Data Scientist,56.5
6.38,Intermediate,42,65,35,26,37,44,84,59,Java Developer,49.0
5.97,Advanced,20,95,78,27,40,35,93,54,Backend Developer,55.25
7.03,Beginner,26,61,75,39,48,88,63,55,DevOps Engineer,56.88
6.41,Beginner,74,51,21,48,49,31,94,44,Mobile App Developer,51.5
7.06,Beginner,42,26,88,20,77,29,47,95,Data Analyst,53.0
8.05,Beginner,45,20,23,85,90,47,87,77,Machine Learning Engineer,59.25
8.08,Intermediate,20,100,82,42,22,27,80,84,Backend Developer,57.12
6.26,Beginner,60,42,25,43,29,94,72,63,Cloud Engineer,53.5
6.79,Intermediate,39,57,22,28,50,94,86,49,Cloud Engineer,53.12
6.0,Intermediate,79,33,45,27,36,27,78,57,Mobile App Developer,47.75
7.95,Intermediate,56,74,85,30,47,86,84,70,Cyber Security Engineer,66.5
7.8,Intermediate,24,76,88,36,23,87,86,53,Cyber Security Engineer,59.12
5.51,Beginner,87,78,88,12,46,20,56,81,Full Stack Developer,58.5
5.78,Beginner,31,81,50,42,30,30,90,87,Java Developer,55.12
8.28,Beginner,20,66,52,15,48,87,46,60,DevOps Engineer,49.25
6.74,Intermediate,27,50,43,93,24,51,79,49,AI Engineer,52.0
7.55,Intermediate,44,84,57,35,19,86,56,64,DevOps Engineer,55.62
8.03,Beginner,77,58,52,22,38,37,63,63,Frontend Developer,51.25
5.62,Intermediate,60,40,56,22,26,89,74,49,Cloud Engineer,52.0
8.44,Intermediate,31,86,90,26,34,83,96,41,Cyber Security Engineer,60.88
7.71,Beginner,50,24,37,26,46,94,85,71,Cloud Engineer,54.12
5.88,Beginner,20,84,52,58,26,42,83,87,Python Developer,56.5
6.64,Intermediate,58,21,72,83,94,32,59,57,Data Scientist,59.5
7.05,Intermediate,91,45,56,14,19,27,82,55,Frontend Developer,48.62
7.66,Beginner,72,78,82,40,18,29,54,54,Full Stack Developer,53.38
7.16,Beginner,35,67,30,21,48,27,99,65,Java Developer,49.0
7.76,Beginner,53,50,42,92,77,33,91,68,Machine Learning Engineer,63.25
7.62,Beginner,33,60,56,69,22,40,83,87,Python Developer,56.25
7.99,Beginner,48,37,38,19,23,85,88,52,Cloud Engineer,48.75
7.9,Advanced,28,52,29,89,46,62,79,58,AI Engineer,55.38
7.29,Beginner,50,69,43,56,46,30,84,64,Python Developer,55.25
5.61,Beginner,57,23,92,32,86,43,68,86,Data Analyst,60.88
6.04,Beginner,54,39,61,87,84,29,55,86,Data Scientist,61.88
6.36,Intermediate,28,77,81,30,40,88,85,46,Cyber Security Engineer,59.38
7.95,Intermediate,21,52,76,33,77,45,43,73,Data Analyst,52.5
7.24,Intermediate,27,76,67,22,35,82,54,62,DevOps Engineer,53.12
9.41,Advanced,42,54,41,13,29,38,84,88,Software Engineer,48.62
8.37,Beginner,21,76,58,22,14,38,96,59,Java Developer,48.0
7.44,Beginner,35,29,58,40,19,90,83,51,Cloud Engineer,50.62
5.85,Intermediate,49,43,56,19,28,89,64,54,Cloud Engineer,50.25
6.44,Intermediate,58,33,63,75,97,37,40,64,Data Scientist,58.38
8.43,Beginner,37,58,54,86,86,33,82,45,Machine Learning Engineer,60.12
5.89,Beginner,25,77,61,39,31,72,93,45,Cyber Security Engineer,55.38
8.48,Intermediate,30,83,40,61,27,28,88,40,Python Developer,49.62
6.52,Beginner,31,61,60,30,16,85,48,56,DevOps Engineer,48.38
5.82,Beginner,40,71,86,29,40,62,71,48,Cyber Security Engineer,55.88
7.55,Beginner,31,84,68,27,31,88,55,79,DevOps Engineer,57.88
7.96,Beginner,28,73,26,73,50,44,79,85,Python Developer,57.25
7.77,Intermediate,97,36,44,29,30,42,84,53,Frontend Developer,51.88
8.22,Intermediate,36,53,55,38,35,29,100,75,Software Engineer,52.62
6.22,Intermediate,23,63,41,78,20,39,99,86,Python Developer,56.12
6.33,Intermediate,26,87,34,50,47,49,78,70,Python Developer,55.12
6.96,Intermediate,52,55,67,68,92,36,56,65,Data Scientist,61.38
5.62,Beginner,87,39,32,23,42,30,77,81,Frontend Developer,51.38
7.94,Advanced,44,94,93,17,13,28,79,78,Backend Developer,55.75
6.46,Beginner,44,63,74,40,32,91,40,86,DevOps Engineer,58.75
7.09,Advanced,51,80,70,37,32,23,87,48,Backend Developer,53.5
9.79,Beginner,41,56,53,86,78,30,89,75,Machine Learning Engineer,63.5
7.15,Beginner,59,47,94,37,68,44,56,89,Data Analyst,61.75
6.24,Beginner,36,74,59,26,23,48,77,73,Java Developer,52.0
6.25,Intermediate,89,84,87,10,41,25,49,65,Full Stack Developer,56.25
6.91,Intermediate,58,96,81,46,28,39,84,88,Backend Developer,65.0
5.81,Beginner,81,75,69,21,40,50,42,57,Full Stack Developer,54.38
7.22,Beginner,28,83,79,17,43,87,77,55,Cyber Security Engineer,58.62
6.46,Intermediate,31,85,26,35,19,48,87,72,Java Developer,50.38
6.24,Intermediate,39,82,63,46,43,99,68,44,DevOps Engineer,60.5
6.61,Beginner,21,74,22,39,16,20,79,87,Java Developer,44.75
8.31,Beginner,87,24,20,26,34,45,81,68,Mobile App Developer,48.12
6.94,Beginner,81,83,76,30,33,36,54,69,Full Stack Developer,57.75
7.85,Intermediate,50,42,64,90,88,23,54,41,Data Scientist,56.5
5.67,Advanced,22,24,31,81,39,78,83,82,AI Engineer,55.0
5.66,Beginner,32,46,77,43,70,42,66,72,Data Analyst,56.0
8.57,Intermediate,38,41,49,100,81,44,92,87,Machine Learning Engineer,66.5
7.91,Beginner,77,42,45,25,41,37,94,83,Mobile App Developer,55.5
8.31,Intermediate,26,38,90,79,97,24,59,84,Data Scientist,62.12
7.05,Intermediate,90,29,57,12,37,24,81,60,Mobile App Developer,48.75
6.15,Beginner,27,73,58,19,14,50,76,44,Java Developer,45.12
7.07,Beginner,48,39,41,18,10,100,62,56,Cloud Engineer,46.75
5.57,Intermediate,54,82,54,61,12,27,95,72,Python Developer,57.12
7.16,Beginner,25,61,25,54,16,28,78,68,Python Developer,44.38
5.84,Intermediate,27,40,97,23,82,44,49,91,Data Analyst,56.62
6.61,Advanced,38,20,58,86,43,53,82,62,AI Engineer,55.25
8.47,Beginner,29,47,78,76,95,49,60,85,Data Scientist,64.88
9.26,Advanced,46,25,45,50,31,26,82,51,Software Engineer,44.5
7.06,Intermediate,26,68,29,50,47,49,95,60,Python Developer,53.0
7.43,Beginner,43,69,86,39,46,75,89,61,Cyber Security Engineer,63.5
7.38,Intermediate,24,20,56,36,14,85,84,41,Cloud Engineer,45.0
7.72,Intermediate,43,37,46,18,40,39,91,76,Software Engineer,48.75
9.06,Beginner,36,59,39,96,77,22,95,45,Machine Learning Engineer,58.62
6.08,Intermediate,68,32,33,29,46,26,92,41,Mobile App Developer,45.88
7.72,Intermediate,26,30,97,28,72,47,55,73,Data Analyst,53.5
7.19,Intermediate,42,74,54,22,34,46,98,83,Java Developer,56.62
9.02,Beginner,25,54,21,87,83,21,90,77,Machine Learning Engineer,57.25
6.4,Intermediate,38,48,89,74,91,21,40,87,Data Scientist,61.0
6.48,Beginner,50,83,60,36,14,89,48,43,DevOps Engineer,52.88
5.81,Intermediate,25,76,81,29,47,78,81,77,Cyber Security Engineer,61.75
6.16,Beginner,58,80,36,33,31,49,87,54,Java Developer,53.5
6.43,Beginner,89,47,22,34,13,25,87,79,Mobile App Developer,49.5
8.18,Intermediate,44,84,66,46,26,73,91,83,Cyber Security Engineer,64.12
5.74,Beginner,93,76,67,15,32,39,46,82,Full Stack Developer,56.25
7.01,Intermediate,83,60,52,20,16,47,60,60,Frontend Developer,49.75
6.95,Beginner,20,83,32,48,44,31,90,44,Java Developer,49.0
5.86,Beginner,42,88,70,11,33,82,42,52,DevOps Engineer,52.5
7.15,Advanced,23,90,71,12,41,41,76,83,Backend Developer,54.62
7.25,Intermediate,35,84,29,65,22,44,80,72,Python Developer,53.88
6.41,Intermediate,25,86,84,28,29,65,78,47,Cyber Security Engineer,55.25
6.89,Beginner,35,74,78,33,10,64,99,76,Cyber Security Engineer,58.62
8.48,Intermediate,81,22,27,24,18,24,75,43,Mobile App Developer,39.25
5.61,Intermediate,30,83,34,66,10,37,92,89,Python Developer,55.12
6.83,Intermediate,33,87,92,18,49,33,77,74,Backend Developer,57.88
9.43,Advanced,50,50,23,35,36,23,89,60,Software Engineer,45.75
6.42,Intermediate,59,51,79,83,90,31,49,46,Data Scientist,61.0
6.37,Beginner,45,86,74,31,35,62,85,86,Cyber Security Engineer,63.0
7.35,Intermediate,40,28,40,92,34,59,76,73,AI Engineer,55.25
8.01,Intermediate,34,79,59,62,29,47,87,68,Python Developer,58.12
6.82,Beginner,27,58,34,39,18,97,77,54,Cloud Engineer,50.5
6.88,Intermediate,27,48,52,44,25,95,81,63,Cloud Engineer,54.38
5.69,Beginner,55,39,92,31,73,49,63,81,Data Analyst,60.38
5.68,Intermediate,36,32,82,86,82,50,46,89,Data Scientist,62.88
6.05,Intermediate,43,22,67,87,96,21,61,73,Data Scientist,58.75
7.22,Intermediate,52,84,29,40,22,34,95,80,Java Developer,54.5
8.49,Beginner,44,26,49,30,27,88,78,90,Cloud Engineer,54.0
8.15,Intermediate,86,40,28,34,30,47,80,78,Frontend Developer,52.88
8.36,Intermediate,39,27,97,27,89,27,64,85,Data Analyst,56.88
6.09,Intermediate,27,46,40,87,10,61,73,56,AI Engineer,50.0
7.49,Beginner,99,58,42,29,11,23,81,57,Frontend Developer,50.0
5.77,Beginner,79,35,32,17,50,35,76,63,Mobile App Developer,48.38
5.78,Intermediate,61,39,36,35,35,27,84,83,Mobile App Developer,50.0
6.58,Intermediate,48,90,49,32,27,49,99,85,Java Developer,59.88
6.62,Beginner,99,55,36,49,32,44,81,60,Frontend Developer,57.0
7.6,Beginner,80,88,71,14,33,32,57,63,Full Stack Developer,54.75
7.06,Intermediate,82,40,22,21,22,41,79,42,Mobile App Developer,43.62
7.9,Beginner,40,77,74,34,25,85,82,49,Cyber Security Engineer,58.25
8.06,Beginner,44,69,76,42,15,83,95,46,Cyber Security Engineer,58.75
5.73,Beginner,60,32,61,68,82,49,68,68,Data Scientist,61.0
6.0,Beginner,94,43,47,37,48,27,81,71,Frontend Developer,56.0
7.09,Intermediate,38,72,49,22,39,36,82,53,Java Developer,48.88
7.66,Beginner,59,59,28,97,80,24,91,79,Machine Learning Engineer,64.62
7.93,Beginner,40,68,53,78,26,25,93,85,Python Developer,58.5
5.51,Beginner,94,54,26,16,41,23,76,75,Frontend Developer,50.62
6.99,Intermediate,36,87,50,37,46,49,76,77,Java Developer,57.25
7.68,Intermediate,42,23,90,75,96,27,45,59,Data Scientist,57.12
6.54,Intermediate,95,70,64,41,50,39,41,78,Full Stack Developer,59.75
7.32,Beginner,49,65,56,72,36,44,100,81,Python Developer,62.88
8.38,Beginner,85,91,79,40,10,41,48,48,Full Stack Developer,55.25
8.29,Intermediate,82,74,70,36,47,21,68,79,Full Stack Developer,59.62
7.43,Intermediate,40,84,85,14,25,40,71,90,Backend Developer,56.12
7.04,Beginner,55,57,73,69,86,41,53,63,Data Scientist,62.12
6.82,Beginner,78,91,70,46,42,20,65,57,Full Stack Developer,58.62
7.56,Intermediate,23,24,74,76,93,25,41,81,Data Scientist,54.62
8.01,Beginner,55,32,50,88,89,24,80,56,Machine Learning Engineer,59.25
5.83,Intermediate,20,90,76,10,45,82,75,69,Cyber Security Engineer,58.38
7.37,Beginner,53,52,87,36,80,37,50,83,Data Analyst,59.75
7.57,Intermediate,35,89,46,63,33,45,81,80,Python Developer,59.0
7.86,Beginner,49,29,38,89,91,29,90,68,Machine Learning Engineer,60.38
8.01,Intermediate,89,20,23,42,28,20,82,85,Frontend Developer,48.62
6.22,Beginner,67,57,35,39,14,20,72,78,Mobile App Developer,47.75
8.23,Advanced,51,84,92,38,12,43,80,54,Backend Developer,56.75
8.15,Beginner,88,41,47,30,50,45,77,84,Frontend Developer,57.75
6.79,Intermediate,82,22,48,15,43,34,87,82,Frontend Developer,51.62
6.85,Intermediate,32,48,48,91,12,73,83,89,AI Engineer,59.5
7.4,Intermediate,41,24,51,79,11,73,77,71,AI Engineer,53.38
7.72,Advanced,31,51,52,23,15,22,99,58,Software Engineer,43.88
8.11,Beginner,46,40,43,90,78,28,91,48,Machine Learning Engineer,58.0
6.68,Intermediate,37,27,26,49,21,87,76,77,Cloud Engineer,50.0
7.17,Intermediate,46,53,63,75,83,33,66,54,Data Scientist,59.12
8.7,Intermediate,53,23,57,22,25,29,99,72,Software Engineer,47.5
6.1,Intermediate,92,95,71,33,44,30,41,88,Full Stack Developer,61.75
5.59,Intermediate,42,82,90,47,17,87,85,56,Cyber Security Engineer,63.25
6.93,Beginner,47,73,20,45,39,21,95,62,Java Developer,50.25
9.69,Advanced,24,37,34,48,44,48,81,74,Software Engineer,48.75
5.64,Advanced,57,80,90,37,47,41,70,69,Backend Developer,61.38
6.41,Beginner,53,88,23,40,11,27,84,80,Java Developer,50.75
7.52,Intermediate,59,65,67,45,37,99,43,83,DevOps Engineer,62.25
5.86,Beginner,83,44,30,42,36,23,77,57,Mobile App Developer,49.0
6.74,Intermediate,41,91,79,50,38,43,75,85,Backend Developer,62.75
7.31,Beginner,70,45,42,34,11,42,92,82,Mobile App Developer,52.25
8.48,Intermediate,40,60,66,73,80,34,56,60,Data Scientist,58.62
8.07,Intermediate,55,45,20,94,90,27,81,42,Machine Learning Engineer,56.75
5.69,Intermediate,93,32,48,42,27,20,65,51,Frontend Developer,47.25
7.59,Intermediate,46,49,61,89,84,33,51,83,Data Scientist,62.0
5.64,Beginner,78,26,47,17,15,32,67,70,Frontend Developer,44.0
5.56,Advanced,30,58,45,89,45,78,95,57,AI Engineer,62.12
6.86,Beginner,90,47,21,43,16,38,76,70,Frontend Developer,50.12
5.89,Beginner,24,80,23,36,43,45,82,58,Java Developer,48.88
5.53,Intermediate,37,81,47,24,34,43,98,63,Java Developer,53.38
7.27,Intermediate,20,70,68,18,45,85,84,46,Cyber Security Engineer,54.5
8.04,Advanced,32,54,27,91,41,78,70,80,AI Engineer,59.12
7.78,Intermediate,79,38,50,38,11,39,82,41,Frontend Developer,47.25
8.07,Beginner,83,85,68,18,14,44,42,79,Full Stack Developer,54.12
7.58,Beginner,59,60,21,23,37,95,71,84,Cloud Engineer,56.25
6.41,Intermediate,33,24,91,30,85,31,56,75,Data Analyst,53.12
7.49,Intermediate,89,86,78,32,13,45,59,41,Full Stack Developer,55.38
7.65,Beginner,75,34,21,30,50,41,79,74,Frontend Developer,50.5
5.56,Beginner,24,35,93,16,85,40,56,85,Data Analyst,54.25
6.13,Intermediate,90,59,51,43,35,44,74,81,Mobile App Developer,59.62
7.58,Intermediate,30,80,31,74,32,35,77,64,Python Developer,52.88
7.27,Intermediate,27,88,83,21,15,86,82,84,Cyber Security Engineer,60.75
8.41,Beginner,57,90,44,47,13,50,100,43,Java Developer,55.5
7.69,Advanced,55,42,49,92,30,51,74,61,AI Engineer,56.75
9.76,Intermediate,46,41,40,86,87,22,89,86,Machine Learning Engineer,62.12
6.98,Intermediate,59,24,39,75,15,59,82,61,AI Engineer,51.75
7.92,Intermediate,85,82,73,17,45,35,50,55,Full Stack Developer,55.25
5.71,Intermediate,25,23,23,86,30,73,85,45,AI Engineer,48.75
6.04,Beginner,51,75,63,29,21,87,75,74,Cyber Security Engineer,59.38
6.81,Intermediate,58,98,78,12,23,45,76,88,Backend Developer,59.75
8.49,Intermediate,25,91,92,38,23,23,92,51,Backend Developer,54.38
6.79,Intermediate,39,77,39,75,44,38,76,44,Python Developer,54.0
6.24,Intermediate,35,54,92,49,71,34,57,73,Data Analyst,58.12
5.77,Beginner,90,20,33,11,20,41,87,61,Frontend Developer,45.38
7.31,Intermediate,51,69,22,68,49,36,78,88,Python Developer,57.62
8.44,Intermediate,24,38,59,22,15,38,90,64,Software Engineer,43.75
7.15,Intermediate,55,99,70,23,34,29,77,84,Backend Developer,58.88
9.44,Beginner,22,60,40,88,93,34,93,84,Machine Learning Engineer,64.25
7.89,Advanced,25,57,24,28,47,22,85,51,Software Engineer,42.38
6.14,Intermediate,36,87,45,50,44,43,76,68,Python Developer,56.12
5.64,Intermediate,44,79,84,40,18,40,89,81,Backend Developer,59.38
8.12,Intermediate,83,73,83,12,31,44,63,44,Full Stack Developer,54.12
9.55,Beginner,33,21,30,100,82,29,84,42,Machine Learning Engineer,52.62
7.22,Beginner,37,88,79,30,30,90,91,51,Cyber Security Engineer,62.0
8.09,Intermediate,75,40,32,17,19,35,60,62,Frontend Developer,42.5
7.77,Intermediate,59,52,91,39,83,32,53,91,Data Analyst,62.5
6.48,Intermediate,54,25,82,69,89,45,43,63,Data Scientist,58.75
8.29,Advanced,57,91,82,27,24,39,78,48,Backend Developer,55.75
8.35,Advanced,40,28,55,97,23,77,92,53,AI Engineer,58.12
6.9,Intermediate,92,81,87,28,38,35,53,60,Full Stack Developer,59.25
6.34,Beginner,78,47,21,37,18,20,72,84,Mobile App Developer,47.12
7.77,Beginner,83,22,49,28,35,34,88,88,Mobile App Developer,53.38
6.79,Intermediate,58,79,87,16,40,89,98,74,Cyber Security Engineer,67.62
7.71,Beginner,87,44,41,43,27,26,71,51,Frontend Developer,48.75
6.55,Advanced,47,51,51,93,48,78,73,54,AI Engineer,61.88
6.36,Intermediate,71,84,75,46,47,41,58,77,Full Stack Developer,62.38
6.33,Beginner,87,44,32,47,45,28,84,42,Mobile App Developer,51.12
6.3,Advanced,59,44,36,99,18,64,71,42,AI Engineer,54.12
6.17,Intermediate,83,82,81,11,34,24,63,70,Full Stack Developer,56.0
6.52,Beginner,47,60,53,31,27,87,45,53,DevOps Engineer,50.38
7.54,Intermediate,59,39,48,10,43,38,83,49,Software Engineer,46.12
8.09,Intermediate,73,34,56,20,36,37,87,55,Mobile App Developer,49.75
6.49,Intermediate,26,84,76,13,25,99,70,63,DevOps Engineer,57.0
7.86,Beginner,32,74,49,71,30,20,98,66,Python Developer,55.0
5.72,Beginner,40,66,71,37,39,66,93,83,Cyber Security Engineer,61.88
8.2,Intermediate,31,61,79,18,14,61,98,40,Cyber Security Engineer,50.25
9.38,Intermediate,57,30,43,37,21,37,83,74,Software Engineer,47.75
9.8,Beginner,59,31,32,97,78,34,87,86,Machine Learning Engineer,63.0
8.24,Intermediate,48,59,25,20,31,46,86,48,Software Engineer,45.38
7.63,Beginner,52,24,48,40,30,85,80,79,Cloud Engineer,54.75
5.76,Beginner,59,23,64,70,96,29,43,44,Data Scientist,53.5
7.36,Advanced,58,93,85,11,37,39,87,43,Backend Developer,56.62
5.56,Beginner,36,64,23,68,43,22,90,74,Python Developer,52.5
5.8,Intermediate,21,80,44,44,14,25,93,89,Java Developer,51.25
6.51,Intermediate,33,47,49,38,22,95,78,74,Cloud Engineer,54.5
7.48,Intermediate,98,27,35,33,35,24,87,56,Frontend Developer,49.38
7.08,Intermediate,90,47,51,11,50,41,77,55,Mobile App Developer,52.75
6.57,Intermediate,81,36,47,38,18,43,76,61,Frontend Developer,50.0
6.42,Beginner,35,53,77,21,89,42,52,92,Data Analyst,57.62
7.3,Advanced,50,34,49,97,38,69,85,64,AI Engineer,60.75
6.37,Advanced,49,82,78,48,21,31,78,77,Backend Developer,58.0
7.3,Beginner,30,60,28,50,29,38,88,43,Python Developer,45.75
7.17,Advanced,46,31,53,92,41,79,84,46,AI Engineer,59.0
7.61,Intermediate,48,100,74,20,16,38,91,85,Backend Developer,59.0
8.81,Beginner,22,23,52,92,78,45,94,42,Machine Learning Engineer,56.0
5.58,Intermediate,82,57,27,35,50,23,76,61,Mobile App Developer,51.38
8.08,Intermediate,51,30,46,93,87,42,78,64,Machine Learning Engineer,61.38
6.66,Intermediate,28,40,25,94,14,50,82,63,AI Engineer,49.5
5.61,Beginner,38,73,50,31,10,28,100,43,Java Developer,46.62
8.99,Intermediate,32,59,24,13,42,50,82,49,Software Engineer,43.88
6.56,Advanced,59,89,91,13,23,20,81,82,Backend Developer,57.25
8.44,Intermediate,27,54,29,94,87,22,86,81,Machine Learning Engineer,60.0
6.07,Advanced,43,37,34,81,47,54,87,56,AI Engineer,54.88
7.7,Intermediate,28,79,50,25,33,93,44,61,DevOps Engineer,51.62
5.79,Beginner,90,92,79,35,39,37,70,81,Full Stack Developer,65.38
7.14,Intermediate,26,96,82,48,17,41,77,59,Backend Developer,55.75
7.77,Intermediate,29,29,75,13,73,26,40,87,Data Analyst,46.5
7.65,Intermediate,24,34,25,78,49,54,76,76,AI Engineer,52.0
7.12,Beginner,84,53,38,42,23,37,89,49,Frontend Developer,51.88
7.8,Intermediate,70,36,30,40,39,49,75,78,Mobile App Developer,52.12
7.77,Intermediate,34,28,60,86,96,28,52,63,Data Scientist,55.88
7.77,Intermediate,55,59,21,97,33,50,91,85,AI Engineer,61.38
7.79,Intermediate,42,33,28,93,89,23,94,67,Machine Learning Engineer,58.62
7.69,Intermediate,88,49,27,29,21,31,81,76,Mobile App Developer,50.25
8.03,Intermediate,34,50,49,85,85,43,89,50,Machine Learning Engineer,60.62
5.77,Intermediate,60,100,71,13,22,35,70,83,Backend Developer,56.75
6.77,Intermediate,43,69,63,25,15,81,45,55,DevOps Engineer,49.5
8.19,Intermediate,56,76,75,28,27,65,77,52,Cyber Security Engineer,57.0
6.11,Beginner,92,45,42,15,45,42,81,60,Frontend Developer,52.75
8.61,Beginner,46,57,37,98,76,33,75,85,Machine Learning Engineer,63.38
6.61,Beginner,90,37,42,23,27,47,80,85,Mobile App Developer,53.88
6.67,Intermediate,26,88,65,35,49,87,68,55,DevOps Engineer,59.12
6.64,Intermediate,31,84,56,23,34,33,80,45,Java Developer,48.25
7.69,Intermediate,42,68,41,60,17,31,80,54,Python Developer,49.12
9.51,Advanced,28,58,39,26,40,36,92,50,Software Engineer,46.12
9.64,Advanced,52,48,40,27,41,32,85,78,Software Engineer,50.38
6.0,Intermediate,54,69,26,44,34,47,77,60,Java Developer,51.38
7.25,Intermediate,46,40,28,88,25,60,73,51,AI Engineer,51.38
6.06,Intermediate,28,25,55,11,38,90,90,65,Cloud Engineer,50.25
5.93,Beginner,92,60,50,43,48,50,76,86,Frontend Developer,63.12
6.14,Intermediate,77,21,53,39,23,48,90,75,Mobile App Developer,53.25
6.08,Intermediate,39,30,89,87,100,50,52,63,Data Scientist,63.75
7.21,Intermediate,20,68,31,59,19,22,95,52,Python Developer,45.75
5.72,Intermediate,39,73,67,39,40,77,94,66,Cyber Security Engineer,61.88
7.73,Intermediate,91,35,59,22,49,36,73,68,Frontend Developer,54.12
7.79,Beginner,48,82,58,49,37,29,78,45,Java Developer,53.25
7.54,Intermediate,80,24,57,32,37,38,72,44,Mobile App Developer,48.0
6.88,Intermediate,22,44,77,15,68,43,60,94,Data Analyst,52.88
6.34,Intermediate,91,87,63,38,41,25,51,74,Full Stack Developer,58.75
6.79,Intermediate,20,68,28,33,13,41,75,60,Java Developer,42.25
8.03,Intermediate,48,79,54,29,50,36,97,62,Java Developer,56.88
6.37,Intermediate,79,27,27,31,45,35,89,58,Frontend Developer,48.88
7.75,Beginner,30,54,56,48,26,97,71,57,Cloud Engineer,54.88
8.48,Intermediate,45,35,59,100,78,26,76,67,Machine Learning Engineer,60.75
5.66,Beginner,46,79,75,49,36,83,63,71,DevOps Engineer,62.75
7.58,Intermediate,36,44,58,37,11,44,95,53,Software Engineer,47.25
7.65,Beginner,55,60,26,64,19,23,77,59,Python Developer,47.88
6.17,Beginner,39,61,64,33,38,97,47,48,DevOps Engineer,53.38
6.05,Beginner,59,43,36,27,46,93,61,82,Cloud Engineer,55.88
7.37,Beginner,34,60,69,35,32,86,85,74,Cyber Security Engineer,59.38
6.08,Intermediate,32,85,30,27,48,29,82,47,Java Developer,47.5
7.79,Beginner,88,91,74,15,23,21,56,80,Full Stack Developer,56.0
7.63,Intermediate,81,45,20,10,19,35,87,72,Mobile App Developer,46.12
5.7,Beginner,100,52,22,17,24,27,79,54,Frontend Developer,46.88
8.21,Intermediate,79,36,58,32,35,22,73,62,Frontend Developer,49.62
9.06,Intermediate,35,43,52,13,21,25,87,59,Software Engineer,41.88
8.47,Intermediate,81,36,36,32,50,35,74,49,Mobile App Developer,49.12
6.79,Beginner,24,72,22,80,27,33,97,53,Python Developer,51.0
6.05,Intermediate,35,95,90,48,35,41,82,90,Backend Developer,64.5
8.03,Intermediate,49,60,70,41,19,92,56,90,DevOps Engineer,59.62
7.76,Intermediate,62,57,21,40,36,48,78,59,Mobile App Developer,50.12
6.16,Beginner,88,25,46,41,26,24,86,50,Frontend Developer,48.25
6.92,Intermediate,100,41,30,32,45,32,84,56,Frontend Developer,52.5
8.34,Advanced,59,52,20,81,40,67,75,47,AI Engineer,55.12
7.09,Intermediate,27,34,48,78,11,59,86,53,AI Engineer,49.5
7.56,Advanced,26,60,53,90,30,58,81,70,AI Engineer,58.5
8.27,Beginner,30,30,34,45,23,96,69,72,Cloud Engineer,49.88
8.31,Beginner,29,51,41,100,94,46,85,52,Machine Learning Engineer,62.25
7.18,Beginner,21,45,69,69,89,24,44,62,Data Scientist,52.88
6.91,Intermediate,78,75,79,26,45,25,66,88,Full Stack Developer,60.25
6.69,Intermediate,24,72,77,49,26,81,55,55,DevOps Engineer,54.88
9.55,Advanced,30,60,42,46,34,45,89,51,Software Engineer,49.62
9.38,Advanced,28,45,60,23,26,25,100,81,Software Engineer,48.5
5.66,Beginner,41,83,60,50,19,25,85,83,Java Developer,55.75
7.41,Beginner,83,92,83,42,26,41,50,51,Full Stack Developer,58.5
8.96,Beginner,27,26,49,99,89,26,87,83,Machine Learning Engineer,60.75
7.34,Intermediate,88,45,25,31,43,31,75,74,Mobile App Developer,51.5
5.95,Intermediate,84,36,35,47,12,49,60,60,Frontend Developer,47.88
7.91,Intermediate,28,40,42,89,79,36,78,67,Machine Learning Engineer,57.38
7.94,Intermediate,86,57,55,29,44,37,85,60,Frontend Developer,56.62
5.68,Intermediate,34,49,59,11,18,87,79,65,Cloud Engineer,50.25
9.23,Intermediate,50,26,22,97,90,35,87,42,Machine Learning Engineer,56.12
6.34,Beginner,84,38,59,15,44,41,84,43,Frontend Developer,51.0
7.26,Beginner,47,75,49,29,34,20,76,65,Java Developer,49.38
9.21,Intermediate,37,38,34,22,29,44,82,72,Software Engineer,44.75
7.02,Intermediate,78,91,71,46,17,23,64,87,Full Stack Developer,59.62
5.87,Beginner,54,26,84,68,94,46,58,45,Data Scientist,59.38
5.68,Beginner,52,77,73,29,39,82,51,60,DevOps Engineer,57.88
6.64,Beginner,89,91,65,25,50,47,58,59,Full Stack Developer,60.5
6.89,Intermediate,53,51,27,38,42,88,82,49,Cloud Engineer,53.75
5.63,Beginner,27,73,77,15,29,95,44,58,DevOps Engineer,52.25
6.62,Intermediate,34,38,78,26,68,22,69,82,Data Analyst,52.12
8.84,Intermediate,53,57,38,19,12,33,89,73,Software Engineer,46.75
8.71,Intermediate,60,21,43,47,29,46,81,67,Software Engineer,49.25
7.64,Beginner,65,35,23,35,49,35,91,61,Mobile App Developer,49.25
7.72,Intermediate,58,46,53,27,27,96,76,60,Cloud Engineer,55.38
7.99,Advanced,22,56,21,92,37,58,94,55,AI Engineer,54.38
6.54,Intermediate,71,74,76,19,18,45,43,52,Full Stack Developer,49.75
5.73,Beginner,47,61,59,25,50,81,64,60,DevOps Engineer,55.88
5.71,Beginner,53,29,92,18,87,21,55,77,Data Analyst,54.0
9.09,Intermediate,26,27,46,14,12,27,94,82,Software Engineer,41.0
6.94,Intermediate,34,86,64,30,26,81,89,47,Cyber Security Engineer,57.12
6.01,Beginner,75,48,42,16,10,47,88,88,Frontend Developer,51.75
6.96,Beginner,56,59,95,44,71,41,60,72,Data Analyst,62.25
5.84,Beginner,89,41,47,48,43,35,86,54,Frontend Developer,55.38
5.57,Intermediate,46,49,56,99,49,51,74,87,AI Engineer,63.88
9.06,Intermediate,28,24,57,97,81,32,80,45,Machine Learning Engineer,55.5
8.96,Intermediate,24,38,34,90,80,32,78,68,Machine Learning Engineer,55.5
7.95,Beginner,34,26,93,26,85,24,54,71,Data Analyst,51.62
7.04,Intermediate,21,47,29,26,27,99,86,80,Cloud Engineer,51.88
7.47,Intermediate,78,87,70,17,47,32,64,59,Full Stack Developer,56.75
6.18,Intermediate,51,53,51,76,39,54,95,59,AI Engineer,59.75
7.52,Intermediate,39,29,79,81,84,27,54,63,Data Scientist,57.0
5.66,Beginner,84,72,62,36,42,49,59,65,Full Stack Developer,58.62
8.18,Intermediate,27,67,45,54,46,34,77,84,Python Developer,54.25
5.94,Beginner,41,47,81,80,84,21,59,44,Data Scientist,57.12
6.48,Beginner,44,84,44,17,15,50,89,66,Java Developer,51.12
8.3,Intermediate,27,23,37,44,36,28,89,79,Software Engineer,45.38
5.65,Beginner,46,58,75,27,74,20,56,81,Data Analyst,54.62
8.12,Beginner,44,69,29,35,47,22,100,49,Java Developer,49.38
6.19,Beginner,56,62,70,23,14,87,43,65,DevOps Engineer,52.5
8.3,Intermediate,36,60,42,92,26,69,77,53,AI Engineer,56.88
6.51,Advanced,32,29,50,100,40,71,85,68,AI Engineer,59.38
8.99,Advanced,48,57,38,24,27,46,89,60,Software Engineer,48.62
7.59,Beginner,80,87,88,35,13,26,62,84,Full Stack Developer,59.38
6.97,Intermediate,57,43,81,35,66,45,68,89,Data Analyst,60.5
5.95,Intermediate,91,73,73,36,22,20,60,72,Full Stack Developer,55.88
9.59,Beginner,55,30,55,98,87,36,75,43,Machine Learning Engineer,59.88
6.3,Intermediate,21,87,87,36,37,33,83,81,Backend Developer,58.12
7.97,Beginner,37,65,50,20,12,97,57,87,DevOps Engineer,53.12
8.38,Intermediate,78,76,67,28,10,45,45,89,Full Stack Developer,54.75
8.46,Intermediate,23,73,88,11,43,78,83,52,Cyber Security Engineer,56.38
8.81,Advanced,58,49,45,35,21,40,87,57,Software Engineer,49.0
6.88,Intermediate,72,36,37,40,48,37,94,49,Mobile App Developer,51.62
7.52,Intermediate,28,90,70,33,25,25,74,70,Backend Developer,51.88
8.96,Advanced,26,31,57,50,12,48,82,54,Software Engineer,45.0
5.74,Beginner,96,30,43,28,15,36,62,42,Frontend Developer,44.0
6.46,Beginner,38,83,72,33,21,81,67,57,DevOps Engineer,56.5
8.19,Advanced,30,20,48,79,31,72,94,89,AI Engineer,57.88
7.27,Beginner,99,24,47,49,46,49,82,80,Frontend Developer,59.5
7.05,Intermediate,41,39,25,93,11,52,86,49,AI Engineer,49.5
6.99,Intermediate,42,52,59,81,11,50,83,48,AI Engineer,53.25
6.94,Beginner,88,22,50,44,44,49,85,86,Mobile App Developer,58.5
5.98,Beginner,63,37,29,17,42,29,77,86,Mobile App Developer,47.5
7.78,Intermediate,43,81,23,47,47,29,87,80,Java Developer,54.62
8.39,Intermediate,87,46,49,13,12,29,83,68,Mobile App Developer,48.38
7.81,Beginner,48,24,55,34,15,90,86,77,Cloud Engineer,53.62
5.61,Beginner,43,82,68,17,11,84,70,76,Cyber Security Engineer,56.38
6.91,Intermediate,20,39,27,79,32,56,80,71,AI Engineer,50.5
8.19,Beginner,26,59,56,97,89,40,95,46,Machine Learning Engineer,63.5
6.63,Intermediate,56,56,31,77,29,66,84,82,AI Engineer,60.12
6.41,Intermediate,27,66,61,36,14,77,83,68,Cyber Security Engineer,54.0
5.92,Intermediate,72,87,74,24,30,33,50,75,Full Stack Developer,55.62
8.37,Beginner,85,51,20,31,33,35,79,50,Frontend Developer,48.0
6.67,Beginner,53,68,36,17,47,46,83,63,Java Developer,51.62
7.74,Intermediate,59,35,47,96,80,34,82,68,Machine Learning Engineer,62.62
7.48,Intermediate,54,82,74,17,12,40,87,62,Backend Developer,53.5
6.09,Advanced,57,88,74,16,14,43,92,76,Backend Developer,57.5
7.46,Intermediate,33,100,82,12,21,26,83,50,Backend Developer,50.88
7.35,Intermediate,56,61,28,65,27,43,82,83,Python Developer,55.62
7.11,Beginner,70,70,71,22,12,24,68,87,Full Stack Developer,53.0
7.41,Intermediate,95,88,81,49,42,26,42,45,Full Stack Developer,58.5
6.02,Advanced,36,79,80,13,18,44,89,87,Backend Developer,55.75
7.37,Beginner,92,86,76,24,35,36,45,82,Full Stack Developer,59.5
6.0,Advanced,36,89,75,49,45,23,77,63,Backend Developer,57.12
5.96,Beginner,40,61,69,38,40,63,95,59,Cyber Security Engineer,58.12
6.8,Intermediate,82,54,53,16,42,44,76,42,Frontend Developer,51.12
7.93,Beginner,42,40,58,88,95,42,87,49,Machine Learning Engineer,62.62
7.64,Intermediate,73,26,53,36,28,41,85,46,Mobile App Developer,48.5
7.33,Intermediate,48,57,99,42,68,44,58,81,Data Analyst,62.12
7.33,Beginner,50,86,62,28,20,61,70,46,Cyber Security Engineer,52.88
6.99,Intermediate,59,60,42,57,43,23,81,49,Python Developer,51.75
6.21,Beginner,85,21,35,47,35,46,79,52,Frontend Developer,50.0
6.36,Intermediate,36,65,26,72,19,35,80,72,Python Developer,50.62
6.0,Intermediate,53,81,77,20,49,47,90,46,Backend Developer,57.88
6.88,Beginner,22,70,35,79,39,42,77,76,Python Developer,55.0
6.06,Beginner,42,76,31,58,41,32,75,41,Python Developer,49.5
7.62,Intermediate,94,93,80,13,21,41,55,62,Full Stack Developer,57.38
7.14,Beginner,88,54,27,11,19,38,72,48,Mobile App Developer,44.62
8.27,Intermediate,46,88,53,25,39,22,79,58,Java Developer,51.25
7.53,Intermediate,37,49,90,38,78,39,57,80,Data Analyst,58.5
6.91,Intermediate,30,65,50,48,44,81,64,87,DevOps Engineer,58.62
6.86,Intermediate,100,22,50,15,21,30,78,48,Frontend Developer,45.5
8.02,Beginner,45,80,43,45,35,28,80,82,Java Developer,54.75
9.3,Intermediate,28,24,21,85,92,28,87,56,Machine Learning Engineer,52.62
7.45,Intermediate,27,84,24,31,50,29,80,86,Java Developer,51.38
7.26,Beginner,95,95,66,10,33,37,66,49,Full Stack Developer,56.38
7.9,Beginner,40,64,81,11,39,74,75,54,Cyber Security Engineer,54.75
8.48,Intermediate,53,81,57,50,50,50,98,81,Java Developer,65.0
7.54,Intermediate,34,45,63,67,82,43,47,42,Data Scientist,52.88
7.36,Beginner,94,23,38,29,25,46,85,67,Frontend Developer,50.88
5.57,Intermediate,32,80,78,25,13,91,57,48,DevOps Engineer,53.0
8.24,Intermediate,75,31,31,17,36,31,79,40,Frontend Developer,42.5
8.23,Beginner,22,78,43,55,41,50,75,49,Python Developer,51.62
6.45,Advanced,55,77,90,30,16,48,70,87,Backend Developer,59.12
9.58,Beginner,56,28,52,97,83,30,85,89,Machine Learning Engineer,65.0
7.16,Intermediate,91,28,33,24,42,38,62,85,Frontend Developer,50.38
5.71,Beginner,35,37,93,38,73,38,51,83,Data Analyst,56.0
8.62,Intermediate,31,60,39,30,37,50,81,90,Software Engineer,52.25
6.25,Beginner,41,33,23,40,21,90,61,54,Cloud Engineer,45.38
6.91,Intermediate,42,71,36,12,42,43,81,72,Java Developer,49.88
5.76,Intermediate,38,72,52,19,34,85,42,70,DevOps Engineer,51.5
6.72,Intermediate,22,87,88,38,50,49,73,66,Backend Developer,59.12
7.83,Beginner,38,54,93,34,82,21,46,74,Data Analyst,55.25
7.95,Beginner,20,78,52,45,29,32,92,41,Java Developer,48.62
8.16,Advanced,34,46,42,32,41,44,98,52,Software Engineer,48.62
6.1,Intermediate,22,79,78,48,45,50,73,68,Backend Developer,57.88
9.99,Beginner,59,33,60,92,84,35,93,60,Machine Learning Engineer,64.5
7.81,Beginner,100,55,44,21,21,44,63,87,Frontend Developer,54.38
9.79,Advanced,29,22,22,46,10,37,88,77,Software Engineer,41.38
7.93,Advanced,44,45,28,94,40,63,78,56,AI Engineer,56.0
6.38,Beginner,41,50,72,86,88,31,53,63,Data Scientist,60.5
8.08,Beginner,76,29,27,39,12,50,90,87,Frontend Developer,51.25
8.41,Intermediate,60,52,59,93,76,20,88,68,Machine Learning Engineer,64.5
8.01,Intermediate,60,24,100,14,75,41,45,87,Data Analyst,55.75
6.23,Beginner,62,51,57,13,21,21,86,56,Mobile App Developer,45.88
7.19,Advanced,31,49,40,95,36,66,74,50,AI Engineer,55.12
6.36,Intermediate,37,80,80,49,13,64,99,52,Cyber Security Engineer,59.25
6.33,Beginner,75,48,43,25,24,39,88,58,Frontend Developer,50.0
5.82,Intermediate,25,52,86,90,82,38,51,68,Data Scientist,61.5
5.58,Intermediate,84,88,72,27,39,29,68,86,Full Stack Developer,61.62
8.4,Beginner,54,72,80,34,40,88,78,83,Cyber Security Engineer,66.12
5.86,Intermediate,90,89,79,23,34,24,66,66,Full Stack Developer,58.88
8.44,Intermediate,47,88,40,58,20,39,99,82,Python Developer,59.12
6.58,Intermediate,57,45,76,75,91,47,64,89,Data Scientist,68.0
7.76,Intermediate,32,49,47,98,11,76,78,44,AI Engineer,54.38
7.11,Intermediate,36,37,45,31,33,98,61,72,Cloud Engineer,51.62
8.83,Intermediate,57,22,23,86,94,28,81,56,Machine Learning Engineer,55.88
6.65,Beginner,58,59,48,35,19,88,90,72,Cloud Engineer,58.62
8.86,Intermediate,49,27,22,14,49,36,86,53,Software Engineer,42.0
8.03,Beginner,43,65,69,46,13,67,83,48,Cyber Security Engineer,54.25
6.24,Beginner,79,39,51,12,38,34,89,58,Mobile App Developer,50.0
7.2,Intermediate,75,35,54,36,19,30,91,69,Mobile App Developer,51.12
6.6,Intermediate,40,86,65,36,12,60,79,61,Cyber Security Engineer,54.88
5.89,Intermediate,36,35,20,12,29,96,89,82,Cloud Engineer,49.88
6.93,Beginner,58,47,91,15,66,49,70,95,Data Analyst,61.38
6.68,Beginner,28,74,34,37,30,46,84,58,Java Developer,48.88
7.35,Intermediate,43,31,54,16,13,96,86,77,Cloud Engineer,52.0
7.37,Intermediate,44,72,36,48,17,32,87,49,Java Developer,48.12
8.35,Intermediate,31,87,55,54,32,44,91,68,Python Developer,57.75
6.62,Intermediate,41,88,29,34,25,20,77,72,Java Developer,48.25
6.45,Advanced,30,38,48,100,47,75,95,69,AI Engineer,62.75
8.19,Advanced,27,88,94,19,10,21,73,82,Backend Developer,51.75
7.9,Intermediate,90,38,22,42,45,21,88,47,Mobile App Developer,49.12
7.2,Beginner,53,65,54,61,35,25,88,62,Python Developer,55.38
7.3,Advanced,55,76,91,48,24,20,70,53,Backend Developer,54.62
7.51,Beginner,54,81,69,34,37,76,87,48,Cyber Security Engineer,60.75
9.54,Intermediate,54,51,37,49,44,50,83,65,Software Engineer,54.12
7.06,Intermediate,38,58,76,21,77,46,47,74,Data Analyst,54.62
8.04,Intermediate,21,22,53,92,30,58,95,44,AI Engineer,51.88
7.54,Intermediate,20,30,52,90,50,59,72,45,AI Engineer,52.25
8.49,Intermediate,44,35,49,85,79,32,83,69,Machine Learning Engineer,59.5
8.39,Beginner,92,78,61,22,49,32,58,73,Full Stack Developer,58.12
5.9,Advanced,24,48,51,99,47,69,89,43,AI Engineer,58.75
8.8,Intermediate,56,41,56,17,47,28,92,43,Software Engineer,47.5
7.72,Beginner,69,47,52,25,47,25,74,84,Mobile App Developer,52.88
6.09,Beginner,22,71,64,14,17,86,96,74,Cyber Security Engineer,55.5
6.2,Intermediate,21,68,52,16,31,96,67,44,DevOps Engineer,49.38
7.94,Beginner,67,30,36,31,34,27,87,42,Mobile App Developer,44.25
8.93,Advanced,60,29,58,24,27,45,94,69,Software Engineer,50.75
6.72,Intermediate,42,21,22,34,50,91,72,42,Cloud Engineer,46.75
9.31,Beginner,54,56,32,86,77,37,76,71,Machine Learning Engineer,61.12
9.82,Intermediate,38,58,45,99,85,30,94,71,Machine Learning Engineer,65.0
7.91,Intermediate,44,79,87,34,30,35,88,81,Backend Developer,59.75
9.75,Advanced,56,46,43,16,49,21,83,43,Software Engineer,44.62
7.91,Beginner,35,36,99,45,67,32,61,89,Data Analyst,58.0
7.17,Beginner,50,30,90,71,91,41,60,67,Data Scientist,62.5
8.11,Beginner,22,87,34,16,49,33,85,40,Java Developer,45.75
7.9,Intermediate,33,32,23,49,17,93,70,90,Cloud Engineer,50.88
7.33,Beginner,24,84,75,30,18,93,66,65,DevOps Engineer,56.88
5.85,Beginner,47,41,75,90,94,34,49,81,Data Scientist,63.88
9.68,Advanced,22,21,57,38,44,32,95,41,Software Engineer,43.75
7.22,Intermediate,56,44,87,24,71,37,60,75,Data Analyst,56.75
6.97,Beginner,81,53,20,28,30,28,71,62,Frontend Developer,46.62
7.62,Intermediate,28,50,36,89,25,63,85,70,AI Engineer,55.75
6.17,Beginner,80,49,35,28,45,49,68,61,Frontend Developer,51.88
7.6,Beginner,30,45,60,26,36,94,82,45,Cloud Engineer,52.25
6.03,Beginner,29,79,46,44,36,46,89,74,Java Developer,55.38
5.67,Intermediate,60,58,34,11,37,50,93,47,Mobile App Developer,48.75
5.61,Intermediate,46,80,29,14,47,45,99,77,Java Developer,54.62
7.07,Intermediate,77,34,55,13,39,47,79,46,Mobile App Developer,48.75
7.54,Beginner,59,47,45,37,30,100,90,50,Cloud Engineer,57.25
6.34,Intermediate,90,40,57,11,12,44,90,58,Mobile App Developer,50.25
6.14,Intermediate,75,70,69,39,19,25,55,79,Full Stack Developer,53.88
6.52,Beginner,24,59,75,84,86,21,51,42,Data Scientist,55.25
7.85,Intermediate,50,98,79,48,21,36,76,50,Backend Developer,57.25
8.3,Beginner,24,55,68,77,88,31,59,82,Data Scientist,60.5
6.51,Beginner,34,32,24,35,32,99,73,71,Cloud Engineer,50.0
6.76,Advanced,24,89,93,41,20,33,72,55,Backend Developer,53.38
7.69,Intermediate,23,60,83,43,67,29,62,76,Data Analyst,55.38
8.18,Beginner,57,29,31,44,17,89,75,76,Cloud Engineer,52.25
7.62,Intermediate,49,79,23,78,38,32,77,80,Python Developer,57.0
7.55,Intermediate,87,77,80,36,19,24,63,84,Full Stack Developer,58.75
5.71,Intermediate,39,46,99,37,83,39,57,87,Data Analyst,60.88
7.17,Beginner,78,42,51,31,45,47,72,61,Mobile App Developer,53.38
6.79,Beginner,24,77,71,28,46,71,74,51,Cyber Security Engineer,55.25
6.24,Intermediate,22,86,39,34,29,34,84,58,Java Developer,48.25
7.85,Beginner,38,52,32,47,38,87,85,49,Cloud Engineer,53.5
7.33,Beginner,22,80,63,15,46,77,82,45,Cyber Security Engineer,53.75
6.84,Intermediate,43,73,23,76,19,21,95,62,Python Developer,51.5
6.89,Beginner,54,90,88,24,29,75,71,90,Cyber Security Engineer,65.12
8.13,Beginner,34,58,56,25,26,96,63,61,Cloud Engineer,52.38
6.42,Beginner,30,58,98,40,87,46,59,83,Data Analyst,62.62
8.46,Beginner,54,54,74,68,95,41,57,69,Data Scientist,64.0
7.56,Intermediate,29,87,50,28,15,85,62,61,DevOps Engineer,52.12
6.45,Intermediate,23,64,89,49,30,82,70,57,Cyber Security Engineer,58.0
9.79,Beginner,23,35,53,95,84,30,82,70,Machine Learning Engineer,59.0
8.08,Intermediate,98,43,30,14,29,26,74,47,Frontend Developer,45.12
6.19,Beginner,58,78,21,25,15,24,89,46,Java Developer,44.5
6.4,Beginner,74,70,72,43,25,21,64,45,Full Stack Developer,51.75
6.38,Beginner,48,66,84,33,39,75,81,66,Cyber Security Engineer,61.5
8.17,Beginner,28,27,21,97,87,45,82,69,Machine Learning Engineer,57.0
8.18,Intermediate,24,68,69,39,44,89,54,43,DevOps Engineer,53.75
7.27,Beginner,48,85,57,17,39,29,81,86,Java Developer,55.25
9.98,Beginner,52,42,34,93,88,32,75,85,Machine Learning Engineer,62.62
5.78,Advanced,59,82,94,48,41,48,74,87,Backend Developer,66.62
6.11,Beginner,29,35,68,75,91,21,51,60,Data Scientist,53.75
6.75,Beginner,34,77,55,46,50,91,55,78,DevOps Engineer,60.75
5.97,Advanced,24,24,36,79,50,58,78,72,AI Engineer,52.62
7.85,Beginner,27,65,27,76,12,46,75,83,Python Developer,51.38
7.92,Intermediate,49,28,59,20,32,43,98,87,Software Engineer,52.0
6.53,Intermediate,35,89,62,19,50,84,72,87,Cyber Security Engineer,62.25
7.81,Intermediate,74,89,64,25,21,29,54,41,Full Stack Developer,49.62
9.0,Advanced,51,54,40,48,13,44,84,49,Software Engineer,47.88
8.12,Intermediate,27,31,48,93,31,75,82,83,AI Engineer,58.75
9.06,Intermediate,54,25,22,48,11,23,90,62,Software Engineer,41.88
6.56,Intermediate,92,86,84,33,43,42,65,42,Full Stack Developer,60.88
6.0,Beginner,88,50,45,39,28,31,85,65,Mobile App Developer,53.88
7.36,Intermediate,26,33,64,67,84,22,50,52,Data Scientist,49.75
5.73,Intermediate,42,48,94,39,70,26,56,71,Data Analyst,55.75
6.31,Beginner,40,21,49,49,45,90,79,83,Cloud Engineer,57.0
7.64,Intermediate,41,41,32,50,50,50,98,81,Software Engineer,55.38
5.92,Advanced,47,50,46,99,15,72,94,61,AI Engineer,60.5
9.47,Intermediate,48,20,32,28,10,21,95,78,Software Engineer,41.5
7.36,Beginner,25,60,84,67,93,27,70,83,Data Scientist,63.62
8.27,Beginner,29,24,81,81,88,23,60,82,Data Scientist,58.5
7.63,Intermediate,47,32,65,67,88,48,50,77,Data Scientist,59.25
5.98,Beginner,34,84,62,16,39,84,48,62,DevOps Engineer,53.62
7.42,Intermediate,22,89,49,27,10,35,88,58,Java Developer,47.25
7.12,Beginner,54,88,77,45,19,95,41,52,DevOps Engineer,58.88
6.25,Beginner,96,25,30,30,25,38,62,76,Frontend Developer,47.75
9.3,Beginner,58,48,32,95,83,36,76,48,Machine Learning Engineer,59.5
8.56,Advanced,30,43,44,44,36,24,82,50,Software Engineer,44.12
8.4,Intermediate,38,40,80,46,89,25,47,79,Data Analyst,55.5
9.66,Intermediate,41,40,48,40,17,34,99,69,Software Engineer,48.5
6.37,Intermediate,22,66,35,14,28,46,77,81,Java Developer,46.12
6.44,Beginner,83,46,39,29,39,31,80,50,Frontend Developer,49.62
8.34,Beginner,22,51,52,100,87,26,79,44,Machine Learning Engineer,57.62
5.97,Beginner,47,81,24,10,37,42,90,58,Java Developer,48.62
7.76,Intermediate,26,22,36,85,90,47,78,62,Machine Learning Engineer,55.75
6.24,Intermediate,100,48,43,27,16,36,74,88,Frontend Developer,54.0
6.1,Beginner,24,74,82,22,36,65,91,63,Cyber Security Engineer,57.12
8.25,Beginner,84,45,33,43,21,46,94,82,Mobile App Developer,56.0
7.15,Intermediate,58,28,57,11,15,98,71,64,Cloud Engineer,50.25
7.87,Beginner,42,70,25,52,38,42,87,77,Python Developer,54.12
7.56,Beginner,91,89,67,39,49,37,53,49,Full Stack Developer,59.25
5.62,Beginner,77,41,23,33,16,47,76,43,Mobile App Developer,44.5
5.86,Beginner,39,27,66,81,84,47,66,41,Data Scientist,56.38
7.31,Beginner,79,59,59,11,20,31,89,67,Mobile App Developer,51.88
6.6,Intermediate,25,84,87,17,41,68,74,49,Cyber Security Engineer,55.62
7.14,Beginner,91,85,67,38,10,25,64,63,Full Stack Developer,55.38
7.56,Beginner,55,84,68,21,48,100,42,67,DevOps Engineer,60.62
7.62,Intermediate,48,78,39,68,50,43,96,63,Python Developer,60.62
5.71,Intermediate,81,56,60,16,32,22,68,54,Frontend Developer,48.62
5.98,Beginner,46,43,85,69,84,49,67,69,Data Scientist,64.0
7.42,Intermediate,53,21,84,34,71,22,63,76,Data Analyst,53.0
6.18,Beginner,21,80,68,27,34,66,81,82,Cyber Security Engineer,57.38
7.96,Intermediate,91,42,36,18,14,49,69,72,Frontend Developer,48.88
7.55,Beginner,100,25,22,33,39,41,80,52,Frontend Developer,49.0
7.48,Beginner,58,44,22,46,34,93,81,50,Cloud Engineer,53.5
6.76,Beginner,60,30,84,77,87,39,64,47,Data Scientist,61.0
7.49,Intermediate,87,22,26,47,43,29,85,85,Mobile App Developer,53.0
7.7,Intermediate,45,61,33,74,33,30,99,58,Python Developer,54.12
8.43,Beginner,45,32,82,37,67,30,69,71,Data Analyst,54.12
5.74,Beginner,37,63,62,27,24,82,42,89,DevOps Engineer,53.25
6.5,Intermediate,34,77,25,45,50,46,88,67,Java Developer,54.0
9.6,Advanced,39,27,58,48,44,37,95,87,Software Engineer,54.38
7.87,Beginner,38,89,50,38,12,83,57,80,DevOps Engineer,55.88
8.04,Beginner,26,86,64,15,21,88,83,64,Cyber Security Engineer,55.88
6.33,Intermediate,57,62,46,57,45,28,81,42,Python Developer,52.25
5.62,Intermediate,54,25,20,10,37,96,62,82,Cloud Engineer,48.25
6.98,Beginner,29,72,87,32,40,78,86,73,Cyber Security Engineer,62.12
7.02,Beginner,81,81,82,12,33,25,57,74,Full Stack Developer,55.62
7.68,Beginner,59,80,53,50,30,94,50,58,DevOps Engineer,59.25
6.52,Intermediate,54,22,79,34,79,49,50,71,Data Analyst,54.75
8.13,Intermediate,91,71,81,18,21,34,45,40,Full Stack Developer,50.12
6.94,Intermediate,21,75,46,47,41,44,78,77,Java Developer,53.62
5.65,Beginner,34,40,33,34,21,91,75,71,Cloud Engineer,49.88
6.86,Advanced,21,96,93,17,14,29,85,57,Backend Developer,51.5
8.25,Beginner,51,68,74,39,37,67,74,57,Cyber Security Engineer,58.38
6.37,Beginner,83,55,23,25,32,41,61,85,Frontend Developer,50.62
5.56,Beginner,49,46,84,79,83,30,67,49,Data Scientist,60.88
5.73,Intermediate,57,60,46,61,40,37,89,71,Python Developer,57.62
7.24,Intermediate,44,49,83,44,66,48,57,74,Data Analyst,58.12
7.22,Intermediate,84,58,36,49,10,27,83,74,Frontend Developer,52.62
9.16,Advanced,56,59,42,14,13,32,89,69,Software Engineer,46.75
7.54,Intermediate,32,31,33,42,48,94,85,64,Cloud Engineer,53.62
7.7,Advanced,33,58,38,38,30,26,96,63,Software Engineer,47.75
6.23,Intermediate,36,47,57,99,20,71,81,80,AI Engineer,61.38
6.28,Intermediate,32,26,87,76,96,38,63,52,Data Scientist,58.75
6.31,Intermediate,97,59,45,47,41,47,77,66,Frontend Developer,59.88
6.73,Intermediate,46,71,64,49,21,84,79,79,Cyber Security Engineer,61.62
6.52,Advanced,58,95,76,46,12,44,81,73,Backend Developer,60.62
8.08,Intermediate,41,84,52,25,29,84,42,63,DevOps Engineer,52.5
9.65,Intermediate,50,50,60,85,87,24,77,85,Machine Learning Engineer,64.75
7.73,Intermediate,40,29,93,43,80,28,56,93,Data Analyst,57.75
7.79,Intermediate,52,57,42,35,23,90,88,41,Cloud Engineer,53.5
8.16,Intermediate,25,60,56,25,27,95,65,71,Cloud Engineer,53.0
5.64,Beginner,24,26,76,39,71,49,69,77,Data Analyst,53.88
7.69,Beginner,88,60,53,43,17,34,71,40,Mobile App Developer,50.75
6.25,Intermediate,35,40,53,21,33,95,85,64,Cloud Engineer,53.25
6.01,Beginner,55,24,57,40,34,93,78,45,Cloud Engineer,53.25
8.83,Intermediate,50,39,33,30,22,36,92,85,Software Engineer,48.38
8.02,Intermediate,41,42,52,16,24,92,68,76,Cloud Engineer,51.38
5.63,Intermediate,60,85,66,13,28,90,58,86,DevOps Engineer,60.75
6.26,Intermediate,62,34,46,36,37,50,84,62,Mobile App Developer,51.38
7.87,Intermediate,49,89,93,22,24,34,86,79,Backend Developer,59.5
6.15,Intermediate,57,63,37,56,23,23,87,75,Python Developer,52.62
5.99,Intermediate,44,21,45,100,39,66,92,41,AI Engineer,56.0
8.3,Intermediate,56,77,58,31,17,20,80,64,Java Developer,50.38
5.96,Intermediate,33,82,30,77,45,43,80,69,Python Developer,57.38
8.1,Intermediate,84,32,29,45,13,30,81,56,Mobile App Developer,46.25
9.01,Advanced,31,41,58,11,20,47,84,83,Software Engineer,46.88
8.77,Intermediate,60,42,37,21,17,25,98,68,Software Engineer,46.0
8.47,Beginner,44,58,57,95,90,38,94,60,Machine Learning Engineer,67.0
6.28,Intermediate,55,47,64,76,90,46,43,80,Data Scientist,62.62
8.3,Intermediate,50,48,50,17,14,21,88,50,Software Engineer,42.25
7.18,Intermediate,60,69,58,32,23,96,40,65,DevOps Engineer,55.38
8.27,Intermediate,46,71,74,49,12,62,70,63,Cyber Security Engineer,55.88
8.19,Intermediate,84,37,24,32,43,33,72,80,Frontend Developer,50.62
8.87,Beginner,22,40,56,86,81,34,89,76,Machine Learning Engineer,60.5
7.3,Beginner,29,83,71,13,16,89,66,70,DevOps Engineer,54.62
9.54,Beginner,37,36,22,99,82,27,78,54,Machine Learning Engineer,54.38
5.86,Intermediate,49,42,73,75,96,34,62,43,Data Scientist,59.25
6.24,Beginner,48,40,83,85,91,23,45,53,Data Scientist,58.5
6.15,Beginner,24,86,21,44,26,50,91,46,Java Developer,48.5
8.61,Beginner,42,32,53,87,90,24,78,84,Machine Learning Engineer,61.25
8.01,Intermediate,87,84,66,14,12,20,43,62,Full Stack Developer,48.5
7.76,Intermediate,57,72,25,45,16,24,88,50,Java Developer,47.12
7.56,Intermediate,31,32,60,100,76,42,88,42,Machine Learning Engineer,58.88
7.68,Intermediate,55,37,54,87,94,31,75,78,Machine Learning Engineer,63.88
7.07,Intermediate,51,81,92,26,19,23,84,81,Backend Developer,57.12
5.89,Beginner,56,76,43,46,34,48,91,66,Java Developer,57.5
7.59,Beginner,34,88,57,30,44,46,97,45,Java Developer,55.12
7.83,Beginner,21,78,59,39,44,50,82,56,Java Developer,53.62
6.97,Intermediate,59,81,80,32,31,45,92,74,Backend Developer,61.75
5.53,Beginner,86,37,41,42,44,21,80,72,Frontend Developer,52.88
8.39,Advanced,29,89,80,32,34,34,93,48,Backend Developer,54.88
8.32,Beginner,85,46,29,11,34,43,83,50,Mobile App Developer,47.62
8.75,Advanced,35,44,60,11,20,26,99,80,Software Engineer,46.88
6.8,Beginner,37,70,44,69,46,41,80,69,Python Developer,57.0
8.3,Intermediate,82,43,25,19,23,22,83,83,Mobile App Developer,47.5
6.95,Intermediate,52,79,22,33,12,30,90,88,Java Developer,50.75
8.99,Intermediate,46,60,30,34,43,35,95,54,Software Engineer,49.62
6.09,Intermediate,94,58,20,49,35,33,86,66,Frontend Developer,55.12
8.2,Intermediate,51,26,47,76,13,66,93,41,AI Engineer,51.62
7.57,Advanced,37,39,57,76,18,75,74,51,AI Engineer,53.38
8.38,Intermediate,54,68,36,42,46,37,75,46,Java Developer,50.5
6.18,Advanced,48,49,25,81,17,63,86,79,AI Engineer,56.0
6.65,Intermediate,34,85,21,73,18,24,84,41,Python Developer,47.5
7.88,Beginner,55,56,89,24,74,47,61,95,Data Analyst,62.62
6.74,Beginner,36,88,25,25,43,50,96,75,Java Developer,54.75
7.41,Beginner,89,90,61,31,17,48,69,58,Full Stack Developer,57.88
7.89,Intermediate,34,42,57,19,16,38,97,65,Software Engineer,46.0
8.41,Beginner,39,31,52,43,45,91,69,68,Cloud Engineer,54.75
7.55,Intermediate,76,36,25,44,45,50,71,65,Frontend Developer,51.5
9.27,Advanced,22,32,60,45,19,43,90,74,Software Engineer,48.12
7.42,Intermediate,46,55,93,28,76,34,58,80,Data Analyst,58.75
8.29,Beginner,32,71,35,28,41,26,100,75,Java Developer,51.0
7.95,Intermediate,25,46,80,31,80,23,42,92,Data Analyst,52.38
6.79,Beginner,39,89,60,37,20,89,82,77,Cyber Security Engineer,61.62
8.47,Intermediate,20,85,56,18,33,96,46,71,DevOps Engineer,53.12
8.15,Beginner,41,38,24,33,26,88,81,70,Cloud Engineer,50.12
7.33,Intermediate,29,21,51,45,41,87,77,66,Cloud Engineer,52.12
7.43,Advanced,39,33,29,97,25,78,73,76,AI Engineer,56.25
7.98,Intermediate,47,48,79,75,86,40,58,90,Data Scientist,65.38
6.63,Beginner,59,66,85,29,36,77,70,64,Cyber Security Engineer,60.75
5.78,Beginner,21,82,28,37,16,42,83,55,Java Developer,45.5
9.92,Beginner,46,40,48,87,87,20,80,45,Machine Learning Engineer,56.62
6.36,Beginner,60,44,81,85,82,40,53,79,Data Scientist,65.5
6.94,Intermediate,49,33,71,67,98,20,51,71,Data Scientist,57.5
5.72,Beginner,85,43,48,48,48,27,62,66,Frontend Developer,53.38
7.57,Intermediate,60,42,47,89,82,29,94,77,Machine Learning Engineer,65.0
5.7,Beginner,43,65,48,14,22,43,100,72,Java Developer,50.88
5.84,Intermediate,21,46,97,38,80,39,70,86,Data Analyst,59.62
8.13,Intermediate,28,74,37,17,41,26,99,61,Java Developer,47.88
5.67,Intermediate,52,90,22,33,44,50,97,53,Java Developer,55.12
7.71,Intermediate,32,49,22,50,36,37,80,46,Software Engineer,44.0
7.62,Beginner,26,35,82,48,89,47,58,88,Data Analyst,59.12
6.7,Beginner,56,36,82,27,77,50,66,95,Data Analyst,61.12
5.69,Beginner,30,30,76,42,81,20,43,81,Data Analyst,50.38
7.28,Beginner,35,29,38,36,33,99,83,54,Cloud Engineer,50.88
7.22,Intermediate,85,47,37,11,25,21,93,53,Mobile App Developer,46.5
7.79,Intermediate,35,81,25,51,45,46,76,84,Python Developer,55.38
8.29,Intermediate,20,99,82,34,49,46,78,53,Backend Developer,57.62
5.69,Intermediate,88,89,90,13,48,28,62,78,Full Stack Developer,62.0
8.4,Intermediate,48,56,55,23,44,26,91,79,Software Engineer,52.75
8.07,Intermediate,81,95,65,31,13,39,55,75,Full Stack Developer,56.75
6.59,Intermediate,49,63,46,63,15,48,88,57,Python Developer,53.62
7.53,Intermediate,41,49,63,76,92,38,51,66,Data Scientist,59.5
5.93,Beginner,25,39,80,37,72,28,46,92,Data Analyst,52.38
6.1,Beginner,91,21,25,49,50,36,69,83,Frontend Developer,53.0
9.79,Intermediate,36,52,58,15,31,26,93,62,Software Engineer,46.62
5.83,Intermediate,22,49,81,21,65,37,57,85,Data Analyst,52.12
6.12,Intermediate,34,80,60,38,19,62,81,47,Cyber Security Engineer,52.62
7.78,Intermediate,51,44,55,91,87,32,90,58,Machine Learning Engineer,63.5
8.38,Intermediate,38,32,36,98,79,28,75,45,Machine Learning Engineer,53.88
7.89,Intermediate,81,51,55,44,24,45,80,79,Mobile App Developer,57.38
6.33,Beginner,77,29,21,15,32,45,95,69,Mobile App Developer,47.88
6.18,Intermediate,47,70,64,30,49,99,68,80,DevOps Engineer,63.38
6.97,Advanced,44,77,82,27,32,43,87,66,Backend Developer,57.25
7.88,Beginner,81,40,33,10,42,24,88,62,Frontend Developer,47.5
6.09,Beginner,39,55,59,26,22,99,71,86,Cloud Engineer,57.12
7.63,Beginner,51,84,28,11,23,29,90,71,Java Developer,48.38
6.05,Beginner,90,46,45,31,31,44,75,87,Frontend Developer,56.12
7.58,Intermediate,40,24,43,87,27,78,86,54,AI Engineer,54.88
9.04,Intermediate,25,47,51,27,17,21,83,82,Software Engineer,44.12
6.19,Advanced,32,88,74,39,27,39,73,84,Backend Developer,57.0
9.94,Intermediate,52,60,52,99,85,21,80,59,Machine Learning Engineer,63.5
8.93,Beginner,28,24,45,94,88,43,76,58,Machine Learning Engineer,57.0
6.04,Intermediate,26,78,26,76,22,26,84,64,Python Developer,50.25
5.96,Intermediate,39,35,98,32,88,44,41,85,Data Analyst,57.75
5.64,Intermediate,89,47,41,21,22,37,89,53,Frontend Developer,49.88
6.42,Intermediate,100,25,25,15,24,38,66,71,Frontend Developer,45.5
6.46,Beginner,55,38,86,14,67,34,50,86,Data Analyst,53.75
8.27,Intermediate,29,60,39,93,89,37,91,69,Machine Learning Engineer,63.38
6.23,Beginner,28,36,94,49,72,30,62,71,Data Analyst,55.25
5.99,Intermediate,21,69,38,69,22,38,84,72,Python Developer,51.62
5.79,Beginner,86,35,39,29,23,49,92,54,Mobile App Developer,50.88
8.2,Intermediate,83,22,47,19,18,33,84,89,Mobile App Developer,49.38
9.86,Intermediate,41,23,56,91,89,37,91,64,Machine Learning Engineer,61.5
8.13,Intermediate,24,40,67,80,92,47,41,62,Data Scientist,56.62
7.85,Beginner,44,29,98,41,83,25,55,95,Data Analyst,58.75
6.02,Intermediate,29,66,53,20,18,90,63,54,DevOps Engineer,49.12
5.55,Intermediate,81,95,84,18,33,25,69,76,Full Stack Developer,60.12
6.87,Intermediate,53,50,55,89,15,66,80,74,AI Engineer,60.25
7.62,Intermediate,27,34,29,85,13,80,94,73,AI Engineer,54.38
8.2,Intermediate,43,60,55,42,17,95,56,86,DevOps Engineer,56.75
5.62,Intermediate,37,88,29,37,31,25,75,77,Java Developer,49.88
5.74,Intermediate,31,77,62,42,47,94,68,46,DevOps Engineer,58.38
8.23,Beginner,82,58,35,40,44,41,62,59,Frontend Developer,52.62
8.24,Beginner,39,29,61,74,93,24,62,58,Data Scientist,55.0
8.66,Beginner,52,41,28,91,86,39,81,82,Machine Learning Engineer,62.5
6.04,Intermediate,90,35,37,23,34,36,70,64,Frontend Developer,48.62
7.54,Beginner,41,86,68,44,26,62,97,58,Cyber Security Engineer,60.25
7.73,Beginner,29,55,26,100,78,34,87,75,Machine Learning Engineer,60.5
8.18,Intermediate,79,60,49,34,28,21,62,48,Frontend Developer,47.62
8.6,Advanced,32,34,29,48,28,25,80,86,Software Engineer,45.25
6.24,Beginner,26,20,63,86,99,46,43,51,Data Scientist,54.25
7.66,Beginner,36,55,80,20,82,24,68,91,Data Analyst,57.0
7.19,Intermediate,33,72,50,11,47,47,81,85,Java Developer,53.25
6.69,Advanced,23,32,27,79,48,73,74,50,AI Engineer,50.75
8.48,Intermediate,38,67,58,29,46,96,69,70,DevOps Engineer,59.12
6.55,Beginner,50,80,62,44,36,98,40,60,DevOps Engineer,58.75
7.87,Intermediate,39,25,56,22,13,32,81,79,Software Engineer,43.38
7.29,Intermediate,59,21,73,74,92,35,60,66,Data Scientist,60.0
7.84,Beginner,33,60,23,26,33,89,60,85,Cloud Engineer,51.12
5.52,Beginner,76,81,71,35,40,34,65,67,Full Stack Developer,58.62
8.47,Intermediate,26,50,87,50,85,48,55,92,Data Analyst,61.62
7.67,Beginner,50,76,74,35,25,98,42,81,DevOps Engineer,60.12
8.24,Beginner,34,56,45,95,82,48,81,48,Machine Learning Engineer,61.12
6.0,Intermediate,25,90,29,44,46,48,94,50,Java Developer,53.25
6.33,Beginner,75,80,84,32,27,32,52,61,Full Stack Developer,55.38
9.46,Intermediate,46,47,24,39,33,27,85,86,Software Engineer,48.38
8.27,Beginner,37,84,90,20,32,89,91,51,Cyber Security Engineer,61.75
6.07,Intermediate,57,71,81,34,30,67,74,67,Cyber Security Engineer,60.12
5.81,Beginner,99,49,59,49,49,37,60,78,Frontend Developer,60.0
8.13,Beginner,74,53,60,12,30,21,82,85,Mobile App Developer,52.12
7.14,Beginner,77,47,43,13,21,50,79,78,Mobile App Developer,51.0
6.99,Intermediate,82,79,90,25,25,47,48,46,Full Stack Developer,55.25
6.77,Intermediate,42,65,37,66,40,29,99,80,Python Developer,57.25
8.44,Beginner,88,34,50,34,29,42,68,41,Frontend Developer,48.25
7.66,Advanced,32,27,20,100,35,77,95,55,AI Engineer,55.12
7.99,Beginner,34,82,47,29,15,39,82,52,Java Developer,47.5
6.73,Intermediate,52,21,51,96,18,67,84,90,AI Engineer,59.88
5.83,Beginner,29,78,56,24,35,23,94,76,Java Developer,51.88
5.88,Beginner,76,43,35,32,20,37,83,78,Frontend Developer,50.5
6.2,Beginner,29,79,46,24,19,21,88,73,Java Developer,47.38
5.75,Advanced,55,84,75,11,48,38,95,59,Backend Developer,58.12
6.1,Intermediate,35,39,85,34,86,20,40,82,Data Analyst,52.62
9.13,Advanced,54,47,44,13,30,34,83,51,Software Engineer,44.5
8.03,Intermediate,53,100,90,49,25,33,77,74,Backend Developer,62.62
7.44,Intermediate,51,88,51,14,45,29,100,52,Java Developer,53.75
6.68,Intermediate,44,88,83,35,24,74,100,67,Cyber Security Engineer,64.38
6.22,Intermediate,78,85,86,40,27,40,61,41,Full Stack Developer,57.25
8.29,Beginner,59,64,47,67,22,26,88,52,Python Developer,53.12
6.47,Intermediate,52,79,56,56,46,30,92,71,Python Developer,60.25
6.32,Beginner,23,70,43,62,47,24,87,55,Python Developer,51.38
7.15,Intermediate,25,93,76,38,42,28,93,42,Backend Developer,54.62
5.65,Beginner,56,76,49,59,16,20,92,84,Python Developer,56.5
8.38,Intermediate,71,46,46,12,47,47,84,85,Mobile App Developer,54.75
5.57,Beginner,57,44,50,44,42,89,67,61,Cloud Engineer,56.75
6.76,Beginner,86,23,53,16,16,20,77,52,Frontend Developer,42.88
6.9,Intermediate,26,36,76,12,78,21,67,83,Data Analyst,49.88
9.03,Beginner,48,35,51,89,94,35,76,84,Machine Learning Engineer,64.0
8.6,Beginner,43,57,44,88,95,48,89,56,Machine Learning Engineer,65.0
7.33,Intermediate,74,92,64,42,32,27,62,84,Full Stack Developer,59.62
6.75,Intermediate,23,79,39,25,27,30,94,81,Java Developer,49.75
7.85,Advanced,59,49,57,81,19,69,81,90,AI Engineer,63.12
7.79,Intermediate,58,26,40,43,23,90,76,48,Cloud Engineer,50.5
9.91,Intermediate,49,31,39,92,80,22,84,52,Machine Learning Engineer,56.12
6.67,Beginner,21,83,29,57,10,38,75,81,Python Developer,49.25
7.2,Beginner,79,41,20,16,48,39,81,48,Mobile App Developer,46.5
7.86,Intermediate,33,89,33,12,45,29,92,90,Java Developer,52.88
6.94,Beginner,86,76,70,17,25,41,49,48,Full Stack Developer,51.5
7.51,Advanced,24,41,50,91,36,61,88,44,AI Engineer,54.38
5.58,Beginner,32,62,54,76,34,26,84,81,Python Developer,56.12
9.24,Advanced,33,33,37,46,17,42,86,73,Software Engineer,45.88
6.95,Advanced,46,22,41,75,40,80,93,77,AI Engineer,59.25
5.97,Beginner,57,82,46,62,12,44,84,43,Python Developer,53.75
7.59,Beginner,47,84,38,59,41,24,92,74,Python Developer,57.38
8.09,Advanced,60,81,71,21,45,35,88,42,Backend Developer,55.38
5.6,Advanced,27,26,40,99,34,61,93,45,AI Engineer,53.12
7.56,Beginner,24,58,93,24,88,28,52,91,Data Analyst,57.25
6.3,Intermediate,21,88,37,35,25,20,89,65,Java Developer,47.5
6.88,Intermediate,42,40,81,75,94,39,59,48,Data Scientist,59.75
8.23,Beginner,36,57,67,68,85,42,46,59,Data Scientist,57.5
6.41,Beginner,25,35,40,40,12,98,90,78,Cloud Engineer,52.25
7.32,Advanced,60,37,37,93,45,66,80,45,AI Engineer,57.88
5.61,Beginner,34,87,22,76,30,33,93,58,Python Developer,54.12
5.79,Beginner,90,74,90,34,14,49,54,51,Full Stack Developer,57.0
5.58,Intermediate,26,54,26,94,25,76,83,43,AI Engineer,53.38
6.79,Intermediate,79,48,20,25,12,30,70,46,Mobile App Developer,41.25
8.36,Intermediate,35,85,70,19,15,81,58,79,DevOps Engineer,55.25
8.19,Beginner,54,63,27,80,25,21,94,60,Python Developer,53.0
9.76,Intermediate,24,52,27,87,84,47,83,83,Machine Learning Engineer,60.88
5.55,Intermediate,29,68,53,36,38,95,53,69,DevOps Engineer,55.12
8.61,Beginner,21,56,60,90,89,37,92,47,Machine Learning Engineer,61.5
6.99,Intermediate,41,73,54,60,17,34,84,61,Python Developer,53.0
6.87,Intermediate,89,79,66,28,34,27,69,75,Full Stack Developer,58.38
8.26,Intermediate,89,58,30,11,46,50,69,52,Frontend Developer,50.62
7.48,Intermediate,50,50,60,90,14,70,89,41,AI Engineer,58.0
6.73,Beginner,31,78,70,29,44,68,89,65,Cyber Security Engineer,59.25
5.75,Beginner,46,45,76,86,91,24,41,50,Data Scientist,57.38
5.9,Advanced,25,36,40,75,24,62,89,80,AI Engineer,53.88
5.81,Intermediate,43,70,26,62,16,29,86,44,Python Developer,47.0
5.66,Beginner,59,38,43,21,18,96,60,88,Cloud Engineer,52.88
6.74,Intermediate,21,92,95,15,43,36,76,61,Backend Developer,54.88
6.1,Beginner,37,82,20,26,40,38,99,78,Java Developer,52.5
7.22,Beginner,80,55,60,10,36,23,77,50,Mobile App Developer,48.88
5.82,Intermediate,40,30,60,11,19,98,78,46,Cloud Engineer,47.75
6.75,Intermediate,33,77,87,28,20,61,70,67,Cyber Security Engineer,55.38
8.27,Beginner,64,37,35,33,14,40,93,60,Mobile App Developer,47.0
7.6,Intermediate,24,22,88,36,70,32,40,75,Data Analyst,48.38
8.5,Intermediate,54,81,33,71,41,22,98,64,Python Developer,58.0
8.15,Intermediate,62,44,36,43,38,39,74,54,Mobile App Developer,48.75
7.62,Beginner,92,91,63,31,31,35,53,46,Full Stack Developer,55.25
7.52,Beginner,41,67,47,47,25,24,100,88,Java Developer,54.88
8.87,Intermediate,34,29,38,21,20,50,87,70,Software Engineer,43.62
7.11,Intermediate,29,57,55,24,41,85,81,56,Cloud Engineer,53.5
8.13,Beginner,33,34,46,87,90,46,88,65,Machine Learning Engineer,61.12
6.05,Intermediate,43,85,90,43,11,79,89,78,Cyber Security Engineer,64.75
6.61,Beginner,26,46,66,76,81,33,49,76,Data Scientist,56.62
5.74,Intermediate,80,34,22,37,11,39,72,67,Frontend Developer,45.25
8.1,Beginner,49,32,22,24,13,93,79,59,Cloud Engineer,46.38
6.81,Beginner,90,34,23,13,32,27,60,88,Frontend Developer,45.88
8.41,Intermediate,34,45,31,98,82,45,88,80,Machine Learning Engineer,62.88
5.77,Intermediate,91,91,90,50,32,50,69,61,Full Stack Developer,66.75
7.16,Beginner,57,41,90,41,90,37,51,71,Data Analyst,59.75
7.65,Intermediate,57,45,46,87,15,67,88,72,AI Engineer,59.62
5.65,Beginner,35,62,54,53,43,37,87,73,Python Developer,55.5
6.73,Beginner,42,86,60,72,30,36,99,72,Python Developer,62.12
7.59,Beginner,72,27,33,49,18,47,84,71,Mobile App Developer,50.12
9.91,Intermediate,42,38,52,99,88,27,88,78,Machine Learning Engineer,64.0
7.46,Advanced,51,58,49,96,45,56,78,74,AI Engineer,63.38
7.83,Intermediate,45,29,59,15,31,97,87,90,Cloud Engineer,56.62
9.13,Intermediate,47,29,35,87,93,44,78,56,Machine Learning Engineer,58.62
6.14,Intermediate,26,66,27,41,35,34,90,86,Java Developer,50.62
6.61,Beginner,31,79,45,61,40,47,94,68,Python Developer,58.12
6.41,Intermediate,39,21,87,24,89,49,65,84,Data Analyst,57.25
8.19,Advanced,25,60,20,13,35,45,85,58,Software Engineer,42.62
7.86,Intermediate,43,61,78,23,10,68,90,89,Cyber Security Engineer,57.75
6.01,Beginner,34,69,24,34,37,42,95,66,Java Developer,50.12
7.52,Intermediate,59,77,84,18,13,47,85,53,Backend Developer,54.5
5.62,Advanced,27,78,87,46,19,27,86,78,Backend Developer,56.0
7.95,Beginner,22,29,77,21,75,24,43,76,Data Analyst,45.88
7.59,Advanced,27,83,70,37,39,42,85,68,Backend Developer,56.38
6.14,Intermediate,25,81,81,37,45,25,92,49,Backend Developer,54.38
7.13,Beginner,29,56,63,84,95,25,49,71,Data Scientist,59.0
6.82,Intermediate,47,28,29,16,11,96,66,45,Cloud Engineer,42.25
5.61,Beginner,29,64,74,37,39,67,88,77,Cyber Security Engineer,59.38
7.69,Beginner,71,39,23,34,11,49,90,50,Mobile App Developer,45.88
8.41,Intermediate,24,53,43,20,22,32,100,49,Software Engineer,42.88
8.3,Beginner,23,53,37,86,77,36,80,80,Machine Learning Engineer,59.0
8.33,Intermediate,26,27,33,10,12,20,88,51,Software Engineer,33.38
7.06,Beginner,23,56,55,24,50,98,75,44,Cloud Engineer,53.12
7.76,Beginner,26,26,78,80,90,43,67,70,Data Scientist,60.0
8.43,Intermediate,36,60,76,29,23,86,51,73,DevOps Engineer,54.25
7.44,Beginner,32,65,64,21,50,93,54,45,DevOps Engineer,53.0
8.99,Advanced,31,20,24,31,31,37,100,44,Software Engineer,39.75
8.32,Beginner,38,67,65,35,50,90,45,68,DevOps Engineer,57.25
9.42,Intermediate,36,48,20,27,23,33,99,51,Software Engineer,42.12
7.8,Intermediate,37,34,30,79,42,67,95,56,AI Engineer,55.0
6.14,Intermediate,33,42,29,33,12,90,65,65,Cloud Engineer,46.12
6.05,Intermediate,38,76,40,65,16,47,76,71,Python Developer,53.62
7.88,Intermediate,91,89,73,13,32,26,60,86,Full Stack Developer,58.75
7.84,Beginner,28,82,52,73,38,35,77,87,Python Developer,59.0
6.04,Intermediate,48,96,87,19,12,43,94,72,Backend Developer,58.88
8.39,Intermediate,36,65,71,19,22,90,94,79,Cyber Security Engineer,59.5
6.56,Beginner,47,41,56,12,34,96,67,81,Cloud Engineer,54.25
6.49,Beginner,44,65,64,46,36,98,53,72,DevOps Engineer,59.75
7.28,Intermediate,25,89,83,43,26,45,84,43,Backend Developer,54.75
9.93,Beginner,31,57,45,85,95,47,77,80,Machine Learning Engineer,64.62
9.31,Intermediate,48,55,53,90,93,42,91,79,Machine Learning Engineer,68.88
5.81,Beginner,30,77,79,18,28,79,88,72,Cyber Security Engineer,58.88
8.44,Beginner,21,49,48,19,31,92,63,90,Cloud Engineer,51.62
7.9,Intermediate,56,45,46,34,19,41,82,51,Software Engineer,46.75
8.09,Advanced,28,99,74,34,15,32,79,90,Backend Developer,56.38
7.88,Intermediate,24,30,30,98,87,28,75,72,Machine Learning Engineer,55.5
7.72,Beginner,21,80,40,44,48,41,86,76,Java Developer,54.5
8.42,Intermediate,92,77,70,39,21,42,47,51,Full Stack Developer,54.88
8.06,Intermediate,96,34,31,49,16,39,86,56,Frontend Developer,50.88
8.25,Beginner,57,22,67,67,82,40,47,68,Data Scientist,56.25
6.77,Intermediate,57,38,71,90,84,23,56,59,Data Scientist,59.75
8.24,Advanced,49,31,22,75,25,66,78,50,AI Engineer,49.5
6.68,Beginner,34,76,88,14,10,78,79,40,Cyber Security Engineer,52.38
5.92,Advanced,54,35,51,93,28,72,80,77,AI Engineer,61.25
6.81,Beginner,99,39,36,27,12,35,81,57,Frontend Developer,48.25
6.25,Intermediate,38,29,59,80,43,69,92,69,AI Engineer,59.88
5.78,Intermediate,80,56,24,47,39,43,87,86,Mobile App Developer,57.75
5.67,Beginner,89,53,34,34,41,22,64,42,Frontend Developer,47.38
8.31,Intermediate,79,54,57,22,35,46,71,81,Mobile App Developer,55.62
6.4,Intermediate,52,47,34,76,10,73,81,81,AI Engineer,56.75
6.09,Intermediate,38,37,85,11,86,40,63,81,Data Analyst,55.12
8.3,Beginner,57,65,66,21,35,89,62,65,DevOps Engineer,57.5
6.06,Advanced,51,54,46,80,17,63,93,76,AI Engineer,60.0
7.51,Beginner,88,47,60,36,34,28,88,45,Mobile App Developer,53.25
7.11,Advanced,24,75,85,34,28,31,89,77,Backend Developer,55.38
7.4,Intermediate,55,55,80,43,76,33,55,76,Data Analyst,59.12
7.4,Intermediate,40,59,66,79,95,46,60,89,Data Scientist,66.75
7.61,Intermediate,47,41,46,49,41,36,80,46,Software Engineer,48.25
8.16,Beginner,51,36,78,49,90,42,62,73,Data Analyst,60.12
9.92,Beginner,32,53,46,85,82,24,94,88,Machine Learning Engineer,63.0
7.69,Intermediate,39,57,33,86,93,43,90,87,Machine Learning Engineer,66.0
8.68,Intermediate,42,55,30,98,75,41,83,75,Machine Learning Engineer,62.38
5.81,Beginner,24,70,60,21,26,45,94,78,Java Developer,52.25
5.66,Intermediate,30,84,23,60,13,23,83,49,Python Developer,45.62
7.03,Intermediate,55,51,92,28,73,31,50,72,Data Analyst,56.5
7.0,Intermediate,37,61,68,19,16,63,75,66,Cyber Security Engineer,50.62
8.37,Intermediate,77,87,78,46,31,45,40,79,Full Stack Developer,60.38
5.99,Intermediate,43,78,70,47,45,49,72,71,Backend Developer,59.38
7.87,Intermediate,45,47,79,28,82,48,63,90,Data Analyst,60.25
9.97,Beginner,24,33,52,96,76,22,80,43,Machine Learning Engineer,53.25
7.95,Advanced,43,92,81,35,14,22,73,83,Backend Developer,55.38
7.75,Intermediate,55,63,39,56,11,37,76,75,Python Developer,51.5
5.67,Beginner,40,60,53,24,31,94,65,66,Cloud Engineer,54.12
6.74,Beginner,59,72,80,15,15,73,72,52,Cyber Security Engineer,54.75
7.05,Advanced,45,79,84,29,37,43,70,65,Backend Developer,56.5
6.26,Intermediate,52,68,84,42,47,69,85,46,Cyber Security Engineer,61.62
7.01,Beginner,89,42,36,49,19,40,70,61,Mobile App Developer,50.75
6.08,Advanced,22,97,77,15,28,40,85,45,Backend Developer,51.12
8.02,Intermediate,27,60,27,86,77,47,78,50,Machine Learning Engineer,56.5
8.0,Intermediate,79,31,46,45,11,44,75,61,Frontend Developer,49.0
8.14,Intermediate,34,48,44,93,80,32,88,56,Machine Learning Engineer,59.38
8.38,Beginner,84,54,29,32,30,29,84,66,Mobile App Developer,51.0
6.64,Intermediate,56,79,50,70,37,43,78,76,Python Developer,61.12
7.52,Intermediate,28,38,31,96,49,54,95,72,AI Engineer,57.88
7.23,Intermediate,65,37,28,23,33,23,91,46,Mobile App Developer,43.25
8.37,Beginner,43,77,62,48,46,85,97,54,Cyber Security Engineer,64.0
6.14,Beginner,42,77,44,12,22,30,91,70,Java Developer,48.5
8.72,Intermediate,37,60,59,42,17,25,90,68,Software Engineer,49.75
7.45,Intermediate,57,83,67,32,10,65,76,60,Cyber Security Engineer,56.25
7.41,Intermediate,29,29,88,87,94,49,70,89,Data Scientist,66.88
6.15,Intermediate,30,51,32,38,15,100,79,81,Cloud Engineer,53.25
7.78,Beginner,60,23,92,31,79,40,49,85,Data Analyst,57.38
6.86,Intermediate,28,72,84,40,29,85,95,65,Cyber Security Engineer,62.25
9.76,Advanced,48,53,48,13,38,24,90,60,Software Engineer,46.75
8.43,Intermediate,92,22,34,46,21,35,82,57,Frontend Developer,48.62
7.57,Beginner,24,42,48,90,88,43,88,54,Machine Learning Engineer,59.62
8.08,Intermediate,39,43,82,30,87,42,56,86,Data Analyst,58.12
6.07,Beginner,43,89,50,34,35,81,44,43,DevOps Engineer,52.38
6.51,Intermediate,46,36,37,85,10,68,88,64,AI Engineer,54.25
5.67,Intermediate,86,40,45,36,43,39,73,47,Frontend Developer,51.12
8.44,Intermediate,24,59,51,98,92,37,84,42,Machine Learning Engineer,60.88
6.48,Intermediate,52,29,31,13,44,95,79,65,Cloud Engineer,51.0
6.54,Intermediate,81,41,46,34,12,20,71,69,Mobile App Developer,46.75
8.42,Intermediate,42,90,55,26,40,99,62,60,DevOps Engineer,59.25
6.91,Advanced,55,33,51,87,20,55,70,76,AI Engineer,55.88
8.28,Beginner,48,41,79,20,71,47,45,76,Data Analyst,53.38
8.37,Intermediate,57,81,40,36,50,49,75,56,Java Developer,55.5
7.87,Advanced,21,76,87,41,18,33,71,67,Backend Developer,51.75
6.7,Beginner,26,53,88,66,80,29,45,68,Data Scientist,56.88
5.74,Intermediate,21,81,61,12,21,87,74,40,Cyber Security Engineer,49.62
5.67,Beginner,52,74,51,24,22,30,79,63,Java Developer,49.38
7.13,Beginner,34,28,82,15,73,48,68,83,Data Analyst,53.88
6.98,Intermediate,28,89,73,23,25,86,96,77,Cyber Security Engineer,62.12
7.14,Intermediate,28,68,54,74,27,21,93,57,Python Developer,52.75
7.78,Beginner,21,89,45,45,13,41,88,48,Java Developer,48.75
7.95,Advanced,58,54,53,87,18,80,80,47,AI Engineer,59.62
7.72,Beginner,48,83,74,21,28,85,70,54,Cyber Security Engineer,57.88
8.73,Intermediate,46,40,58,19,18,42,95,54,Software Engineer,46.5
5.59,Beginner,40,38,41,15,37,91,67,65,Cloud Engineer,49.25
8.5,Beginner,33,62,82,26,45,68,94,83,Cyber Security Engineer,61.62
7.63,Beginner,30,30,77,17,67,35,69,80,Data Analyst,50.62
5.56,Intermediate,44,73,41,45,36,24,84,80,Java Developer,53.38
7.42,Beginner,38,37,26,11,31,95,66,48,Cloud Engineer,44.0
7.05,Intermediate,34,51,77,45,87,35,60,92,Data Analyst,60.12
8.21,Intermediate,36,66,46,16,26,34,93,70,Java Developer,48.38
7.62,Intermediate,56,89,77,40,44,30,79,46,Backend Developer,57.62
8.42,Intermediate,45,20,33,93,88,22,86,45,Machine Learning Engineer,54.0
5.59,Beginner,59,73,36,70,21,22,87,74,Python Developer,55.25
6.62,Intermediate,44,87,38,24,48,33,98,42,Java Developer,51.75
9.85,Beginner,34,44,27,99,82,24,76,42,Machine Learning Engineer,53.5
7.95,Intermediate,60,41,86,39,86,40,62,87,Data Analyst,62.62
6.0,Intermediate,87,78,68,50,23,49,56,75,Full Stack Developer,60.75
7.51,Intermediate,82,60,36,42,36,43,82,43,Frontend Developer,53.0
6.24,Intermediate,51,21,41,92,17,66,94,65,AI Engineer,55.88
7.07,Intermediate,85,41,27,27,27,48,76,46,Frontend Developer,47.12
9.75,Advanced,49,44,50,38,43,35,86,62,Software Engineer,50.88
8.27,Intermediate,73,42,40,13,11,42,81,88,Mobile App Developer,48.75
7.27,Beginner,99,35,50,21,39,39,62,78,Frontend Developer,52.88
8.09,Intermediate,31,43,45,89,89,22,82,77,Machine Learning Engineer,59.75
5.86,Advanced,47,95,84,46,14,20,72,70,Backend Developer,56.0
9.36,Advanced,50,29,23,13,33,32,93,71,Software Engineer,43.0
7.16,Beginner,79,21,48,21,27,26,66,54,Frontend Developer,42.75
7.07,Beginner,31,85,79,12,31,81,83,85,Cyber Security Engineer,60.88
7.39,Intermediate,87,60,53,12,41,49,71,65,Mobile App Developer,54.75
6.91,Intermediate,56,78,40,75,27,20,83,41,Python Developer,52.5
5.54,Advanced,34,98,78,12,31,34,89,57,Backend Developer,54.12
6.51,Intermediate,22,99,76,23,20,25,83,64,Backend Developer,51.5
6.6,Beginner,45,75,60,25,20,41,98,63,Java Developer,53.38
6.36,Intermediate,49,81,55,64,32,30,97,64,Python Developer,59.0
6.83,Intermediate,26,62,69,21,44,63,71,84,Cyber Security Engineer,55.0
7.06,Intermediate,24,32,53,32,16,93,70,49,Cloud Engineer,46.12
5.99,Beginner,39,74,51,51,26,33,83,71,Python Developer,53.5
8.7,Intermediate,33,36,38,25,22,23,98,50,Software Engineer,40.62
7.7,Intermediate,20,31,57,14,38,97,63,75,Cloud Engineer,49.38
6.78,Intermediate,59,90,57,46,25,98,46,48,DevOps Engineer,58.62
8.2,Advanced,28,35,47,47,40,32,81,52,Software Engineer,45.25
7.67,Intermediate,29,27,82,86,83,30,45,84,Data Scientist,58.25
8.0,Beginner,63,21,40,14,39,26,95,62,Mobile App Developer,45.0
8.41,Intermediate,35,95,89,43,34,49,72,76,Backend Developer,61.62
5.55,Advanced,34,29,23,89,44,78,73,52,AI Engineer,52.75
7.66,Intermediate,52,74,73,35,47,74,70,79,Cyber Security Engineer,63.0
8.39,Beginner,47,73,51,64,14,30,93,83,Python Developer,56.88
6.03,Intermediate,71,21,55,18,31,46,74,80,Mobile App Developer,49.5
7.41,Beginner,90,85,73,26,25,27,64,85,Full Stack Developer,59.38
5.72,Intermediate,49,76,77,21,28,75,96,83,Cyber Security Engineer,63.12
5.92,Intermediate,34,82,74,23,26,39,85,66,Backend Developer,53.62
6.6,Beginner,96,44,26,41,21,31,84,51,Frontend Developer,49.25
7.31,Intermediate,50,47,49,43,13,87,66,56,Cloud Engineer,51.38
5.86,Intermediate,55,75,78,10,48,94,48,44,DevOps Engineer,56.5
5.72,Intermediate,87,84,80,19,12,43,60,57,Full Stack Developer,55.25
6.8,Intermediate,58,55,72,66,87,44,46,61,Data Scientist,61.12
6.13,Intermediate,83,89,63,32,15,25,66,85,Full Stack Developer,57.25
8.45,Beginner,48,41,77,72,90,42,50,49,Data Scientist,58.62
6.11,Intermediate,35,89,61,12,46,94,55,49,DevOps Engineer,55.12
6.31,Intermediate,77,32,38,14,28,39,60,80,Frontend Developer,46.0
6.14,Beginner,33,62,71,46,31,64,82,52,Cyber Security Engineer,55.12
9.47,Intermediate,26,38,22,98,83,24,90,81,Machine Learning Engineer,57.75
5.57,Intermediate,21,83,52,22,17,81,52,42,DevOps Engineer,46.25
8.22,Intermediate,29,49,32,25,40,30,99,44,Software Engineer,43.5
9.86,Intermediate,58,50,45,100,93,28,89,53,Machine Learning Engineer,64.5
6.07,Intermediate,30,25,30,91,10,80,93,49,AI Engineer,51.0
6.64,Intermediate,60,62,83,38,14,85,96,82,Cyber Security Engineer,65.0
8.17,Intermediate,41,79,26,78,32,46,94,84,Python Developer,60.0
7.09,Intermediate,58,38,69,88,93,48,49,43,Data Scientist,60.75
7.07,Advanced,57,90,86,45,42,41,93,68,Backend Developer,65.25
6.83,Intermediate,55,99,94,11,32,37,95,46,Backend Developer,58.62
5.92,Intermediate,83,52,52,50,14,47,88,73,Frontend Developer,57.38
7.7,Intermediate,95,57,41,18,34,30,62,40,Frontend Developer,47.12
9.85,Beginner,43,50,36,92,88,40,90,84,Machine Learning Engineer,65.38
8.43,Intermediate,82,26,34,37,45,23,77,55,Frontend Developer,47.38
9.52,Beginner,41,48,38,89,90,47,81,76,Machine Learning Engineer,63.75
7.88,Advanced,56,77,73,27,47,47,75,60,Backend Developer,57.75
8.0,Advanced,23,36,30,77,25,63,70,78,AI Engineer,50.25
9.85,Beginner,50,23,33,85,86,42,91,46,Machine Learning Engineer,57.0
7.6,Intermediate,60,65,68,38,36,93,66,48,DevOps Engineer,59.25
6.38,Intermediate,43,68,40,72,20,50,82,48,Python Developer,52.88
6.39,Intermediate,26,70,88,30,36,81,93,61,Cyber Security Engineer,60.62
8.11,Beginner,44,84,52,31,11,88,42,64,DevOps Engineer,52.0
9.41,Advanced,39,51,37,48,47,36,83,71,Software Engineer,51.5
7.07,Beginner,60,39,23,44,27,25,82,59,Mobile App Developer,44.88
6.84,Intermediate,60,83,86,35,17,29,83,56,Backend Developer,56.12
6.01,Beginner,35,31,75,31,90,40,48,76,Data Analyst,53.25
6.23,Intermediate,57,43,72,84,89,28,43,80,Data Scientist,62.0
8.06,Intermediate,39,100,70,34,50,41,90,61,Backend Developer,60.62
7.97,Advanced,37,42,56,76,16,53,73,46,AI Engineer,49.88
6.56,Intermediate,88,46,36,23,31,32,71,62,Frontend Developer,48.62
6.29,Intermediate,39,99,89,17,30,28,75,78,Backend Developer,56.88
8.09,Intermediate,43,82,71,25,23,30,95,51,Backend Developer,52.5
7.04,Intermediate,82,85,70,21,25,33,67,65,Full Stack Developer,56.0
6.65,Intermediate,83,30,49,32,33,48,73,50,Mobile App Developer,49.75
6.68,Intermediate,76,88,72,16,15,45,44,71,Full Stack Developer,53.38
7.44,Intermediate,24,60,89,87,81,48,62,51,Data Scientist,62.75
6.79,Beginner,74,74,77,36,36,44,65,42,Full Stack Developer,56.0
6.26,Beginner,60,69,87,15,37,76,74,51,Cyber Security Engineer,58.62
8.55,Advanced,49,29,35,35,13,45,81,71,Software Engineer,44.75
5.54,Advanced,44,51,27,84,41,70,89,79,AI Engineer,60.62
6.83,Beginner,56,89,39,68,33,32,80,77,Python Developer,59.25
7.42,Advanced,41,76,76,33,37,34,91,50,Backend Developer,54.75
5.73,Beginner,70,40,46,23,37,42,74,66,Mobile App Developer,49.75
5.62,Intermediate,23,50,55,28,33,92,65,56,Cloud Engineer,50.25
6.72,Beginner,46,80,85,31,35,78,82,44,Cyber Security Engineer,60.12
5.86,Beginner,59,60,64,50,35,73,74,90,Cyber Security Engineer,63.12
7.1,Beginner,33,43,24,11,30,91,90,90,Cloud Engineer,51.5
6.88,Beginner,32,24,87,24,68,40,70,95,Data Analyst,55.0
5.94,Intermediate,28,89,71,34,11,36,94,60,Backend Developer,52.88
5.75,Intermediate,46,33,24,30,44,99,69,65,Cloud Engineer,51.25
5.86,Advanced,45,58,46,78,45,76,91,85,AI Engineer,65.5
7.39,Advanced,52,93,94,11,43,32,70,75,Backend Developer,58.75
5.66,Beginner,88,24,22,41,47,46,81,47,Mobile App Developer,49.5
6.0,Intermediate,56,73,32,10,50,36,94,88,Java Developer,54.88
7.25,Intermediate,80,22,56,19,47,22,85,68,Frontend Developer,49.88
7.95,Beginner,37,47,37,86,91,23,88,85,Machine Learning Engineer,61.75
6.61,Beginner,60,27,31,39,29,86,75,61,Cloud Engineer,51.0
8.36,Intermediate,60,84,74,21,43,94,42,66,DevOps Engineer,60.5
8.21,Beginner,95,94,73,50,16,26,47,79,Full Stack Developer,60.0
5.67,Beginner,75,59,42,49,27,28,61,51,Frontend Developer,49.0
6.48,Intermediate,57,50,65,66,98,50,46,88,Data Scientist,65.0
5.61,Intermediate,50,62,73,48,19,79,76,45,Cyber Security Engineer,56.5
7.78,Intermediate,61,40,58,31,44,35,75,59,Mobile App Developer,50.38
6.13,Beginner,23,90,23,37,22,31,86,57,Java Developer,46.12
7.85,Intermediate,58,36,83,30,69,35,65,89,Data Analyst,58.12
8.28,Beginner,25,55,86,16,83,44,69,72,Data Analyst,56.25
7.3,Beginner,52,85,39,25,16,41,87,75,Java Developer,52.5
7.69,Intermediate,24,33,41,31,33,99,82,60,Cloud Engineer,50.38
7.36,Intermediate,75,81,73,10,29,44,58,59,Full Stack Developer,53.62
8.11,Beginner,57,31,92,29,88,49,61,87,Data Analyst,61.75
8.03,Intermediate,32,49,82,12,79,40,58,74,Data Analyst,53.25
6.61,Advanced,27,30,47,95,35,54,83,74,AI Engineer,55.62
7.31,Intermediate,59,32,84,43,70,35,54,80,Data Analyst,57.12
6.61,Intermediate,40,87,35,41,21,35,84,81,Java Developer,53.0
8.35,Beginner,25,46,76,88,88,47,68,45,Data Scientist,60.38
8.34,Beginner,77,60,51,12,31,42,79,81,Frontend Developer,54.12
7.02,Beginner,66,58,42,27,47,43,72,58,Mobile App Developer,51.62
6.27,Intermediate,51,31,82,27,73,44,59,80,Data Analyst,55.88
7.07,Intermediate,35,66,49,23,47,28,87,51,Java Developer,48.25
7.33,Beginner,38,81,89,20,21,81,70,65,Cyber Security Engineer,58.12
7.27,Beginner,34,20,72,75,88,48,50,85,Data Scientist,59.0
7.73,Beginner,58,36,32,39,36,100,64,43,Cloud Engineer,51.0
8.12,Intermediate,32,22,78,85,82,36,57,85,Data Scientist,59.62
7.4,Intermediate,38,42,28,77,16,61,90,48,AI Engineer,50.0
7.58,Beginner,23,61,65,45,18,96,44,52,DevOps Engineer,50.5
6.02,Intermediate,40,71,23,58,30,43,78,45,Python Developer,48.5
6.61,Beginner,86,95,85,43,16,34,49,56,Full Stack Developer,58.0
7.22,Beginner,24,79,68,11,35,69,81,70,Cyber Security Engineer,54.62
6.32,Intermediate,73,75,66,37,50,48,53,60,Full Stack Developer,57.75
7.52,Beginner,42,68,62,30,32,86,46,49,DevOps Engineer,51.88
7.47,Beginner,48,67,63,19,43,81,69,40,DevOps Engineer,53.75
8.5,Intermediate,59,46,23,75,30,65,90,48,AI Engineer,54.5
7.79,Advanced,50,48,37,26,35,47,87,46,Software Engineer,47.0
8.39,Intermediate,52,44,84,47,67,35,63,80,Data Analyst,59.0
6.0,Beginner,30,40,70,81,95,45,56,75,Data Scientist,61.5
6.64,Intermediate,85,52,36,29,27,23,73,53,Frontend Developer,47.25
8.24,Intermediate,56,82,54,80,14,32,76,51,Python Developer,55.62
7.08,Advanced,34,99,84,49,37,35,94,54,Backend Developer,60.75
7.45,Beginner,60,31,44,31,22,93,89,86,Cloud Engineer,57.0
6.79,Intermediate,37,62,70,46,33,86,90,79,Cyber Security Engineer,62.88
7.32,Beginner,39,37,88,81,97,34,59,55,Data Scientist,61.25
7.61,Beginner,42,24,45,98,87,47,79,47,Machine Learning Engineer,58.62
7.46,Intermediate,21,66,44,74,11,22,88,64,Python Developer,48.75
6.6,Beginner,46,29,58,41,18,91,72,64,Cloud Engineer,52.38
5.79,Beginner,47,38,67,72,98,20,57,87,Data Scientist,60.75
6.08,Intermediate,89,39,52,12,39,49,77,84,Mobile App Developer,55.12
7.52,Intermediate,70,71,64,26,34,37,60,70,Full Stack Developer,54.0
8.44,Intermediate,60,84,72,28,26,81,60,88,DevOps Engineer,62.38
7.58,Intermediate,46,80,21,80,14,34,96,58,Python Developer,53.62
9.78,Beginner,60,27,44,88,90,48,90,46,Machine Learning Engineer,61.62
8.02,Beginner,59,43,36,86,90,36,79,49,Machine Learning Engineer,59.75
7.31,Beginner,33,65,70,26,38,89,49,48,DevOps Engineer,52.25
7.33,Intermediate,31,57,97,38,85,45,43,88,Data Analyst,60.5
6.15,Intermediate,48,93,83,11,26,47,72,50,Backend Developer,53.75
6.61,Beginner,59,63,21,63,23,42,82,62,Python Developer,51.88
8.12,Intermediate,26,64,85,20,47,82,98,62,Cyber Security Engineer,60.5
8.4,Intermediate,42,53,50,25,18,33,94,72,Software Engineer,48.38
6.69,Beginner,86,39,23,12,16,47,95,51,Mobile App Developer,46.12
5.53,Intermediate,28,42,57,15,31,87,88,90,Cloud Engineer,54.75
5.68,Intermediate,44,25,84,39,76,47,65,93,Data Analyst,59.12
8.35,Intermediate,60,72,27,30,23,27,86,81,Java Developer,50.75
8.0,Intermediate,28,62,53,55,28,26,88,50,Python Developer,48.75
6.85,Beginner,48,65,52,50,21,82,47,66,DevOps Engineer,53.88
6.57,Advanced,60,60,31,77,31,72,85,82,AI Engineer,62.25
6.67,Beginner,46,35,73,74,86,29,57,42,Data Scientist,55.25
6.14,Intermediate,81,40,47,35,17,20,87,75,Mobile App Developer,50.25
8.14,Beginner,57,62,51,52,32,29,91,67,Python Developer,55.12
5.87,Beginner,51,67,54,39,40,86,69,44,DevOps Engineer,56.25
7.74,Intermediate,74,89,64,40,42,50,57,70,Full Stack Developer,60.75
7.52,Beginner,79,21,30,25,16,26,60,62,Frontend Developer,39.88
7.84,Beginner,40,25,60,98,88,37,85,55,Machine Learning Engineer,61.0
7.85,Intermediate,60,75,57,15,33,26,87,52,Java Developer,50.62
8.05,Beginner,54,59,89,66,92,31,63,76,Data Scientist,66.25
6.72,Intermediate,84,20,20,23,42,41,78,60,Frontend Developer,46.0
5.65,Beginner,99,60,28,36,18,49,63,69,Frontend Developer,52.75
7.17,Beginner,52,73,61,21,39,97,57,68,DevOps Engineer,58.5
5.69,Intermediate,81,78,77,44,24,20,63,45,Full Stack Developer,54.0
5.83,Beginner,27,47,76,11,76,40,66,79,Data Analyst,52.75
7.56,Intermediate,81,91,90,11,14,46,45,41,Full Stack Developer,52.38
8.16,Advanced,29,36,41,86,49,53,75,47,AI Engineer,52.0
8.31,Intermediate,36,55,42,94,84,20,78,81,Machine Learning Engineer,61.25
5.83,Intermediate,25,59,97,26,65,44,69,83,Data Analyst,58.5
8.74,Intermediate,59,39,46,26,30,50,99,90,Software Engineer,54.88
7.66,Intermediate,48,74,27,50,15,29,80,47,Python Developer,46.25
7.74,Advanced,37,29,58,99,30,66,87,65,AI Engineer,58.88
7.44,Beginner,24,66,67,15,35,97,41,48,DevOps Engineer,49.12
7.45,Intermediate,59,29,56,92,15,65,94,40,AI Engineer,56.25
7.58,Beginner,25,57,100,44,82,31,70,83,Data Analyst,61.5
6.24,Intermediate,84,26,34,18,20,27,82,59,Frontend Developer,43.75
7.54,Intermediate,23,83,61,50,27,80,47,47,DevOps Engineer,52.25
5.95,Intermediate,33,73,36,69,47,44,87,43,Python Developer,54.0
7.77,Advanced,43,48,52,28,30,40,94,64,Software Engineer,49.88
6.22,Intermediate,72,89,60,39,48,23,43,57,Full Stack Developer,53.88
7.65,Intermediate,41,76,77,45,41,46,77,68,Backend Developer,58.88
5.55,Beginner,39,47,69,77,94,38,63,52,Data Scientist,59.88
9.55,Beginner,55,29,38,100,87,22,90,69,Machine Learning Engineer,61.25
8.26,Beginner,57,30,98,19,73,23,57,89,Data Analyst,55.75
5.74,Beginner,100,32,54,36,14,21,79,76,Frontend Developer,51.5
8.8,Intermediate,40,41,46,85,79,39,87,85,Machine Learning Engineer,62.75
5.75,Intermediate,69,26,39,46,32,27,86,53,Mobile App Developer,47.25
7.4,Beginner,58,66,58,60,13,30,97,58,Python Developer,55.0
6.36,Beginner,39,20,25,50,15,98,76,71,Cloud Engineer,49.25
7.97,Intermediate,32,39,35,14,42,50,80,76,Software Engineer,46.0
5.79,Advanced,56,93,72,14,13,38,92,64,Backend Developer,55.25
6.8,Intermediate,76,28,24,15,22,35,84,81,Frontend Developer,45.62
6.72,Intermediate,51,71,51,79,40,44,95,67,Python Developer,62.25
7.21,Intermediate,28,68,87,13,18,68,76,81,Cyber Security Engineer,54.88
6.8,Beginner,45,43,64,66,100,31,67,46,Data Scientist,57.75
8.35,Beginner,29,77,88,33,25,69,74,48,Cyber Security Engineer,55.38
7.73,Intermediate,40,70,43,72,27,45,93,59,Python Developer,56.12
7.23,Beginner,77,24,47,18,32,34,95,45,Mobile App Developer,46.5
7.3,Advanced,59,56,40,94,50,64,91,57,AI Engineer,63.88
7.92,Beginner,28,30,39,97,95,24,91,55,Machine Learning Engineer,57.38
6.74,Intermediate,42,51,78,35,90,44,49,74,Data Analyst,57.88
7.87,Beginner,51,33,89,66,80,45,54,64,Data Scientist,60.25
5.64,Intermediate,73,86,77,22,11,38,63,68,Full Stack Developer,54.75
5.76,Intermediate,24,85,72,14,17,89,61,70,DevOps Engineer,54.0
6.01,Beginner,54,65,80,16,46,91,62,59,DevOps Engineer,59.12
7.83,Beginner,43,83,25,61,11,45,92,73,Python Developer,54.12
6.35,Beginner,95,58,27,15,42,38,85,79,Frontend Developer,54.88
7.09,Beginner,53,52,76,16,76,26,66,85,Data Analyst,56.25
6.92,Beginner,45,65,67,47,44,87,42,65,DevOps Engineer,57.75
7.26,Beginner,31,36,72,72,98,49,68,77,Data Scientist,62.88
6.73,Intermediate,22,54,87,86,100,25,57,77,Data Scientist,63.5
8.26,Intermediate,45,34,21,87,88,28,82,51,Machine Learning Engineer,54.5
7.75,Beginner,59,48,60,68,94,32,62,53,Data Scientist,59.5
7.87,Intermediate,39,33,87,79,95,47,55,57,Data Scientist,61.5
6.22,Advanced,32,82,87,25,18,50,92,58,Backend Developer,55.5
7.32,Beginner,54,59,65,75,98,48,55,40,Data Scientist,61.75
5.87,Beginner,66,27,43,49,20,37,82,58,Mobile App Developer,47.75
8.16,Intermediate,32,75,43,57,34,47,91,54,Python Developer,54.12
8.26,Intermediate,41,27,89,38,68,23,47,81,Data Analyst,51.75
9.99,Intermediate,37,24,30,86,92,49,89,90,Machine Learning Engineer,62.12
8.64,Beginner,59,24,60,94,83,45,87,40,Machine Learning Engineer,61.5
8.19,Beginner,28,43,49,85,75,42,79,59,Machine Learning Engineer,57.5
7.79,Beginner,57,56,36,20,41,90,79,80,Cloud Engineer,57.38
8.41,Beginner,89,90,71,13,41,36,41,67,Full Stack Developer,56.0
8.48,Advanced,21,59,26,17,11,36,93,71,Software Engineer,41.75
6.12,Beginner,40,80,59,50,42,41,87,56,Python Developer,56.88
7.59,Intermediate,52,81,82,35,21,78,71,86,Cyber Security Engineer,63.25
5.72,Beginner,29,29,20,32,11,88,85,41,Cloud Engineer,41.88
8.38,Beginner,36,74,24,13,38,45,80,46,Java Developer,44.5
5.93,Beginner,53,45,55,11,23,89,60,44,Cloud Engineer,47.5
7.22,Beginner,25,73,38,42,13,36,97,90,Java Developer,51.75
7.49,Intermediate,72,91,63,46,35,39,66,79,Full Stack Developer,61.38
6.44,Intermediate,75,86,82,22,23,38,59,71,Full Stack Developer,57.0
8.76,Advanced,35,24,36,25,26,43,92,50,Software Engineer,41.38
9.42,Intermediate,42,21,26,44,35,28,95,49,Software Engineer,42.5
7.86,Intermediate,74,86,74,33,23,34,54,78,Full Stack Developer,57.0
7.63,Intermediate,56,47,50,31,20,31,86,63,Software Engineer,48.0
6.13,Beginner,49,79,58,19,28,82,47,54,DevOps Engineer,52.0
7.98,Intermediate,87,42,34,48,21,48,75,47,Mobile App Developer,50.25
6.68,Intermediate,50,81,81,25,23,32,72,78,Backend Developer,55.25
7.5,Beginner,37,36,76,33,75,49,67,71,Data Analyst,55.5
6.96,Intermediate,52,90,31,51,39,24,78,74,Python Developer,54.88
7.77,Intermediate,38,60,33,49,12,86,66,46,Cloud Engineer,48.75
6.18,Beginner,91,39,55,17,25,29,60,45,Frontend Developer,45.12
8.38,Beginner,27,82,48,73,43,43,93,41,Python Developer,56.25
5.88,Beginner,37,65,70,18,26,99,64,75,DevOps Engineer,56.75
8.23,Intermediate,26,89,34,38,21,20,99,68,Java Developer,49.38
6.4,Intermediate,47,46,79,82,95,33,55,58,Data Scientist,61.88
6.89,Intermediate,59,37,87,30,90,20,66,83,Data Analyst,59.0
7.74,Intermediate,55,20,36,88,79,40,79,69,Machine Learning Engineer,58.25
6.11,Beginner,27,80,73,24,28,82,91,53,Cyber Security Engineer,57.25
8.24,Advanced,45,24,35,94,33,70,77,82,AI Engineer,57.5
5.8,Beginner,90,38,26,25,42,33,82,68,Mobile App Developer,50.5
6.26,Advanced,44,53,34,81,16,66,93,42,AI Engineer,53.62
8.13,Beginner,23,83,48,37,48,45,98,86,Java Developer,58.5
6.86,Beginner,81,59,59,44,34,36,69,44,Frontend Developer,53.25
6.91,Intermediate,48,64,65,34,12,98,41,67,DevOps Engineer,53.62
6.71,Intermediate,76,52,42,33,32,34,64,82,Frontend Developer,51.88
7.89,Intermediate,26,20,48,17,38,98,69,52,Cloud Engineer,46.0
7.2,Intermediate,83,72,67,35,43,34,64,85,Full Stack Developer,60.38
7.15,Intermediate,46,63,60,48,30,84,48,61,DevOps Engineer,55.0
6.39,Advanced,55,38,43,100,18,50,77,83,AI Engineer,58.0
6.97,Beginner,42,54,68,82,93,29,47,43,Data Scientist,57.25
5.91,Intermediate,39,55,95,46,69,36,59,90,Data Analyst,61.12
8.14,Intermediate,35,85,79,20,26,68,84,80,Cyber Security Engineer,59.62
7.16,Beginner,93,53,30,41,29,37,64,74,Frontend Developer,52.62
6.23,Intermediate,23,40,51,79,27,57,82,77,AI Engineer,54.5
7.97,Beginner,37,33,48,89,84,23,79,49,Machine Learning Engineer,55.25
7.63,Intermediate,52,24,45,16,43,88,70,88,Cloud Engineer,53.25
6.9,Intermediate,38,81,35,55,50,28,97,71,Python Developer,56.88
9.5,Advanced,26,41,50,29,19,41,83,43,Software Engineer,41.5
7.71,Intermediate,72,89,88,35,30,50,47,81,Full Stack Developer,61.5
8.12,Beginner,54,24,41,100,86,39,80,58,Machine Learning Engineer,60.25
7.66,Beginner,48,73,26,50,22,37,82,69,Python Developer,50.88
8.15,Beginner,22,20,46,11,14,94,82,54,Cloud Engineer,42.88
5.74,Intermediate,24,82,56,45,40,24,77,60,Java Developer,51.0
6.61,Intermediate,25,32,76,14,80,39,69,81,Data Analyst,52.0
5.62,Advanced,36,80,95,47,16,28,70,58,Backend Developer,53.75
5.77,Intermediate,80,20,55,16,30,20,88,44,Frontend Developer,44.12
8.33,Intermediate,38,37,76,12,65,41,56,95,Data Analyst,52.5
8.38,Intermediate,55,32,30,82,22,64,72,71,AI Engineer,53.5
5.93,Intermediate,53,34,41,45,38,98,78,64,Cloud Engineer,56.38
5.9,Advanced,29,88,78,28,36,30,71,61,Backend Developer,52.62
8.13,Intermediate,55,65,70,31,17,88,56,67,DevOps Engineer,56.12
6.29,Intermediate,82,38,47,33,26,30,78,73,Mobile App Developer,50.88
7.89,Beginner,83,31,53,48,28,24,84,63,Mobile App Developer,51.75
5.91,Beginner,97,57,40,20,19,46,69,74,Frontend Developer,52.75
6.03,Beginner,94,92,78,29,25,36,62,83,Full Stack Developer,62.38
6.35,Intermediate,55,88,83,43,44,67,99,54,Cyber Security Engineer,66.62
7.95,Beginner,59,41,75,31,83,44,67,93,Data Analyst,61.62
8.27,Beginner,23,51,75,87,86,46,58,46,Data Scientist,59.0
7.04,Beginner,24,43,40,24,12,92,60,58,Cloud Engineer,44.12
5.7,Intermediate,45,55,50,45,45,95,88,60,Cloud Engineer,60.38
8.36,Intermediate,60,90,90,45,30,38,95,82,Backend Developer,66.25
7.02,Intermediate,25,72,73,44,28,96,50,81,DevOps Engineer,58.62
7.88,Beginner,87,82,84,47,45,36,59,73,Full Stack Developer,64.12
7.13,Beginner,31,48,96,36,66,24,68,70,Data Analyst,54.88
5.92,Beginner,53,56,87,10,78,45,54,85,Data Analyst,58.5
8.72,Intermediate,50,41,29,86,76,38,82,83,Machine Learning Engineer,60.62
8.07,Beginner,23,38,83,42,65,40,67,83,Data Analyst,55.12
6.1,Intermediate,46,48,29,83,13,79,76,41,AI Engineer,51.88
6.59,Intermediate,38,68,42,30,47,30,79,52,Java Developer,48.25
5.66,Advanced,33,51,50,80,19,76,78,51,AI Engineer,54.75
6.99,Intermediate,29,67,68,15,22,71,84,41,Cyber Security Engineer,49.62
6.93,Beginner,36,25,95,37,80,47,43,95,Data Analyst,57.25
7.69,Intermediate,26,53,21,95,47,64,82,55,AI Engineer,55.38
8.3,Beginner,37,88,76,18,36,92,70,60,DevOps Engineer,59.62
7.08,Intermediate,37,96,76,38,41,47,91,61,Backend Developer,60.88
8.41,Intermediate,44,24,47,14,27,89,84,45,Cloud Engineer,46.75
6.73,Beginner,60,64,62,40,31,74,100,59,Cyber Security Engineer,61.25
7.59,Intermediate,25,89,83,49,32,41,78,79,Backend Developer,59.5
7.77,Intermediate,52,78,78,43,21,78,76,89,Cyber Security Engineer,64.38
7.1,Beginner,34,70,53,57,39,30,89,64,Python Developer,54.5
6.41,Beginner,38,75,62,33,27,65,75,78,Cyber Security Engineer,56.62
8.35,Intermediate,48,23,78,12,85,38,54,87,Data Analyst,53.12
5.85,Intermediate,27,73,75,10,28,83,57,76,DevOps Engineer,53.62
7.58,Beginner,79,91,83,30,16,24,59,51,Full Stack Developer,54.12
9.28,Intermediate,39,28,49,31,31,37,91,86,Software Engineer,49.0
8.2,Beginner,56,90,64,19,41,99,43,44,DevOps Engineer,57.0
7.03,Intermediate,32,47,48,85,16,62,84,60,AI Engineer,54.25
7.73,Intermediate,34,54,25,90,91,47,95,62,Machine Learning Engineer,62.25
6.23,Beginner,54,34,85,85,90,49,49,59,Data Scientist,63.12
8.38,Beginner,23,78,67,48,24,93,47,61,DevOps Engineer,55.12
7.18,Beginner,40,76,26,20,10,33,83,40,Java Developer,41.0
5.96,Beginner,53,70,62,18,47,62,79,47,Cyber Security Engineer,54.75
8.45,Beginner,47,33,60,91,89,22,81,63,Machine Learning Engineer,60.75
6.2,Intermediate,87,70,76,18,46,28,65,87,Full Stack Developer,59.62
8.45,Intermediate,33,60,40,16,48,87,82,50,Cloud Engineer,52.0
7.72,Beginner,48,74,46,75,35,44,94,70,Python Developer,60.75
5.67,Intermediate,36,27,45,19,19,89,81,45,Cloud Engineer,45.12
8.45,Beginner,58,87,35,18,34,22,78,76,Java Developer,51.0
7.42,Intermediate,71,92,60,50,25,48,70,76,Full Stack Developer,61.5
7.7,Intermediate,88,92,67,14,22,21,42,71,Full Stack Developer,52.12
5.92,Beginner,46,89,45,80,34,21,80,75,Python Developer,58.75
6.86,Intermediate,58,60,30,85,37,63,94,88,AI Engineer,64.38
7.37,Intermediate,54,46,56,18,26,93,75,82,Cloud Engineer,56.25
7.19,Beginner,34,71,71,38,12,67,88,75,Cyber Security Engineer,57.0
6.03,Beginner,29,81,72,40,48,83,81,71,Cyber Security Engineer,63.12
8.32,Beginner,50,27,70,84,90,43,40,66,Data Scientist,58.75
6.16,Beginner,33,59,88,81,97,48,63,69,Data Scientist,67.25
7.63,Beginner,41,36,56,37,20,86,85,86,Cloud Engineer,55.88
8.35,Intermediate,44,92,76,26,42,26,76,71,Backend Developer,56.62
5.61,Beginner,48,75,90,35,47,71,91,62,Cyber Security Engineer,64.88
7.61,Intermediate,26,54,45,48,14,34,96,78,Software Engineer,49.38
6.58,Beginner,50,38,95,23,87,45,55,72,Data Analyst,58.12
7.79,Intermediate,23,59,43,31,21,45,87,56,Software Engineer,45.62
7.91,Intermediate,57,36,37,99,87,24,94,44,Machine Learning Engineer,59.75
7.68,Beginner,47,71,88,22,27,90,80,51,Cyber Security Engineer,59.5
7.52,Intermediate,58,76,59,40,45,88,52,60,DevOps Engineer,59.75
5.64,Beginner,81,27,40,16,36,48,86,64,Mobile App Developer,49.75
6.81,Beginner,20,25,59,48,21,95,82,43,Cloud Engineer,49.12
5.91,Beginner,22,45,87,50,70,46,40,70,Data Analyst,53.75
8.04,Beginner,24,26,40,97,93,43,90,40,Machine Learning Engineer,56.62
8.36,Intermediate,44,45,89,77,91,22,50,88,Data Scientist,63.25
7.98,Intermediate,33,35,26,46,38,25,82,72,Software Engineer,44.62
9.2,Intermediate,29,36,50,95,93,20,91,42,Machine Learning Engineer,57.0
7.14,Intermediate,35,78,41,22,36,36,99,70,Java Developer,52.12
8.42,Beginner,88,27,36,13,19,37,77,41,Frontend Developer,42.25
7.05,Beginner,87,91,88,29,39,38,59,86,Full Stack Developer,64.62
7.32,Intermediate,86,29,46,50,34,22,72,52,Mobile App Developer,48.88
5.89,Beginner,30,62,52,13,11,92,68,61,DevOps Engineer,48.62
7.1,Intermediate,29,72,66,29,23,87,58,56,DevOps Engineer,52.5
8.02,Beginner,39,81,38,37,37,34,92,54,Java Developer,51.5
9.7,Beginner,50,23,26,97,95,44,94,47,Machine Learning Engineer,59.5
7.81,Beginner,23,76,39,46,18,49,97,83,Java Developer,53.88
9.67,Advanced,22,46,26,16,35,21,95,56,Software Engineer,39.62
6.8,Advanced,23,36,52,87,10,56,85,72,AI Engineer,52.62
8.43,Intermediate,74,71,64,29,35,32,61,74,Full Stack Developer,55.0
7.61,Beginner,94,85,63,37,19,31,48,82,Full Stack Developer,57.38
6.58,Beginner,30,29,35,40,48,91,66,72,Cloud Engineer,51.38
7.61,Beginner,82,93,73,33,29,32,48,41,Full Stack Developer,53.88
8.46,Intermediate,50,43,58,13,24,91,63,83,Cloud Engineer,53.12
7.61,Intermediate,42,72,63,25,36,60,90,55,Cyber Security Engineer,55.38
7.68,Beginner,48,68,40,66,16,45,83,88,Python Developer,56.75
7.21,Advanced,23,100,75,19,22,48,84,85,Backend Developer,57.0
7.72,Advanced,60,38,30,91,18,76,79,65,AI Engineer,57.12
9.65,Advanced,51,49,43,17,14,42,81,70,Software Engineer,45.88
8.04,Beginner,35,75,64,26,29,94,55,61,DevOps Engineer,54.88
7.14,Beginner,70,89,64,31,38,33,56,82,Full Stack Developer,57.88
8.48,Beginner,49,37,34,92,93,26,79,66,Machine Learning Engineer,59.5
7.46,Intermediate,44,33,81,20,72,21,43,70,Data Analyst,48.0
5.66,Beginner,45,78,84,37,19,63,85,50,Cyber Security Engineer,57.62
8.16,Intermediate,64,20,48,33,49,34,74,69,Mobile App Developer,48.88
5.62,Beginner,34,29,86,43,82,30,67,89,Data Analyst,57.5
8.43,Intermediate,24,58,31,24,45,35,97,43,Software Engineer,44.62
8.17,Intermediate,23,74,73,48,16,93,55,89,DevOps Engineer,58.88
7.09,Intermediate,43,44,96,48,86,24,67,93,Data Analyst,62.62
7.87,Advanced,32,22,33,87,42,79,72,56,AI Engineer,52.88
8.88,Advanced,49,44,48,35,32,46,87,72,Software Engineer,51.62
8.12,Intermediate,20,45,39,30,50,86,88,71,Cloud Engineer,53.62
8.9,Advanced,28,26,27,46,45,22,98,42,Software Engineer,41.75
8.36,Intermediate,45,46,28,100,83,26,78,61,Machine Learning Engineer,58.38
8.02,Intermediate,36,25,28,47,37,99,67,78,Cloud Engineer,52.12
5.82,Beginner,48,27,29,21,27,93,89,76,Cloud Engineer,51.25
9.13,Beginner,36,35,41,86,83,30,88,75,Machine Learning Engineer,59.25
6.01,Beginner,42,23,75,85,87,50,63,61,Data Scientist,60.75
9.11,Beginner,28,24,24,87,88,50,81,50,Machine Learning Engineer,54.0
6.3,Advanced,48,77,73,29,49,50,91,54,Backend Developer,58.88
6.44,Beginner,37,85,52,29,41,96,44,52,DevOps Engineer,54.5
6.57,Intermediate,51,39,81,46,85,32,44,79,Data Analyst,57.12
7.84,Beginner,75,51,27,50,28,35,77,54,Frontend Developer,49.62
7.83,Intermediate,54,87,72,36,27,98,48,43,DevOps Engineer,58.12
8.59,Advanced,37,46,52,26,15,34,84,51,Software Engineer,43.12
6.88,Intermediate,54,64,74,33,26,78,99,66,Cyber Security Engineer,61.75
9.72,Advanced,38,57,24,24,27,45,82,50,Software Engineer,43.38
7.54,Intermediate,38,43,20,86,31,63,76,79,AI Engineer,54.5
8.11,Intermediate,28,21,86,11,90,34,62,71,Data Analyst,50.38
5.98,Intermediate,44,82,80,27,44,27,82,72,Backend Developer,57.25
6.42,Beginner,34,56,77,43,80,26,62,90,Data Analyst,58.5
6.1,Beginner,39,64,77,43,31,99,54,88,DevOps Engineer,61.88
5.75,Beginner,37,86,80,50,18,75,71,83,Cyber Security Engineer,62.5
6.18,Intermediate,79,38,49,18,22,48,77,62,Frontend Developer,49.12
8.04,Beginner,31,90,59,68,23,45,90,63,Python Developer,58.62
8.37,Advanced,52,44,20,80,29,71,89,77,AI Engineer,57.75
8.16,Beginner,21,63,60,50,38,82,47,89,DevOps Engineer,56.25
9.02,Intermediate,34,53,25,36,48,38,85,45,Software Engineer,45.5
6.5,Beginner,81,43,43,19,30,25,80,84,Mobile App Developer,50.62
5.65,Intermediate,24,59,23,26,41,98,70,58,Cloud Engineer,49.88
8.38,Intermediate,29,59,81,77,93,25,40,55,Data Scientist,57.38
5.79,Beginner,84,34,20,35,24,42,76,56,Frontend Developer,46.38
7.42,Intermediate,89,56,20,38,23,30,72,88,Mobile App Developer,52.0
8.19,Beginner,24,79,50,40,36,89,62,64,DevOps Engineer,55.5
8.0,Intermediate,23,51,38,91,78,40,93,84,Machine Learning Engineer,62.25
7.29,Beginner,38,88,71,15,33,95,52,90,DevOps Engineer,60.25
6.54,Intermediate,82,74,76,38,23,28,64,73,Full Stack Developer,57.25
6.68,Intermediate,40,30,23,45,16,87,70,40,Cloud Engineer,43.88
7.75,Intermediate,48,84,61,31,42,78,74,75,Cyber Security Engineer,61.62
7.5,Beginner,71,75,71,25,14,31,54,47,Full Stack Developer,48.5
5.65,Beginner,20,75,62,39,44,83,60,82,DevOps Engineer,58.12
7.35,Advanced,27,98,87,16,37,23,86,81,Backend Developer,56.88
5.52,Beginner,58,85,63,24,49,70,70,55,Cyber Security Engineer,59.25
9.67,Intermediate,20,22,30,86,76,50,91,77,Machine Learning Engineer,56.5
7.51,Beginner,84,60,59,30,43,40,76,60,Mobile App Developer,56.5
9.13,Beginner,55,20,24,90,76,21,93,90,Machine Learning Engineer,58.62
7.79,Intermediate,25,71,20,43,35,37,77,76,Java Developer,48.0
8.04,Advanced,33,52,28,78,46,80,86,45,AI Engineer,56.0
7.25,Intermediate,20,90,29,26,30,24,96,72,Java Developer,48.38
7.55,Intermediate,86,43,24,48,35,31,81,67,Frontend Developer,51.88
7.11,Intermediate,49,59,90,35,90,39,40,92,Data Analyst,61.75
6.02,Beginner,24,72,44,53,49,32,95,79,Python Developer,56.0
7.85,Beginner,37,50,43,100,81,39,86,55,Machine Learning Engineer,61.38
7.05,Intermediate,42,71,66,30,11,64,80,78,Cyber Security Engineer,55.25
5.83,Intermediate,46,74,75,29,15,78,77,57,Cyber Security Engineer,56.38
6.93,Intermediate,78,60,43,29,45,24,87,55,Frontend Developer,52.62
8.0,Beginner,33,87,52,78,36,38,85,55,Python Developer,58.0
5.86,Beginner,30,71,65,37,26,100,64,81,DevOps Engineer,59.25
6.45,Intermediate,48,40,37,43,18,99,79,63,Cloud Engineer,53.38
7.78,Intermediate,23,48,35,92,49,65,86,57,AI Engineer,56.88
7.12,Intermediate,42,42,43,12,41,86,66,68,Cloud Engineer,50.0
6.99,Intermediate,71,89,81,47,39,20,69,90,Full Stack Developer,63.25
8.29,Intermediate,37,48,39,20,29,39,96,67,Software Engineer,46.88
6.91,Intermediate,77,22,50,41,37,27,75,86,Frontend Developer,51.88
7.33,Beginner,36,70,23,52,50,35,99,43,Python Developer,51.0
6.46,Beginner,33,25,54,33,49,85,78,79,Cloud Engineer,54.5
9.45,Intermediate,33,35,60,99,88,27,85,57,Machine Learning Engineer,60.5
8.42,Beginner,64,43,59,24,29,36,83,46,Mobile App Developer,48.0
6.29,Intermediate,49,87,67,26,15,95,52,62,DevOps Engineer,56.62
6.4,Intermediate,51,35,41,75,44,76,84,61,AI Engineer,58.38
5.95,Beginner,54,67,66,35,46,85,75,65,Cyber Security Engineer,61.62
6.0,Beginner,31,55,77,72,93,47,64,71,Data Scientist,63.75
8.28,Advanced,43,57,40,79,30,62,74,76,AI Engineer,57.62
6.48,Beginner,79,38,41,43,46,44,80,69,Mobile App Developer,55.0
7.54,Beginner,23,77,66,11,47,96,67,72,DevOps Engineer,57.38
7.46,Beginner,93,71,81,47,49,50,52,48,Full Stack Developer,61.38
5.66,Intermediate,31,36,90,82,84,49,67,70,Data Scientist,63.62
9.26,Intermediate,55,30,58,91,81,24,94,77,Machine Learning Engineer,63.75
7.6,Beginner,59,43,30,98,81,46,90,67,Machine Learning Engineer,64.25
8.41,Intermediate,58,99,80,17,28,30,79,81,Backend Developer,59.0
7.23,Beginner,90,34,55,35,15,34,82,57,Frontend Developer,50.25
6.12,Intermediate,31,83,74,33,26,71,89,58,Cyber Security Engineer,58.12
6.71,Intermediate,28,26,64,75,84,40,65,69,Data Scientist,56.38
6.23,Intermediate,87,35,36,25,37,40,95,61,Mobile App Developer,52.0
6.04,Intermediate,50,37,46,93,26,68,91,72,AI Engineer,60.38
5.94,Intermediate,83,57,20,40,41,48,71,47,Frontend Developer,50.88
9.04,Advanced,47,39,39,14,39,49,91,46,Software Engineer,45.5
8.47,Beginner,72,48,44,16,24,48,75,72,Mobile App Developer,49.88
6.73,Beginner,43,49,95,21,84,29,41,74,Data Analyst,54.5
6.67,Intermediate,47,80,66,45,13,85,47,42,DevOps Engineer,53.12
7.73,Intermediate,55,75,71,21,30,32,70,87,Backend Developer,55.12
5.68,Intermediate,69,20,34,15,26,31,73,50,Mobile App Developer,39.75
6.06,Advanced,43,25,40,80,22,77,91,63,AI Engineer,55.12
7.95,Intermediate,56,86,76,38,39,48,93,51,Backend Developer,60.88
7.7,Beginner,36,78,71,36,11,97,60,72,DevOps Engineer,57.62
7.39,Intermediate,20,89,57,46,46,88,66,58,DevOps Engineer,58.75
6.96,Intermediate,29,40,49,46,28,91,84,46,Cloud Engineer,51.62
6.9,Beginner,92,78,64,14,31,46,65,69,Full Stack Developer,57.38
6.0,Intermediate,27,49,73,71,84,43,67,85,Data Scientist,62.38
5.92,Intermediate,64,28,34,15,46,21,76,80,Mobile App Developer,45.5
6.21,Beginner,93,56,43,16,19,27,74,86,Frontend Developer,51.75
8.46,Intermediate,46,58,48,40,50,46,99,89,Software Engineer,59.5
8.31,Beginner,51,76,82,39,28,89,86,66,Cyber Security Engineer,64.62
8.56,Beginner,47,49,59,95,75,24,90,83,Machine Learning Engineer,65.25
7.42,Beginner,71,70,62,32,16,43,68,41,Full Stack Developer,50.38
7.63,Intermediate,37,28,69,75,96,32,59,57,Data Scientist,56.62
6.74,Beginner,41,20,60,49,26,97,86,62,Cloud Engineer,55.12
8.21,Beginner,63,48,24,36,35,29,70,67,Mobile App Developer,46.5
5.58,Beginner,39,85,78,23,24,81,92,49,Cyber Security Engineer,58.88
6.63,Intermediate,67,55,42,31,40,23,72,86,Mobile App Developer,52.0
8.37,Beginner,30,58,29,28,20,85,85,40,Cloud Engineer,46.88
8.49,Intermediate,42,53,43,22,43,27,80,40,Software Engineer,43.75
6.53,Beginner,96,34,37,25,47,33,62,54,Frontend Developer,48.5
6.61,Intermediate,39,87,94,17,10,40,87,75,Backend Developer,56.12
8.06,Advanced,56,87,91,21,32,48,72,66,Backend Developer,59.12
6.95,Intermediate,21,89,63,13,45,64,71,66,Cyber Security Engineer,54.0
8.13,Intermediate,86,73,63,24,28,46,67,67,Full Stack Developer,56.75
6.33,Intermediate,34,84,69,27,37,78,75,85,Cyber Security Engineer,61.12
7.48,Advanced,60,94,85,34,42,50,74,72,Backend Developer,63.88
6.07,Intermediate,25,78,74,21,44,21,79,48,Backend Developer,48.75
7.33,Intermediate,21,30,60,77,41,55,89,90,AI Engineer,57.88
7.66,Advanced,48,48,58,36,12,29,85,67,Software Engineer,47.88
6.69,Beginner,56,23,99,17,70,27,68,76,Data Analyst,54.5
7.08,Intermediate,94,38,41,10,21,40,78,43,Frontend Developer,45.62
7.91,Intermediate,55,38,29,45,50,46,90,57,Software Engineer,51.25
7.28,Beginner,42,32,63,69,98,39,58,54,Data Scientist,56.88
7.2,Intermediate,68,41,39,16,37,45,79,58,Mobile App Developer,47.88
7.11,Intermediate,42,43,45,86,14,60,83,56,AI Engineer,53.62
9.7,Beginner,57,44,47,88,76,48,79,69,Machine Learning Engineer,63.5
8.45,Advanced,35,78,74,25,23,25,71,62,Backend Developer,49.12
9.37,Advanced,38,56,33,30,39,49,85,89,Software Engineer,52.38
7.14,Beginner,81,95,82,11,27,32,54,44,Full Stack Developer,53.25
6.43,Beginner,28,88,56,21,21,46,99,71,Java Developer,53.75
8.46,Beginner,46,30,84,75,82,20,52,75,Data Scientist,58.0
7.52,Beginner,52,54,71,75,97,37,60,42,Data Scientist,61.0
5.86,Intermediate,58,40,32,89,46,50,79,69,AI Engineer,57.88
7.3,Beginner,41,76,45,16,10,26,99,76,Java Developer,48.62
5.85,Intermediate,75,20,31,48,15,28,72,70,Mobile App Developer,44.88
7.28,Beginner,59,27,24,44,17,98,71,73,Cloud Engineer,51.62
8.94,Intermediate,52,24,46,100,95,38,90,69,Machine Learning Engineer,64.25
7.77,Intermediate,43,68,43,74,22,36,84,56,Python Developer,53.25
8.26,Beginner,51,40,42,98,81,37,95,42,Machine Learning Engineer,60.75
8.21,Beginner,21,44,81,24,82,24,69,71,Data Analyst,52.0
7.5,Beginner,73,90,86,24,28,38,61,57,Full Stack Developer,57.12
6.07,Beginner,78,46,24,10,12,40,82,60,Frontend Developer,44.0
5.82,Intermediate,60,89,58,36,41,94,65,44,DevOps Engineer,60.88
6.7,Advanced,29,28,38,99,24,68,89,44,AI Engineer,52.38
7.34,Beginner,64,28,44,40,23,29,93,63,Mobile App Developer,48.0
5.64,Beginner,51,74,55,20,20,44,75,40,Java Developer,47.38
5.68,Intermediate,48,75,26,25,37,43,77,62,Java Developer,49.12
5.67,Advanced,43,28,42,79,10,53,82,48,AI Engineer,48.12
6.7,Beginner,39,89,30,36,44,30,89,59,Java Developer,52.0
5.85,Intermediate,29,76,67,49,30,91,68,65,DevOps Engineer,59.38
8.33,Beginner,51,54,41,94,84,50,91,56,Machine Learning Engineer,65.12
9.23,Advanced,27,27,28,28,17,33,89,64,Software Engineer,39.12
6.61,Advanced,31,20,46,95,31,63,88,60,AI Engineer,54.25
7.08,Beginner,90,52,32,23,28,23,88,44,Mobile App Developer,47.5
7.98,Intermediate,24,83,92,23,44,42,76,58,Backend Developer,55.25
6.37,Beginner,91,74,72,32,47,33,48,88,Full Stack Developer,60.62
7.65,Beginner,48,43,23,93,91,48,90,62,Machine Learning Engineer,62.25
5.78,Intermediate,73,90,70,46,38,36,59,84,Full Stack Developer,62.0
7.04,Intermediate,84,59,25,31,31,38,71,49,Frontend Developer,48.5
6.66,Beginner,53,55,75,80,93,30,47,44,Data Scientist,59.62
6.1,Intermediate,29,92,84,30,36,26,87,89,Backend Developer,59.12
8.12,Advanced,57,88,75,37,35,43,80,78,Backend Developer,61.62
6.64,Beginner,50,87,59,47,24,99,62,81,DevOps Engineer,63.62
7.72,Advanced,47,38,55,80,48,62,77,87,AI Engineer,61.75
6.64,Intermediate,41,27,82,30,69,37,53,74,Data Analyst,51.62
7.85,Advanced,47,29,22,90,15,72,89,59,AI Engineer,52.88
8.31,Beginner,48,77,56,13,16,25,85,71,Java Developer,48.88
7.2,Intermediate,49,90,45,48,48,42,99,53,Java Developer,59.25
7.99,Intermediate,48,68,76,45,46,97,68,80,DevOps Engineer,66.0
7.72,Beginner,47,33,79,72,80,23,60,74,Data Scientist,58.5
5.97,Intermediate,33,30,74,66,99,27,58,69,Data Scientist,57.0
6.79,Intermediate,42,92,80,41,34,44,90,82,Backend Developer,63.12
5.95,Beginner,20,65,38,67,37,23,92,72,Python Developer,51.75
8.87,Intermediate,36,46,54,100,77,30,92,87,Machine Learning Engineer,65.25
8.06,Intermediate,80,59,20,28,37,27,82,63,Frontend Developer,49.5
7.82,Intermediate,50,21,75,66,97,43,69,57,Data Scientist,59.75
8.23,Beginner,45,59,44,36,43,86,62,62,Cloud Engineer,54.62
7.46,Intermediate,20,58,41,13,37,99,80,68,Cloud Engineer,52.0
6.1,Intermediate,51,21,67,88,88,50,43,69,Data Scientist,59.62
6.45,Intermediate,27,22,99,46,87,37,52,86,Data Analyst,57.0
9.18,Intermediate,55,50,41,93,94,48,87,74,Machine Learning Engineer,67.75
6.98,Intermediate,22,81,82,36,44,46,76,66,Backend Developer,56.62
8.88,Intermediate,28,54,59,95,77,24,87,49,Machine Learning Engineer,59.12
7.61,Intermediate,21,20,68,75,89,47,69,50,Data Scientist,54.88
7.3,Intermediate,46,32,86,13,83,38,42,71,Data Analyst,51.38
5.83,Beginner,34,26,59,46,22,86,83,77,Cloud Engineer,54.12
6.83,Intermediate,52,89,32,42,29,46,83,71,Java Developer,55.5
6.76,Beginner,70,27,58,47,35,39,88,86,Mobile App Developer,56.25
7.62,Beginner,44,71,66,24,11,80,67,48,DevOps Engineer,51.38
6.79,Beginner,91,27,29,22,36,47,65,90,Frontend Developer,50.88
6.48,Intermediate,90,39,50,47,36,40,89,88,Frontend Developer,59.88
8.06,Beginner,68,25,29,21,48,27,74,85,Mobile App Developer,47.12
7.04,Advanced,44,55,29,88,47,59,88,73,AI Engineer,60.38
7.04,Intermediate,55,49,93,42,72,50,58,80,Data Analyst,62.38
7.68,Beginner,35,77,77,49,48,83,59,68,DevOps Engineer,62.0
8.23,Beginner,23,72,69,28,45,90,89,83,Cyber Security Engineer,62.38
8.48,Beginner,76,22,28,40,46,36,72,80,Frontend Developer,50.0
7.5,Advanced,36,26,42,50,33,34,94,69,Software Engineer,48.0
7.43,Beginner,73,84,84,35,29,21,51,88,Full Stack Developer,58.12
6.17,Beginner,23,84,51,42,46,48,88,76,Java Developer,57.25
6.03,Intermediate,28,75,23,35,32,33,76,79,Java Developer,47.62
7.74,Intermediate,34,65,33,57,19,49,76,67,Python Developer,50.0
6.44,Beginner,59,59,24,39,50,85,60,84,Cloud Engineer,57.5
6.37,Intermediate,83,55,50,48,14,34,72,60,Mobile App Developer,52.0
6.66,Advanced,29,21,31,98,13,70,89,53,AI Engineer,50.5
9.43,Advanced,55,50,59,13,41,30,91,49,Software Engineer,48.5
6.7,Intermediate,45,30,28,44,43,86,74,58,Cloud Engineer,51.0
7.85,Intermediate,31,45,89,30,88,23,45,89,Data Analyst,55.0
7.95,Intermediate,34,75,61,43,36,74,78,49,Cyber Security Engineer,56.25
7.27,Beginner,55,89,35,20,25,44,99,60,Java Developer,53.38
7.73,Intermediate,28,31,39,95,20,69,83,68,AI Engineer,54.12
5.78,Intermediate,45,68,67,33,38,87,76,43,Cyber Security Engineer,57.12
6.9,Beginner,45,35,54,26,39,93,73,66,Cloud Engineer,53.88
5.52,Intermediate,63,50,22,15,34,43,71,55,Mobile App Developer,44.12
6.67,Beginner,25,40,35,23,25,89,73,88,Cloud Engineer,49.75
8.66,Intermediate,56,25,30,85,80,25,75,57,Machine Learning Engineer,54.12
8.4,Beginner,37,75,25,78,44,49,92,84,Python Developer,60.5
7.09,Beginner,26,39,78,71,98,28,67,71,Data Scientist,59.75
6.46,Beginner,77,60,28,32,23,27,77,57,Frontend Developer,47.62
7.75,Intermediate,51,68,54,15,19,46,81,45,Java Developer,47.38
7.41,Intermediate,35,33,35,14,37,96,77,41,Cloud Engineer,46.0
6.45,Beginner,29,65,64,12,14,80,56,81,DevOps Engineer,50.12
6.48,Intermediate,72,31,26,33,37,27,90,61,Mobile App Developer,47.12
6.2,Beginner,23,63,55,21,44,97,67,53,DevOps Engineer,52.88
7.02,Beginner,75,29,51,24,23,47,60,78,Frontend Developer,48.38
6.71,Beginner,51,24,73,84,80,48,46,42,Data Scientist,56.0
7.27,Beginner,42,21,69,83,83,33,45,47,Data Scientist,52.88
8.08,Intermediate,45,80,73,31,36,28,88,56,Backend Developer,54.62
7.28,Beginner,56,83,80,14,38,72,75,54,Cyber Security Engineer,59.0
5.64,Intermediate,31,80,45,36,16,36,94,67,Java Developer,50.62
9.41,Beginner,35,33,25,94,89,34,93,54,Machine Learning Engineer,57.12
8.14,Beginner,60,56,28,44,32,43,76,79,Mobile App Developer,52.25
8.4,Beginner,22,35,78,73,96,42,47,53,Data Scientist,55.75
7.03,Intermediate,69,56,30,22,40,34,72,61,Mobile App Developer,48.0
7.4,Intermediate,32,69,54,57,26,34,91,48,Python Developer,51.38
5.61,Beginner,36,72,58,22,49,42,80,61,Java Developer,52.5
8.35,Advanced,30,60,52,33,12,22,97,87,Software Engineer,49.12
6.25,Intermediate,60,24,69,83,100,48,43,53,Data Scientist,60.0
8.07,Beginner,52,35,99,26,86,27,44,78,Data Analyst,55.88
5.84,Advanced,55,79,95,12,48,20,93,64,Backend Developer,58.25
6.12,Intermediate,45,36,42,82,40,78,80,46,AI Engineer,56.12
8.14,Beginner,36,27,37,47,11,93,65,89,Cloud Engineer,50.62
5.56,Intermediate,23,34,58,94,47,75,81,53,AI Engineer,58.12
7.4,Beginner,52,87,63,47,44,98,63,63,DevOps Engineer,64.62
6.5,Intermediate,47,36,98,41,89,39,41,74,Data Analyst,58.12
5.71,Intermediate,94,83,73,36,31,50,42,52,Full Stack Developer,57.62
6.56,Intermediate,43,66,42,63,36,37,84,55,Python Developer,53.25
8.07,Intermediate,44,69,83,17,34,86,96,58,Cyber Security Engineer,60.88
8.35,Beginner,32,72,55,19,41,91,64,40,DevOps Engineer,51.75
8.0,Intermediate,22,24,23,40,14,45,92,62,Software Engineer,40.25
7.31,Advanced,59,90,78,46,36,40,84,69,Backend Developer,62.75
7.0,Beginner,60,56,59,35,28,29,73,81,Mobile App Developer,52.62
6.73,Intermediate,39,79,66,14,34,89,82,47,Cyber Security Engineer,56.25
6.83,Beginner,27,66,45,70,17,26,90,70,Python Developer,51.38
6.74,Intermediate,46,74,60,79,27,21,100,44,Python Developer,56.38
5.77,Advanced,23,31,51,96,37,61,72,46,AI Engineer,52.12
8.26,Intermediate,23,63,69,35,25,74,81,69,Cyber Security Engineer,54.88
6.06,Intermediate,97,44,37,33,31,32,88,60,Frontend Developer,52.75
5.81,Intermediate,49,23,90,18,73,29,67,71,Data Analyst,52.5
6.94,Intermediate,89,84,71,30,34,40,60,66,Full Stack Developer,59.25
8.19,Intermediate,62,39,49,16,28,46,89,56,Mobile App Developer,48.12
6.19,Intermediate,44,26,76,41,66,49,49,92,Data Analyst,55.38
6.7,Beginner,65,25,43,28,33,21,89,63,Mobile App Developer,45.88
6.36,Intermediate,86,47,27,29,35,22,87,84,Frontend Developer,52.12
5.91,Beginner,75,20,54,45,47,41,87,75,Frontend Developer,55.5
8.29,Advanced,60,22,38,79,10,55,72,78,AI Engineer,51.75
9.24,Intermediate,23,30,24,17,11,45,99,72,Software Engineer,40.12
8.27,Beginner,47,39,39,37,28,89,89,83,Cloud Engineer,56.38
6.74,Intermediate,24,86,71,34,20,96,63,41,DevOps Engineer,54.38
6.52,Intermediate,44,50,68,70,94,24,52,41,Data Scientist,55.38
6.58,Intermediate,52,46,84,70,95,44,57,74,Data Scientist,65.25
5.75,Intermediate,100,53,51,13,45,43,75,41,Frontend Developer,52.62
5.97,Beginner,87,82,81,44,35,40,69,65,Full Stack Developer,62.88
5.95,Intermediate,40,77,64,33,16,96,45,55,DevOps Engineer,53.25
8.3,Beginner,58,80,79,21,49,94,54,75,DevOps Engineer,63.75
7.69,Intermediate,42,76,40,39,21,32,83,73,Java Developer,50.75
6.22,Beginner,47,83,39,52,19,41,82,54,Python Developer,52.12
7.53,Intermediate,21,45,20,99,26,71,74,62,AI Engineer,52.25
7.76,Intermediate,30,33,58,76,12,61,81,42,AI Engineer,49.12
7.14,Intermediate,88,26,31,19,11,33,80,90,Frontend Developer,47.25
6.02,Intermediate,48,76,20,40,46,29,98,54,Java Developer,51.38
6.77,Intermediate,98,58,29,37,18,29,61,62,Frontend Developer,49.0
7.84,Advanced,45,82,75,16,44,29,92,80,Backend Developer,57.88
7.74,Intermediate,69,21,29,18,32,32,79,71,Mobile App Developer,43.88
8.15,Intermediate,32,60,37,71,44,21,87,70,Python Developer,52.75
7.47,Beginner,72,44,38,15,38,46,77,48,Mobile App Developer,47.25
6.55,Intermediate,85,31,55,39,40,29,69,51,Frontend Developer,49.88
8.38,Beginner,48,88,20,80,50,35,100,83,Python Developer,63.0
5.59,Beginner,25,85,33,48,36,24,81,41,Java Developer,46.62
5.55,Beginner,46,80,28,66,35,33,85,53,Python Developer,53.25
8.27,Beginner,52,67,52,60,36,24,86,43,Python Developer,52.5
7.13,Intermediate,52,72,37,64,28,27,84,74,Python Developer,54.75
7.49,Beginner,42,76,74,30,14,66,81,54,Cyber Security Engineer,54.62
7.58,Intermediate,38,87,43,36,33,22,88,43,Java Developer,48.75
5.6,Beginner,90,93,60,37,42,38,57,76,Full Stack Developer,61.62
6.07,Intermediate,91,54,56,35,24,26,81,54,Frontend Developer,52.62
7.87,Beginner,57,49,60,98,87,23,87,87,Machine Learning Engineer,68.5
8.73,Intermediate,36,41,21,94,76,35,78,76,Machine Learning Engineer,57.12
8.8,Intermediate,58,35,22,86,92,32,83,52,Machine Learning Engineer,57.5
8.38,Beginner,36,39,43,17,11,91,74,75,Cloud Engineer,48.25
5.74,Intermediate,91,88,64,30,49,25,65,80,Full Stack Developer,61.5
8.17,Beginner,38,77,37,59,28,27,99,68,Python Developer,54.12
6.22,Intermediate,73,51,23,34,45,26,76,78,Mobile App Developer,50.75
6.64,Intermediate,26,39,83,77,96,25,40,76,Data Scientist,57.75
9.99,Intermediate,32,21,53,94,93,49,87,76,Machine Learning Engineer,63.12
6.93,Intermediate,57,44,54,80,44,75,71,71,AI Engineer,62.0
7.77,Intermediate,49,43,99,46,66,20,55,74,Data Analyst,56.5
8.29,Intermediate,37,25,59,100,50,57,76,52,AI Engineer,57.0
7.83,Beginner,71,55,53,32,10,26,78,62,Mobile App Developer,48.38
7.97,Intermediate,86,75,84,26,33,26,42,50,Full Stack Developer,52.75
6.2,Advanced,47,95,85,46,43,24,73,71,Backend Developer,60.5
8.07,Intermediate,57,38,88,17,70,46,58,79,Data Analyst,56.62
6.59,Beginner,24,73,56,37,12,34,85,44,Java Developer,45.62
7.05,Beginner,54,55,86,70,100,50,56,77,Data Scientist,68.5
5.56,Beginner,28,50,81,18,68,42,41,85,Data Analyst,51.62
7.76,Beginner,25,71,52,11,20,49,92,86,Java Developer,50.75
6.42,Intermediate,49,30,51,75,25,63,91,73,AI Engineer,57.12
5.63,Intermediate,60,24,79,77,86,32,48,71,Data Scientist,59.62
5.83,Beginner,45,52,48,36,14,87,85,51,Cloud Engineer,52.25
8.56,Advanced,27,60,44,28,10,39,91,82,Software Engineer,47.62
9.66,Beginner,36,45,40,100,85,21,76,78,Machine Learning Engineer,60.12
7.64,Intermediate,36,27,71,67,89,20,54,54,Data Scientist,52.25
7.8,Beginner,42,41,24,97,84,36,77,67,Machine Learning Engineer,58.5
9.03,Beginner,39,46,44,100,92,28,93,61,Machine Learning Engineer,62.88
7.99,Beginner,51,27,37,100,92,47,87,56,Machine Learning Engineer,62.12
7.64,Intermediate,87,37,56,45,50,49,83,64,Frontend Developer,58.88
7.73,Beginner,26,85,37,21,27,33,84,72,Java Developer,48.12
7.81,Beginner,65,48,60,33,31,40,95,90,Mobile App Developer,57.75
8.36,Intermediate,57,44,95,47,90,32,55,73,Data Analyst,61.62
7.49,Beginner,42,84,40,56,16,48,99,65,Python Developer,56.25
5.9,Intermediate,24,54,50,10,26,97,73,41,Cloud Engineer,46.88
7.26,Intermediate,44,69,34,80,23,31,90,77,Python Developer,56.0
6.0,Intermediate,60,22,28,22,13,30,94,83,Mobile App Developer,44.0
9.14,Beginner,40,44,23,88,78,30,87,67,Machine Learning Engineer,57.12
7.4,Beginner,28,60,65,70,97,39,63,46,Data Scientist,58.5
5.82,Intermediate,86,53,46,47,20,28,84,66,Mobile App Developer,53.75
8.31,Beginner,27,52,57,32,36,90,88,90,Cloud Engineer,59.0
6.64,Intermediate,52,100,73,11,29,35,71,40,Backend Developer,51.38
7.33,Beginner,90,72,90,20,50,50,67,48,Full Stack Developer,60.88
8.24,Intermediate,45,29,99,22,83,21,66,78,Data Analyst,55.38
6.15,Advanced,22,96,83,46,24,25,78,62,Backend Developer,54.5
7.01,Intermediate,28,42,89,90,94,50,46,46,Data Scientist,60.62
8.39,Intermediate,33,57,77,84,97,20,58,73,Data Scientist,62.38
6.87,Advanced,28,79,76,44,40,34,84,66,Backend Developer,56.38
6.77,Intermediate,23,72,41,66,36,49,94,78,Python Developer,57.38
7.18,Intermediate,34,76,50,77,29,40,96,63,Python Developer,58.12
7.71,Intermediate,91,83,66,26,38,25,57,61,Full Stack Developer,55.88
8.1,Intermediate,55,50,24,20,43,93,73,77,Cloud Engineer,54.38
5.55,Beginner,50,30,80,23,89,22,45,79,Data Analyst,52.25
6.84,Intermediate,79,49,50,43,46,48,81,89,Frontend Developer,60.62
7.59,Intermediate,58,78,94,35,24,31,84,75,Backend Developer,59.88
7.7,Beginner,89,44,24,29,36,47,73,40,Mobile App Developer,47.75
7.77,Beginner,25,78,71,31,32,85,89,73,Cyber Security Engineer,60.5
7.14,Beginner,51,55,97,33,67,45,40,83,Data Analyst,58.88
8.39,Beginner,56,29,76,25,82,26,57,87,Data Analyst,54.75
5.95,Beginner,56,65,35,69,37,39,98,87,Python Developer,60.75
5.61,Beginner,54,25,38,24,43,85,85,87,Cloud Engineer,55.12
5.89,Intermediate,32,93,94,41,42,35,80,87,Backend Developer,63.0
7.66,Intermediate,47,56,43,15,47,85,87,83,Cloud Engineer,57.88
8.38,Beginner,24,28,23,97,79,48,94,76,Machine Learning Engineer,58.62
7.83,Intermediate,62,58,22,12,36,27,74,68,Mobile App Developer,44.88
9.8,Beginner,60,33,35,89,79,47,93,89,Machine Learning Engineer,65.62
6.9,Intermediate,39,83,89,39,26,20,78,57,Backend Developer,53.88
7.55,Intermediate,49,60,83,73,81,43,53,50,Data Scientist,61.5
7.47,Advanced,59,88,74,36,12,28,72,58,Backend Developer,53.38
7.55,Intermediate,42,41,29,28,42,22,95,82,Software Engineer,47.62
8.45,Intermediate,24,99,70,26,13,27,85,64,Backend Developer,51.0
7.97,Advanced,48,80,70,11,50,35,84,62,Backend Developer,55.0
7.4,Intermediate,42,62,57,13,17,93,59,57,DevOps Engineer,50.0
6.47,Intermediate,49,67,54,20,40,86,53,40,DevOps Engineer,51.12
5.57,Intermediate,56,51,27,88,25,63,95,42,AI Engineer,55.88
6.23,Beginner,40,78,23,56,26,33,99,75,Python Developer,53.75
8.42,Intermediate,46,54,28,13,25,38,100,51,Software Engineer,44.38
6.99,Intermediate,41,40,53,45,12,90,65,61,Cloud Engineer,50.88
5.57,Beginner,78,87,71,40,39,42,58,73,Full Stack Developer,61.0
5.52,Beginner,95,95,75,22,18,39,65,82,Full Stack Developer,61.38
8.3,Beginner,55,34,56,95,92,49,88,68,Machine Learning Engineer,67.12
5.83,Advanced,51,75,85,28,23,30,74,79,Backend Developer,55.62
9.23,Advanced,28,52,47,36,34,41,95,81,Software Engineer,51.75
7.28,Intermediate,83,43,41,12,37,44,93,78,Mobile App Developer,53.88
6.23,Beginner,74,84,88,32,14,20,51,69,Full Stack Developer,54.0
5.97,Intermediate,21,68,54,28,32,95,63,44,DevOps Engineer,50.62
8.56,Intermediate,36,43,50,45,45,50,96,74,Software Engineer,54.88
8.4,Intermediate,38,89,57,22,38,80,59,68,DevOps Engineer,56.38
6.42,Intermediate,54,77,82,30,49,38,80,44,Backend Developer,56.75
7.25,Beginner,51,78,38,63,19,31,93,78,Python Developer,56.38
7.58,Beginner,81,93,82,50,31,32,54,84,Full Stack Developer,63.38
8.24,Intermediate,57,67,64,32,31,98,61,64,DevOps Engineer,59.25
6.07,Intermediate,70,28,38,11,10,30,81,50,Mobile App Developer,39.75
8.36,Beginner,83,38,48,12,44,40,85,61,Frontend Developer,51.38
5.76,Beginner,78,43,44,11,19,45,74,46,Frontend Developer,45.0
6.64,Beginner,22,64,59,18,50,80,47,49,DevOps Engineer,48.62
7.94,Beginner,85,30,20,25,47,50,68,87,Frontend Developer,51.5
7.66,Beginner,49,33,94,17,75,44,43,91,Data Analyst,55.75
6.45,Intermediate,27,66,76,14,22,79,88,86,Cyber Security Engineer,57.25
8.01,Intermediate,95,26,56,40,46,47,66,70,Frontend Developer,55.75
8.23,Advanced,46,48,51,13,48,50,82,65,Software Engineer,50.38
6.68,Intermediate,38,88,40,36,47,24,99,80,Java Developer,56.5
6.65,Advanced,24,40,26,82,12,53,85,50,AI Engineer,46.5
7.2,Intermediate,22,59,53,46,19,91,62,63,Cloud Engineer,51.88
6.08,Intermediate,85,54,28,34,31,21,91,65,Mobile App Developer,51.12
5.51,Beginner,32,72,72,17,11,80,46,45,DevOps Engineer,46.88
6.73,Beginner,27,43,22,50,17,89,80,86,Cloud Engineer,51.75
6.67,Intermediate,30,39,83,79,94,39,66,45,Data Scientist,59.38
6.95,Intermediate,45,72,57,30,44,100,56,69,DevOps Engineer,59.12
6.01,Intermediate,52,61,68,19,12,80,52,56,DevOps Engineer,50.0
7.62,Intermediate,51,25,54,45,49,20,93,46,Software Engineer,47.88
8.02,Intermediate,88,49,42,42,20,49,89,46,Frontend Developer,53.12
6.4,Intermediate,60,72,34,51,41,40,100,50,Python Developer,56.0
6.91,Intermediate,80,94,77,28,45,41,64,72,Full Stack Developer,62.62
5.92,Intermediate,49,83,60,20,21,61,73,40,Cyber Security Engineer,50.88
7.78,Intermediate,42,78,28,71,25,20,96,88,Python Developer,56.0
7.22,Advanced,42,82,73,25,32,35,94,67,Backend Developer,56.25
8.45,Beginner,28,89,54,54,34,24,100,79,Python Developer,57.75
7.27,Advanced,28,54,59,90,37,59,88,57,AI Engineer,59.0
5.67,Beginner,96,29,52,26,33,20,79,70,Frontend Developer,50.62
7.2,Intermediate,59,81,73,31,22,81,52,48,DevOps Engineer,55.88
7.04,Beginner,87,77,81,25,29,50,50,52,Full Stack Developer,56.38
6.36,Intermediate,47,54,69,76,98,50,58,64,Data Scientist,64.5
7.88,Beginner,78,58,31,28,42,46,60,42,Frontend Developer,48.12
9.69,Intermediate,59,34,45,85,80,22,83,56,Machine Learning Engineer,58.0
6.68,Beginner,96,58,59,29,12,41,72,43,Frontend Developer,51.25
6.74,Advanced,26,77,70,49,40,38,87,53,Backend Developer,55.0
7.58,Intermediate,22,69,29,21,27,47,78,71,Java Developer,45.5
5.92,Intermediate,88,30,27,39,36,48,77,46,Frontend Developer,48.88
6.16,Beginner,78,88,70,47,22,35,58,45,Full Stack Developer,55.38
7.96,Beginner,43,90,40,65,41,30,79,65,Python Developer,56.62
7.64,Beginner,37,85,28,60,20,21,93,72,Python Developer,52.0
7.74,Beginner,46,67,61,27,18,85,81,70,Cyber Security Engineer,56.88
7.53,Intermediate,50,22,38,87,39,60,72,53,AI Engineer,52.62
7.75,Beginner,39,85,79,11,23,64,80,61,Cyber Security Engineer,55.25
7.92,Beginner,88,26,48,45,50,33,67,84,Frontend Developer,55.12
7.51,Beginner,59,21,78,36,86,43,54,73,Data Analyst,56.25
8.69,Beginner,40,48,51,87,83,41,82,78,Machine Learning Engineer,63.75
6.09,Intermediate,38,79,64,10,16,77,80,60,Cyber Security Engineer,53.0
5.67,Beginner,75,38,35,37,41,27,80,48,Mobile App Developer,47.62
6.25,Beginner,34,87,54,38,32,100,65,76,DevOps Engineer,60.75
5.58,Intermediate,40,56,65,66,88,47,53,74,Data Scientist,61.12
9.28,Intermediate,37,47,34,90,75,42,78,60,Machine Learning Engineer,57.88
7.85,Beginner,37,90,60,26,33,89,42,49,DevOps Engineer,53.25
6.83,Beginner,26,65,65,37,30,96,64,40,DevOps Engineer,52.88
6.63,Beginner,29,47,90,47,88,49,46,74,Data Analyst,58.75
7.37,Intermediate,51,66,59,79,48,38,100,80,Python Developer,65.12
6.6,Intermediate,42,60,77,33,81,38,41,71,Data Analyst,55.38
6.15,Beginner,29,70,21,77,21,31,81,53,Python Developer,47.88
8.32,Intermediate,51,39,97,11,65,25,63,88,Data Analyst,54.88
8.35,Beginner,70,52,52,48,23,38,76,53,Mobile App Developer,51.5
9.03,Intermediate,30,48,24,25,49,43,90,42,Software Engineer,43.88
8.02,Intermediate,79,34,58,12,35,37,61,77,Frontend Developer,49.12
7.31,Beginner,76,82,62,18,32,29,40,41,Full Stack Developer,47.5
7.49,Intermediate,42,23,57,46,24,92,68,77,Cloud Engineer,53.62
6.22,Beginner,68,40,24,30,50,32,89,78,Mobile App Developer,51.38
8.19,Intermediate,79,59,54,31,33,47,75,46,Mobile App Developer,53.0
5.65,Beginner,26,61,50,22,36,95,62,53,DevOps Engineer,50.62
5.81,Intermediate,60,30,42,80,16,79,85,87,AI Engineer,59.88
6.16,Intermediate,27,59,30,86,20,62,75,63,AI Engineer,52.75
6.08,Beginner,53,25,80,34,70,20,68,70,Data Analyst,52.5
7.37,Beginner,29,41,85,79,90,28,64,49,Data Scientist,58.12
7.02,Advanced,59,56,58,88,41,73,81,88,AI Engineer,68.0
6.58,Beginner,51,24,32,32,32,86,71,78,Cloud Engineer,50.75
8.45,Intermediate,52,50,73,74,83,42,43,78,Data Scientist,61.88
5.92,Intermediate,81,82,80,47,29,34,70,64,Full Stack Developer,60.88
8.46,Intermediate,46,93,88,26,49,25,71,51,Backend Developer,56.12
7.82,Intermediate,34,35,29,80,36,61,90,44,AI Engineer,51.12
6.61,Beginner,54,55,88,85,96,39,69,89,Data Scientist,71.88
8.58,Intermediate,44,58,41,14,13,36,90,54,Software Engineer,43.75
5.79,Beginner,21,86,24,66,21,25,85,90,Python Developer,52.25
6.63,Beginner,58,27,28,50,12,97,81,43,Cloud Engineer,49.5
7.69,Intermediate,30,32,31,13,23,99,75,49,Cloud Engineer,44.0
6.11,Beginner,39,47,66,84,92,34,69,54,Data Scientist,60.62
8.22,Beginner,52,44,45,31,46,85,74,81,Cloud Engineer,57.25
5.82,Beginner,75,23,56,34,36,35,81,58,Mobile App Developer,49.75
7.8,Advanced,27,50,23,36,42,29,90,60,Software Engineer,44.62
7.96,Beginner,47,57,79,86,96,23,45,53,Data Scientist,60.75
6.65,Advanced,27,82,85,16,34,34,78,45,Backend Developer,50.12
6.56,Advanced,34,97,94,38,14,25,78,66,Backend Developer,55.75
7.62,Intermediate,52,77,49,20,28,35,88,46,Java Developer,49.38
6.24,Advanced,51,47,57,95,34,60,74,90,AI Engineer,63.5
8.89,Beginner,57,31,50,85,87,50,79,46,Machine Learning Engineer,60.62
7.54,Intermediate,60,70,33,25,32,22,90,69,Java Developer,50.12
9.08,Advanced,35,39,31,48,10,37,95,48,Software Engineer,42.88
8.41,Beginner,31,53,55,50,24,85,67,48,Cloud Engineer,51.62
7.72,Advanced,58,51,46,87,32,78,89,80,AI Engineer,65.12
7.6,Beginner,77,51,38,49,34,46,78,74,Frontend Developer,55.88
7.85,Beginner,56,35,24,89,80,38,94,74,Machine Learning Engineer,61.25
9.06,Beginner,31,58,59,88,83,33,85,43,Machine Learning Engineer,60.0
5.82,Advanced,35,24,26,89,49,65,74,87,AI Engineer,56.12
6.78,Beginner,37,65,55,19,40,44,82,79,Java Developer,52.62
5.94,Intermediate,31,60,52,81,18,74,93,61,AI Engineer,58.75
5.66,Intermediate,86,75,78,38,39,37,59,40,Full Stack Developer,56.5
6.48,Beginner,22,61,64,38,42,78,93,49,Cyber Security Engineer,55.88
8.89,Advanced,39,22,50,28,12,50,92,66,Software Engineer,44.88
5.55,Intermediate,51,39,84,23,89,36,70,74,Data Analyst,58.25
6.52,Intermediate,40,43,48,44,20,85,90,82,Cloud Engineer,56.5
5.72,Intermediate,44,56,76,83,99,35,68,76,Data Scientist,67.12
5.95,Beginner,66,50,23,25,12,20,92,45,Mobile App Developer,41.62
7.91,Advanced,27,58,46,24,20,38,99,80,Software Engineer,49.0
7.05,Intermediate,24,42,61,67,99,50,52,56,Data Scientist,56.38
6.54,Beginner,87,22,32,47,44,50,89,88,Frontend Developer,57.38
5.92,Intermediate,50,75,49,62,42,44,83,71,Python Developer,59.5
7.08,Beginner,21,33,79,89,94,28,66,43,Data Scientist,56.62
7.44,Beginner,22,68,49,11,21,46,82,68,Java Developer,45.88
6.23,Beginner,22,76,87,30,17,83,76,40,Cyber Security Engineer,53.88
7.13,Advanced,25,21,44,93,10,65,88,88,AI Engineer,54.25
5.72,Beginner,97,40,53,17,10,37,90,40,Frontend Developer,48.0
6.57,Intermediate,26,83,51,30,41,85,60,73,DevOps Engineer,56.12
6.94,Intermediate,24,74,77,47,33,98,42,44,DevOps Engineer,54.88
6.76,Beginner,35,60,67,25,17,72,98,53,Cyber Security Engineer,53.38
6.15,Intermediate,38,53,80,29,87,35,64,83,Data Analyst,58.62
7.3,Intermediate,47,89,60,12,30,50,89,50,Java Developer,53.38
6.68,Beginner,48,57,62,79,90,29,46,85,Data Scientist,62.0
8.03,Beginner,41,60,84,75,86,28,45,45,Data Scientist,58.0
6.07,Intermediate,36,73,48,69,27,35,95,64,Python Developer,55.88
7.74,Advanced,21,88,89,21,33,49,89,85,Backend Developer,59.38
8.32,Intermediate,43,69,64,30,23,85,95,43,Cyber Security Engineer,56.5
6.09,Beginner,56,43,84,18,67,43,63,94,Data Analyst,58.5
8.34,Intermediate,58,76,40,13,16,42,89,87,Java Developer,52.62
8.75,Intermediate,25,46,37,92,82,49,94,80,Machine Learning Engineer,63.12
7.04,Intermediate,39,69,83,34,11,79,88,73,Cyber Security Engineer,59.5
7.71,Beginner,38,90,51,76,34,33,78,72,Python Developer,59.0
6.63,Beginner,52,73,60,37,31,85,90,76,Cyber Security Engineer,63.0
7.45,Beginner,35,81,21,59,29,20,84,79,Python Developer,51.0
7.64,Intermediate,36,48,96,20,77,30,66,74,Data Analyst,55.88
9.49,Intermediate,23,48,24,96,89,30,83,60,Machine Learning Engineer,56.62
7.45,Intermediate,58,70,21,22,11,22,92,87,Java Developer,47.88
8.08,Beginner,86,58,54,37,44,26,80,58,Frontend Developer,55.38
6.82,Beginner,42,68,76,43,10,83,77,48,Cyber Security Engineer,55.88
9.79,Intermediate,35,45,49,37,50,34,90,41,Software Engineer,47.62
5.53,Intermediate,21,71,81,40,43,74,95,40,Cyber Security Engineer,58.12
6.13,Intermediate,93,35,35,47,19,34,75,82,Frontend Developer,52.5
7.79,Beginner,78,20,33,48,16,35,77,69,Frontend Developer,47.0
7.64,Beginner,41,50,47,95,78,28,78,59,Machine Learning Engineer,59.5
7.25,Intermediate,46,63,65,13,41,67,79,78,Cyber Security Engineer,56.5
5.79,Intermediate,83,46,25,38,45,48,88,45,Mobile App Developer,52.25
6.62,Beginner,53,66,61,27,32,82,47,63,DevOps Engineer,53.88
8.4,Intermediate,38,37,26,24,19,99,88,52,Cloud Engineer,47.88
8.1,Intermediate,68,55,33,40,29,44,90,74,Mobile App Developer,54.12
7.57,Beginner,61,42,27,46,34,49,72,52,Mobile App Developer,47.88
6.35,Beginner,84,90,62,23,32,49,47,41,Full Stack Developer,53.5
6.33,Beginner,50,26,71,72,90,48,53,72,Data Scientist,60.25
7.72,Intermediate,28,31,31,47,23,47,81,84,Software Engineer,46.5
6.62,Intermediate,33,28,55,82,13,58,90,44,AI Engineer,50.38
6.17,Intermediate,51,72,52,40,43,20,100,52,Java Developer,53.75
6.05,Intermediate,93,27,26,35,15,49,71,47,Frontend Developer,45.38
8.0,Beginner,87,95,69,14,40,47,42,47,Full Stack Developer,55.12
5.98,Beginner,42,68,39,76,50,44,85,50,Python Developer,56.75
8.08,Beginner,50,88,76,20,20,99,45,76,DevOps Engineer,59.25
8.94,Intermediate,50,58,49,91,77,48,87,75,Machine Learning Engineer,66.88
7.32,Advanced,56,88,77,43,47,32,85,76,Backend Developer,63.0
6.07,Advanced,33,27,39,99,18,51,90,63,AI Engineer,52.5
6.48,Advanced,24,23,25,90,45,59,89,44,AI Engineer,49.88
5.95,Beginner,80,71,86,32,25,24,58,53,Full Stack Developer,53.62
5.89,Intermediate,81,43,35,43,39,34,62,81,Frontend Developer,52.25
9.15,Intermediate,41,27,48,21,46,44,81,65,Software Engineer,46.62
7.2,Intermediate,37,89,95,33,11,47,92,88,Backend Developer,61.5
8.07,Intermediate,50,39,33,88,88,31,95,58,Machine Learning Engineer,60.25
6.3,Advanced,22,55,48,83,40,74,71,81,AI Engineer,59.25
8.37,Intermediate,60,68,28,70,24,46,79,88,Python Developer,57.88
7.97,Intermediate,37,61,54,40,19,93,48,61,DevOps Engineer,51.62
5.71,Beginner,91,38,34,21,20,22,67,53,Frontend Developer,43.25
7.63,Beginner,56,55,86,38,69,39,61,95,Data Analyst,62.38
5.67,Beginner,94,82,69,43,25,21,63,57,Full Stack Developer,56.75
7.49,Beginner,66,20,49,24,39,31,91,43,Mobile App Developer,45.38
9.13,Intermediate,30,35,20,43,30,39,89,51,Software Engineer,42.12
6.15,Intermediate,46,39,59,84,36,59,76,51,AI Engineer,56.25
7.75,Beginner,78,84,75,39,15,26,41,57,Full Stack Developer,51.88
7.59,Intermediate,22,36,88,79,93,29,51,63,Data Scientist,57.62
8.48,Beginner,53,76,33,51,10,23,78,44,Python Developer,46.0
7.4,Intermediate,56,98,80,35,18,27,87,49,Backend Developer,56.25
6.58,Beginner,48,49,81,85,89,34,45,90,Data Scientist,65.12
5.71,Intermediate,53,40,51,39,21,100,61,89,Cloud Engineer,56.75
5.52,Intermediate,83,30,25,49,22,21,83,69,Frontend Developer,47.75
5.62,Intermediate,22,57,83,14,86,31,53,74,Data Analyst,52.5
8.01,Intermediate,48,20,76,32,75,31,66,73,Data Analyst,52.62
6.32,Intermediate,35,69,21,30,23,41,78,80,Java Developer,47.12
7.32,Intermediate,40,37,92,33,83,22,69,91,Data Analyst,58.38
8.27,Intermediate,90,23,36,43,17,47,82,49,Mobile App Developer,48.38
8.58,Intermediate,36,37,52,33,47,27,80,80,Software Engineer,49.0
6.65,Advanced,53,86,75,13,47,29,94,60,Backend Developer,57.12
6.74,Intermediate,22,27,59,89,36,76,89,79,AI Engineer,59.62
7.98,Intermediate,41,55,40,91,79,48,92,70,Machine Learning Engineer,64.5
6.69,Intermediate,22,20,22,77,12,61,81,64,AI Engineer,44.88
8.01,Intermediate,24,78,95,16,44,38,83,76,Backend Developer,56.75
6.69,Intermediate,33,72,55,77,10,21,97,67,Python Developer,54.0
8.12,Advanced,52,47,42,32,28,30,99,55,Software Engineer,48.12
7.18,Beginner,48,38,91,49,70,40,61,70,Data Analyst,58.38
5.55,Intermediate,82,79,71,44,15,50,68,84,Full Stack Developer,61.62
7.87,Intermediate,25,87,64,28,22,73,84,74,Cyber Security Engineer,57.12
7.82,Beginner,45,88,60,46,44,78,81,71,Cyber Security Engineer,64.12
6.05,Advanced,32,97,88,19,50,30,72,67,Backend Developer,56.88
9.31,Intermediate,33,33,34,88,92,45,87,55,Machine Learning Engineer,58.38
5.78,Beginner,95,60,40,38,44,24,80,70,Frontend Developer,56.38
5.61,Beginner,27,76,78,16,31,85,55,50,DevOps Engineer,52.25
6.64,Advanced,46,20,45,81,50,59,83,89,AI Engineer,59.12
7.22,Beginner,82,88,60,32,47,22,50,52,Full Stack Developer,54.12
7.79,Intermediate,86,89,62,31,44,21,64,48,Full Stack Developer,55.62
7.04,Intermediate,60,64,26,69,21,35,91,69,Python Developer,54.38
6.74,Intermediate,28,86,83,47,18,85,70,42,Cyber Security Engineer,57.38
6.2,Intermediate,40,32,23,78,48,77,81,75,AI Engineer,56.75
8.01,Beginner,44,22,40,95,89,40,93,72,Machine Learning Engineer,61.88
7.01,Intermediate,38,61,52,69,29,48,98,43,Python Developer,54.75
9.62,Beginner,52,27,32,94,90,36,83,74,Machine Learning Engineer,61.0
8.31,Advanced,34,32,31,89,33,67,82,49,AI Engineer,52.12
6.77,Intermediate,39,37,78,28,80,22,44,73,Data Analyst,50.12
7.98,Beginner,48,81,50,58,48,30,83,40,Python Developer,54.75
8.85,Intermediate,53,56,48,35,16,45,93,61,Software Engineer,50.88
7.72,Advanced,35,26,50,83,50,74,90,66,AI Engineer,59.25
8.13,Beginner,46,82,62,18,42,80,45,74,DevOps Engineer,56.12
9.11,Intermediate,39,21,39,32,31,43,94,47,Software Engineer,43.25
7.67,Intermediate,21,53,48,18,43,89,85,69,Cloud Engineer,53.25
7.46,Intermediate,78,40,32,11,47,38,82,48,Mobile App Developer,47.0
6.57,Beginner,60,69,76,31,38,72,76,80,Cyber Security Engineer,62.75
5.58,Intermediate,80,53,47,39,29,38,66,73,Frontend Developer,53.12
6.94,Intermediate,60,75,49,53,32,31,95,55,Python Developer,56.25
8.5,Advanced,37,34,51,94,30,71,87,55,AI Engineer,57.38
7.55,Intermediate,60,62,32,69,41,26,78,65,Python Developer,54.12
7.46,Intermediate,77,50,58,46,50,31,70,45,Mobile App Developer,53.38
7.32,Beginner,35,29,100,25,84,45,54,93,Data Analyst,58.12
5.99,Beginner,89,39,47,10,25,37,85,41,Frontend Developer,46.62
8.07,Intermediate,74,85,88,14,31,20,45,74,Full Stack Developer,53.88
8.95,Intermediate,47,23,36,43,42,42,87,67,Software Engineer,48.38
7.09,Beginner,48,39,85,42,70,48,54,83,Data Analyst,58.62
5.59,Beginner,55,84,65,17,35,66,73,88,Cyber Security Engineer,60.38
6.16,Advanced,30,77,80,36,26,26,77,87,Backend Developer,54.88
7.78,Intermediate,55,72,55,70,44,35,88,43,Python Developer,57.75
7.89,Advanced,58,49,49,77,12,74,84,58,AI Engineer,57.62
7.75,Beginner,100,59,42,14,19,49,85,77,Frontend Developer,55.62
5.95,Intermediate,72,27,56,19,46,20,87,60,Mobile App Developer,48.38
5.52,Beginner,53,67,58,57,19,27,75,54,Python Developer,51.25
8.57,Beginner,45,24,44,96,80,28,79,64,Machine Learning Engineer,57.5
7.64,Intermediate,35,56,74,76,86,23,57,54,Data Scientist,57.62
6.26,Beginner,55,78,22,46,50,20,91,81,Java Developer,55.38
7.66,Intermediate,22,46,21,39,13,91,75,80,Cloud Engineer,48.38
6.26,Intermediate,39,23,84,75,85,27,58,47,Data Scientist,54.75
6.93,Advanced,33,37,35,77,28,69,88,55,AI Engineer,52.75
7.11,Intermediate,27,69,27,53,24,22,87,41,Python Developer,43.75
7.67,Beginner,74,53,37,42,13,31,73,82,Mobile App Developer,50.62
8.61,Intermediate,20,42,45,99,91,23,76,56,Machine Learning Engineer,56.5
6.7,Beginner,34,53,89,74,81,22,54,57,Data Scientist,58.0
6.12,Intermediate,25,95,87,13,23,38,71,64,Backend Developer,52.0
9.71,Intermediate,35,21,53,24,43,37,94,40,Software Engineer,43.38
5.81,Beginner,50,51,100,42,89,46,64,90,Data Analyst,66.5
5.59,Beginner,35,85,31,19,11,34,82,46,Java Developer,42.88
7.54,Beginner,27,70,33,48,36,23,86,63,Java Developer,48.25
5.98,Beginner,44,77,50,23,36,26,93,85,Java Developer,54.25
7.57,Intermediate,29,99,72,47,48,36,80,67,Backend Developer,59.75
7.51,Beginner,63,43,30,37,12,46,73,51,Mobile App Developer,44.38
7.35,Beginner,33,24,94,39,75,38,45,83,Data Analyst,53.88
6.07,Intermediate,41,48,87,13,66,20,70,87,Data Analyst,54.0
7.82,Intermediate,56,37,75,77,98,35,55,75,Data Scientist,63.5
7.38,Advanced,58,76,77,25,23,45,85,75,Backend Developer,58.0
6.44,Advanced,46,26,22,97,27,63,82,87,AI Engineer,56.25
6.38,Intermediate,21,61,76,22,10,93,57,50,DevOps Engineer,48.75
6.62,Beginner,80,92,87,25,35,39,60,60,Full Stack Developer,59.75
8.24,Beginner,40,72,78,35,16,93,62,82,DevOps Engineer,59.75
7.16,Intermediate,24,78,78,24,27,27,77,54,Backend Developer,48.62
7.34,Intermediate,53,32,29,83,37,69,72,49,AI Engineer,53.0
7.76,Beginner,35,34,28,89,81,44,82,68,Machine Learning Engineer,57.62
5.76,Beginner,44,26,98,41,72,28,52,71,Data Analyst,54.0
7.24,Beginner,28,23,77,66,97,49,43,57,Data Scientist,55.0
6.27,Beginner,44,30,44,13,33,91,65,83,Cloud Engineer,50.38
8.2,Beginner,22,33,31,97,88,46,85,47,Machine Learning Engineer,56.12
7.56,Intermediate,45,38,83,72,97,40,53,63,Data Scientist,61.38
7.18,Intermediate,35,23,28,93,18,53,86,75,AI Engineer,51.38
6.15,Beginner,34,62,58,79,37,43,88,77,Python Developer,59.75
8.95,Intermediate,35,38,25,88,92,47,86,66,Machine Learning Engineer,59.62
8.49,Intermediate,39,23,69,82,92,22,49,85,Data Scientist,57.62
5.96,Intermediate,86,46,48,19,16,35,76,64,Mobile App Developer,48.75
8.84,Intermediate,51,49,30,40,42,33,97,40,Software Engineer,47.75
6.3,Intermediate,27,80,66,30,28,84,44,56,DevOps Engineer,51.88
6.3,Beginner,30,31,70,71,97,40,58,75,Data Scientist,59.0
6.74,Beginner,91,81,78,50,32,26,54,86,Full Stack Developer,62.25
7.18,Beginner,54,27,45,45,33,98,87,84,Cloud Engineer,59.12
6.89,Intermediate,35,83,53,42,12,32,88,56,Java Developer,50.12
8.49,Intermediate,42,28,39,97,85,25,95,78,Machine Learning Engineer,61.12
8.14,Intermediate,35,62,32,70,50,40,82,83,Python Developer,56.75
6.32,Intermediate,20,67,45,12,45,30,82,67,Java Developer,46.0
9.73,Intermediate,39,40,30,38,43,33,82,68,Software Engineer,46.62
6.6,Beginner,24,60,60,67,50,32,98,90,Python Developer,60.12
9.8,Intermediate,21,31,29,40,18,35,100,88,Software Engineer,45.25
5.59,Intermediate,56,48,88,71,90,42,56,83,Data Scientist,66.75
8.32,Intermediate,25,81,71,26,20,41,86,56,Backend Developer,50.75
7.96,Advanced,22,44,32,86,50,52,85,59,AI Engineer,53.75
5.87,Intermediate,42,63,74,25,14,77,78,72,Cyber Security Engineer,55.62
6.61,Intermediate,24,65,27,27,43,27,95,62,Java Developer,46.25
8.46,Beginner,59,64,53,28,47,88,64,64,DevOps Engineer,58.38
6.04,Intermediate,43,97,71,29,18,38,89,86,Backend Developer,58.88
7.46,Beginner,28,67,82,45,34,79,94,73,Cyber Security Engineer,62.75
8.62,Beginner,55,36,40,89,79,29,77,51,Machine Learning Engineer,57.0
7.72,Intermediate,36,41,46,94,95,46,79,55,Machine Learning Engineer,61.5
9.49,Advanced,54,24,53,44,31,40,81,51,Software Engineer,47.25
6.12,Beginner,32,73,52,49,37,87,44,90,DevOps Engineer,58.0
8.49,Intermediate,56,76,37,20,17,45,79,61,Java Developer,48.88
6.88,Intermediate,41,87,21,63,19,23,91,83,Python Developer,53.5
7.88,Beginner,30,37,42,87,75,37,93,75,Machine Learning Engineer,59.5
8.74,Beginner,21,44,23,97,82,45,84,63,Machine Learning Engineer,57.38
5.99,Intermediate,52,67,22,73,17,25,90,58,Python Developer,50.5
5.79,Intermediate,89,84,60,36,40,33,65,47,Full Stack Developer,56.75
9.0,Intermediate,42,39,42,26,25,24,83,60,Software Engineer,42.62
7.97,Advanced,47,27,53,30,14,27,82,55,Software Engineer,41.88
6.29,Intermediate,28,20,92,16,67,25,70,73,Data Analyst,48.88
7.51,Intermediate,25,84,75,35,26,33,72,81,Backend Developer,53.88
8.43,Beginner,58,81,54,50,36,98,68,77,DevOps Engineer,65.25
7.11,Intermediate,27,81,57,10,17,35,92,60,Java Developer,47.38
7.03,Intermediate,95,28,34,15,18,20,68,62,Frontend Developer,42.5
6.85,Beginner,55,80,59,51,26,27,83,75,Python Developer,57.0
7.95,Beginner,77,94,85,33,14,50,42,57,Full Stack Developer,56.5
5.54,Intermediate,40,88,68,46,41,72,81,75,Cyber Security Engineer,63.88
8.36,Beginner,34,69,24,57,41,35,89,42,Python Developer,48.88
6.88,Beginner,39,65,67,39,13,88,93,88,Cyber Security Engineer,61.5
8.36,Intermediate,34,38,23,88,14,64,92,72,AI Engineer,53.12
7.64,Advanced,40,40,56,75,42,58,72,77,AI Engineer,57.5
7.45,Beginner,28,65,61,18,50,88,68,69,DevOps Engineer,55.88
5.75,Intermediate,75,28,25,48,44,23,68,42,Frontend Developer,44.12
8.49,Intermediate,75,78,64,16,31,27,42,74,Full Stack Developer,50.88
6.62,Advanced,57,41,55,98,38,54,90,62,AI Engineer,61.88
8.16,Advanced,23,60,38,93,37,67,83,84,AI Engineer,60.62
7.91,Beginner,84,84,81,13,14,26,64,48,Full Stack Developer,51.75
6.05,Intermediate,94,31,50,22,19,38,74,89,Frontend Developer,52.12
5.71,Beginner,75,36,40,39,25,42,64,88,Frontend Developer,51.12
6.56,Intermediate,52,65,67,22,29,74,85,40,Cyber Security Engineer,54.25
6.03,Beginner,26,59,42,40,30,85,87,61,Cloud Engineer,53.75
7.32,Intermediate,60,37,28,15,13,50,74,88,Mobile App Developer,45.62
5.73,Beginner,26,45,34,29,25,87,81,52,Cloud Engineer,47.38
7.83,Beginner,86,87,68,23,13,26,54,64,Full Stack Developer,52.62
6.79,Beginner,39,89,38,46,26,23,77,72,Java Developer,51.25
6.03,Beginner,52,48,91,18,68,23,61,81,Data Analyst,55.25
7.95,Intermediate,46,66,45,80,44,46,92,77,Python Developer,62.0
8.36,Intermediate,24,67,71,39,14,100,44,73,DevOps Engineer,54.0
8.43,Beginner,21,54,22,34,10,89,88,52,Cloud Engineer,46.25
7.18,Intermediate,38,67,60,10,26,75,75,63,Cyber Security Engineer,51.75
6.12,Intermediate,44,28,88,87,95,36,49,45,Data Scientist,59.0
7.54,Beginner,26,67,53,24,22,83,57,90,DevOps Engineer,52.75
7.61,Beginner,78,27,55,38,21,26,95,58,Mobile App Developer,49.75
5.73,Beginner,51,68,23,31,50,20,76,75,Java Developer,49.25
5.68,Advanced,22,42,43,89,39,70,90,49,AI Engineer,55.5
9.66,Advanced,42,60,47,47,29,31,81,51,Software Engineer,48.5
7.97,Intermediate,38,38,59,95,82,50,94,68,Machine Learning Engineer,65.5
6.67,Intermediate,46,67,55,64,30,30,83,88,Python Developer,57.88
9.1,Intermediate,33,57,49,16,49,33,81,73,Software Engineer,48.88
7.91,Beginner,55,51,90,27,85,26,66,70,Data Analyst,58.75
7.89,Intermediate,49,91,82,30,45,30,81,58,Backend Developer,58.25
6.63,Beginner,76,31,30,46,10,42,69,56,Frontend Developer,45.0
8.17,Intermediate,29,46,46,87,93,30,94,88,Machine Learning Engineer,64.12
7.79,Intermediate,46,87,50,56,47,26,93,71,Python Developer,59.5
6.62,Beginner,78,34,28,37,40,25,93,49,Mobile App Developer,48.0
7.72,Intermediate,84,60,24,28,41,24,61,79,Frontend Developer,50.12
9.15,Advanced,23,29,57,46,44,50,97,73,Software Engineer,52.38
6.3,Intermediate,38,62,27,51,22,39,78,66,Python Developer,47.88
9.19,Advanced,35,25,20,12,40,36,99,54,Software Engineer,40.12
8.39,Intermediate,40,34,40,25,36,22,97,44,Software Engineer,42.25
6.23,Intermediate,87,83,77,36,47,20,55,64,Full Stack Developer,58.62
6.15,Intermediate,55,45,43,35,18,100,90,82,Cloud Engineer,58.5
5.72,Beginner,23,61,46,76,22,21,84,75,Python Developer,51.0
9.03,Advanced,26,28,32,19,50,45,88,71,Software Engineer,44.88
7.83,Intermediate,45,63,72,45,46,83,87,78,Cyber Security Engineer,64.88
5.96,Intermediate,46,43,81,73,96,24,70,63,Data Scientist,62.0
9.05,Beginner,33,46,24,92,87,42,86,86,Machine Learning Engineer,62.0
9.66,Intermediate,60,44,58,93,84,20,76,75,Machine Learning Engineer,63.75
6.65,Intermediate,44,49,45,95,43,72,93,64,AI Engineer,63.12
6.05,Beginner,69,59,39,21,28,41,91,79,Mobile App Developer,53.38
5.63,Intermediate,42,91,80,45,13,41,83,58,Backend Developer,56.62
6.51,Intermediate,75,22,42,18,32,42,84,54,Mobile App Developer,46.12
8.32,Intermediate,60,83,42,51,20,33,80,88,Python Developer,57.12
7.53,Beginner,54,64,53,11,41,81,67,86,DevOps Engineer,57.12
6.83,Intermediate,51,87,81,45,41,87,85,60,Cyber Security Engineer,67.12
7.83,Beginner,42,83,66,33,14,90,97,90,Cyber Security Engineer,64.38
7.69,Intermediate,32,100,92,19,17,44,88,56,Backend Developer,56.0
7.26,Beginner,78,94,88,30,28,23,63,47,Full Stack Developer,56.38
7.76,Advanced,42,87,95,49,31,28,83,77,Backend Developer,61.5
6.71,Intermediate,83,35,40,38,39,37,89,79,Frontend Developer,55.0
6.23,Intermediate,21,65,49,21,38,34,94,69,Java Developer,48.88
7.63,Intermediate,70,76,84,22,22,36,41,55,Full Stack Developer,50.75
8.32,Beginner,37,72,78,13,40,71,73,65,Cyber Security Engineer,56.12
8.23,Advanced,21,41,59,89,41,54,89,86,AI Engineer,60.0
5.99,Beginner,52,34,63,74,97,41,50,55,Data Scientist,58.25
8.45,Intermediate,37,56,27,34,49,33,95,44,Software Engineer,46.88
8.13,Intermediate,70,87,84,31,42,32,63,83,Full Stack Developer,61.5
6.37,Advanced,34,82,84,48,36,35,95,64,Backend Developer,59.75
6.03,Intermediate,28,82,70,19,20,35,80,61,Backend Developer,49.38
8.28,Intermediate,32,41,44,90,35,65,86,67,AI Engineer,57.5
9.77,Intermediate,27,43,42,14,38,34,94,41,Software Engineer,41.62
8.43,Beginner,80,26,44,11,48,20,84,71,Mobile App Developer,48.0
6.31,Intermediate,44,22,60,83,47,70,78,70,AI Engineer,59.25
8.5,Beginner,59,49,37,100,78,45,78,83,Machine Learning Engineer,66.12
6.8,Intermediate,22,82,95,16,14,36,90,87,Backend Developer,55.25
6.47,Beginner,40,59,80,76,81,40,58,43,Data Scientist,59.62
7.9,Intermediate,21,26,77,10,85,44,52,85,Data Analyst,50.0
7.07,Intermediate,76,80,70,15,41,49,48,42,Full Stack Developer,52.62
6.05,Intermediate,31,70,75,31,41,86,75,76,Cyber Security Engineer,60.62
7.38,Intermediate,69,45,40,32,23,42,77,89,Mobile App Developer,52.12
6.91,Advanced,45,91,83,15,22,32,94,65,Backend Developer,55.88
8.16,Beginner,51,75,44,64,35,23,75,74,Python Developer,55.12
6.84,Intermediate,43,22,78,85,95,36,58,73,Data Scientist,61.25
5.84,Beginner,74,75,78,23,50,31,58,70,Full Stack Developer,57.38
6.45,Beginner,58,26,85,10,71,41,55,78,Data Analyst,53.0
6.47,Beginner,27,38,60,25,48,90,77,48,Cloud Engineer,51.62
5.96,Intermediate,46,20,88,34,83,40,48,79,Data Analyst,54.75
5.69,Intermediate,60,75,80,23,40,32,89,76,Backend Developer,59.38
7.05,Intermediate,77,51,39,40,23,33,71,44,Frontend Developer,47.25
8.49,Beginner,72,78,75,31,48,48,52,52,Full Stack Developer,57.0
5.78,Intermediate,22,89,48,54,18,20,94,87,Python Developer,54.0
8.34,Intermediate,22,49,27,35,12,88,88,43,Cloud Engineer,45.5
6.08,Beginner,95,50,40,27,46,35,71,60,Frontend Developer,53.0
7.34,Intermediate,50,49,67,75,93,42,69,77,Data Scientist,65.25
7.06,Beginner,48,30,76,86,95,23,59,62,Data Scientist,59.88
6.19,Beginner,21,32,92,13,89,45,66,83,Data Analyst,55.12
8.0,Intermediate,49,37,34,46,38,20,96,60,Software Engineer,47.5
6.59,Intermediate,84,89,62,45,45,42,48,64,Full Stack Developer,59.88
7.0,Beginner,41,72,38,39,36,45,78,83,Java Developer,54.0
8.05,Beginner,78,20,28,18,47,43,76,55,Mobile App Developer,45.62
6.56,Intermediate,30,70,46,48,18,43,87,88,Java Developer,53.75
6.79,Beginner,92,56,35,43,39,43,86,75,Frontend Developer,58.62
6.27,Intermediate,45,26,38,29,34,88,80,58,Cloud Engineer,49.75
8.68,Advanced,46,49,38,39,12,40,99,71,Software Engineer,49.25
6.12,Intermediate,58,50,76,65,83,30,47,79,Data Scientist,61.0
7.43,Intermediate,42,69,56,68,17,28,99,50,Python Developer,53.62
5.88,Beginner,80,42,53,18,37,50,65,40,Frontend Developer,48.12
6.83,Intermediate,54,62,78,42,31,93,44,42,DevOps Engineer,55.75
5.93,Intermediate,75,29,54,28,35,37,66,44,Frontend Developer,46.0
7.19,Intermediate,27,61,68,26,34,70,73,75,Cyber Security Engineer,54.25
7.01,Intermediate,53,42,30,28,36,92,85,56,Cloud Engineer,52.75
6.59,Intermediate,31,27,53,77,16,54,90,48,AI Engineer,49.5
6.44,Advanced,51,94,87,31,29,43,93,60,Backend Developer,61.0
8.41,Beginner,80,52,36,41,38,47,81,90,Mobile App Developer,58.12
7.01,Intermediate,37,62,71,16,32,72,71,49,Cyber Security Engineer,51.25
7.3,Beginner,85,93,67,30,31,47,70,82,Full Stack Developer,63.12
7.67,Intermediate,89,94,66,14,44,38,50,88,Full Stack Developer,60.38
8.22,Beginner,80,20,39,41,23,42,72,72,Frontend Developer,48.62
8.41,Advanced,25,36,36,30,26,44,87,59,Software Engineer,42.88
8.43,Beginner,63,58,22,26,10,33,72,74,Mobile App Developer,44.75
7.69,Beginner,29,56,65,83,87,49,50,44,Data Scientist,57.88
7.21,Intermediate,45,57,32,17,12,94,65,50,Cloud Engineer,46.5
6.04,Intermediate,52,76,33,49,34,31,98,75,Java Developer,56.0
7.71,Beginner,41,84,44,47,32,46,95,58,Java Developer,55.88
5.69,Advanced,51,90,82,30,48,42,74,46,Backend Developer,57.88
7.04,Beginner,32,65,58,42,37,94,43,88,DevOps Engineer,57.38
7.32,Intermediate,36,59,65,86,96,35,70,40,Data Scientist,60.88
6.43,Beginner,24,28,61,85,97,37,70,66,Data Scientist,58.5
7.28,Intermediate,45,65,85,35,16,83,89,52,Cyber Security Engineer,58.75
7.01,Intermediate,51,25,90,73,82,29,68,54,Data Scientist,59.0
7.54,Intermediate,85,78,87,29,35,46,47,48,Full Stack Developer,56.88
8.3,Beginner,55,48,60,66,95,50,60,66,Data Scientist,62.5
6.58,Beginner,49,47,39,21,28,88,64,60,Cloud Engineer,49.5
7.17,Advanced,52,22,49,85,23,51,82,46,AI Engineer,51.25
7.83,Advanced,36,79,72,38,26,33,72,44,Backend Developer,50.0
6.61,Advanced,55,91,77,49,14,50,76,83,Backend Developer,61.88
6.23,Beginner,51,52,27,29,32,86,80,41,Cloud Engineer,49.75
7.44,Intermediate,51,74,75,44,18,91,57,67,DevOps Engineer,59.62
5.87,Beginner,52,33,82,49,80,43,67,86,Data Analyst,61.5
5.87,Intermediate,41,82,70,24,19,74,88,47,Cyber Security Engineer,55.62
8.91,Intermediate,27,30,44,98,93,30,92,82,Machine Learning Engineer,62.0
6.06,Beginner,35,48,65,83,85,28,53,57,Data Scientist,56.75
5.52,Beginner,51,26,60,33,40,96,80,90,Cloud Engineer,59.5
5.73,Intermediate,81,40,51,33,45,46,76,83,Frontend Developer,56.88
7.71,Advanced,34,56,59,33,12,48,92,70,Software Engineer,50.5
7.3,Intermediate,45,86,78,11,16,64,77,50,Cyber Security Engineer,53.38
9.4,Intermediate,52,49,47,38,12,23,86,55,Software Engineer,45.25
5.69,Beginner,54,34,67,71,97,48,54,87,Data Scientist,64.0
8.49,Beginner,47,67,73,17,17,66,89,40,Cyber Security Engineer,52.0
6.1,Intermediate,27,33,60,48,15,99,80,81,Cloud Engineer,55.38
5.51,Beginner,78,30,50,47,25,20,62,57,Frontend Developer,46.12
7.4,Beginner,20,66,54,30,21,97,52,58,DevOps Engineer,49.75
5.73,Beginner,94,34,50,28,26,21,89,51,Frontend Developer,49.12
8.69,Beginner,40,54,22,96,92,21,94,43,Machine Learning Engineer,57.75
7.7,Beginner,51,78,79,32,22,80,56,52,DevOps Engineer,56.25
5.6,Intermediate,21,61,55,29,17,91,66,87,DevOps Engineer,53.38
6.96,Beginner,48,20,96,44,89,31,64,80,Data Analyst,59.0
5.53,Beginner,31,76,47,13,48,21,79,90,Java Developer,50.62
6.03,Intermediate,32,26,47,25,38,100,74,40,Cloud Engineer,47.75
6.75,Advanced,46,57,22,98,48,61,83,61,AI Engineer,59.5
5.53,Advanced,26,77,87,34,50,30,83,83,Backend Developer,58.75
7.9,Intermediate,29,38,43,75,13,59,84,58,AI Engineer,49.88
5.93,Intermediate,67,42,45,40,35,32,90,52,Mobile App Developer,50.38
7.46,Beginner,33,43,76,66,95,45,69,52,Data Scientist,59.88
8.35,Beginner,60,25,44,14,45,47,91,82,Mobile App Developer,51.0
9.56,Intermediate,26,32,57,19,35,37,96,60,Software Engineer,45.25
8.29,Intermediate,47,70,72,40,31,82,61,59,DevOps Engineer,57.75
6.47,Beginner,60,75,85,32,25,77,87,57,Cyber Security Engineer,62.25
9.07,Advanced,33,55,21,32,17,50,100,89,Software Engineer,49.62
7.14,Beginner,37,30,62,88,95,37,42,63,Data Scientist,56.75
9.41,Intermediate,38,25,36,89,85,31,80,55,Machine Learning Engineer,54.88
7.25,Intermediate,28,66,37,67,22,28,77,66,Python Developer,48.88
6.0,Intermediate,32,60,21,56,23,49,77,41,Python Developer,44.88
5.98,Beginner,32,83,53,72,34,43,92,76,Python Developer,60.62
7.9,Advanced,51,76,86,37,48,37,84,87,Backend Developer,63.25
6.34,Beginner,57,78,46,71,39,25,95,89,Python Developer,62.5
7.99,Advanced,35,44,50,24,10,21,82,48,Software Engineer,39.25
7.98,Beginner,59,76,60,23,28,20,95,86,Java Developer,55.88
8.09,Beginner,31,32,87,73,93,40,61,80,Data Scientist,62.12
7.51,Advanced,37,48,47,79,24,60,93,80,AI Engineer,58.5
7.83,Intermediate,58,23,40,14,34,87,62,40,Cloud Engineer,44.75
6.76,Beginner,27,41,67,82,88,36,47,51,Data Scientist,54.88
8.28,Advanced,45,58,57,83,22,64,85,89,AI Engineer,62.88
6.75,Beginner,88,82,73,48,43,36,45,57,Full Stack Developer,59.0
5.62,Intermediate,23,82,62,31,30,82,49,41,DevOps Engineer,50.0
9.47,Intermediate,29,55,58,87,89,38,91,61,Machine Learning Engineer,63.5
6.88,Intermediate,59,88,57,30,39,31,79,61,Java Developer,55.5
6.39,Intermediate,38,78,77,23,37,30,91,64,Backend Developer,54.75
8.0,Intermediate,56,76,95,22,40,30,70,56,Backend Developer,55.62
7.84,Intermediate,22,88,78,38,28,80,47,42,DevOps Engineer,52.88
8.16,Intermediate,31,51,66,90,84,40,59,47,Data Scientist,58.5
8.5,Beginner,43,89,51,62,27,20,85,55,Python Developer,54.0
5.58,Beginner,35,25,35,50,24,87,66,89,Cloud Engineer,51.38
5.59,Beginner,35,29,46,33,17,95,64,85,Cloud Engineer,50.5
9.45,Advanced,23,28,45,10,45,49,98,74,Software Engineer,46.5
7.4,Intermediate,35,49,79,29,80,47,56,81,Data Analyst,57.0
7.55,Beginner,43,37,47,10,27,98,71,73,Cloud Engineer,50.75
7.12,Beginner,73,78,70,35,36,32,57,79,Full Stack Developer,57.5
7.12,Intermediate,71,26,36,20,23,45,79,62,Mobile App Developer,45.25
7.98,Intermediate,28,29,61,88,99,45,69,90,Data Scientist,63.62
6.72,Intermediate,56,39,31,92,35,76,70,70,AI Engineer,58.62
7.01,Beginner,25,68,25,32,46,37,86,85,Java Developer,50.5
7.34,Intermediate,49,70,51,23,47,36,80,76,Java Developer,54.0
8.37,Advanced,49,49,55,100,17,66,85,74,AI Engineer,61.88
7.11,Beginner,78,26,53,28,14,29,93,85,Mobile App Developer,50.75
8.11,Beginner,31,65,69,21,27,89,95,74,Cyber Security Engineer,58.88
8.49,Beginner,92,51,52,25,32,30,81,80,Frontend Developer,55.38
6.26,Beginner,29,66,37,64,19,46,87,90,Python Developer,54.75
7.68,Beginner,42,74,71,38,28,88,99,71,Cyber Security Engineer,63.88
6.64,Intermediate,57,24,42,26,26,94,78,63,Cloud Engineer,51.25
7.85,Intermediate,74,91,64,38,10,27,58,84,Full Stack Developer,55.75
8.26,Intermediate,53,75,75,19,31,65,76,56,Cyber Security Engineer,56.25
8.14,Beginner,50,39,26,46,10,86,86,54,Cloud Engineer,49.62
6.53,Beginner,37,32,85,89,99,45,50,45,Data Scientist,60.25
6.04,Beginner,41,58,36,11,18,90,79,78,Cloud Engineer,51.38
6.06,Beginner,48,72,49,32,40,26,100,79,Java Developer,55.75
6.77,Intermediate,54,55,63,79,88,34,70,77,Data Scientist,65.0
8.26,Advanced,32,52,32,25,12,37,80,80,Software Engineer,43.75
7.96,Beginner,32,88,66,46,40,88,93,57,Cyber Security Engineer,63.75
7.05,Beginner,46,89,74,42,42,98,56,80,DevOps Engineer,65.88
8.45,Beginner,29,34,41,96,79,25,91,62,Machine Learning Engineer,57.12
6.43,Advanced,57,54,48,83,11,50,70,78,AI Engineer,56.38
9.28,Advanced,32,33,53,40,20,28,93,61,Software Engineer,45.0
8.45,Beginner,38,59,46,89,85,47,92,82,Machine Learning Engineer,67.25
7.8,Advanced,50,81,80,13,38,39,82,53,Backend Developer,54.5
5.66,Beginner,51,28,63,74,83,35,58,61,Data Scientist,56.62
6.77,Intermediate,20,70,30,42,39,33,76,58,Java Developer,46.0
5.67,Beginner,43,43,81,85,84,39,62,52,Data Scientist,61.12
7.58,Intermediate,51,60,84,16,28,77,99,60,Cyber Security Engineer,59.38
8.18,Beginner,21,64,81,36,15,84,76,80,Cyber Security Engineer,57.12
7.42,Beginner,57,89,79,21,10,91,57,82,DevOps Engineer,60.75
8.0,Beginner,34,60,49,95,92,36,76,70,Machine Learning Engineer,64.0
7.94,Intermediate,89,78,64,43,22,47,41,74,Full Stack Developer,57.25
7.44,Beginner,60,62,74,48,30,69,84,57,Cyber Security Engineer,60.5
7.75,Intermediate,27,64,75,39,16,63,98,90,Cyber Security Engineer,59.0
8.01,Intermediate,56,20,44,98,76,50,76,52,Machine Learning Engineer,59.0
7.22,Intermediate,35,79,23,33,21,28,79,48,Java Developer,43.25
6.27,Beginner,95,29,57,10,30,50,71,54,Frontend Developer,49.5
6.22,Intermediate,49,60,100,13,80,24,40,74,Data Analyst,55.0
6.31,Beginner,58,29,90,69,93,46,51,61,Data Scientist,62.12
6.82,Intermediate,34,22,65,88,88,46,65,65,Data Scientist,59.12
8.47,Intermediate,30,62,48,52,24,47,89,68,Python Developer,52.5
6.98,Beginner,38,27,88,75,95,43,40,60,Data Scientist,58.25
8.13,Intermediate,44,24,23,32,41,97,83,72,Cloud Engineer,52.0
7.73,Beginner,33,71,63,16,43,89,90,88,Cyber Security Engineer,61.62
5.85,Beginner,38,24,60,75,87,31,58,59,Data Scientist,54.0
7.83,Intermediate,36,76,73,38,39,83,55,68,DevOps Engineer,58.5
8.06,Intermediate,35,83,76,43,18,61,99,43,Cyber Security Engineer,57.25
8.26,Intermediate,29,80,48,79,33,38,91,71,Python Developer,58.62
7.24,Intermediate,26,34,23,95,40,56,75,77,AI Engineer,53.25
6.18,Intermediate,20,33,31,92,16,73,91,57,AI Engineer,51.62
7.54,Beginner,57,67,40,72,12,33,77,43,Python Developer,50.12
6.5,Advanced,45,99,86,30,35,40,87,89,Backend Developer,63.88
9.33,Beginner,60,58,37,97,76,29,95,90,Machine Learning Engineer,67.75
6.06,Intermediate,73,89,69,35,22,20,55,70,Full Stack Developer,54.12
6.41,Beginner,36,81,25,69,46,47,77,44,Python Developer,53.12
6.75,Beginner,55,77,35,30,18,48,76,68,Java Developer,50.88
6.54,Beginner,40,61,84,32,42,82,79,60,Cyber Security Engineer,60.0
6.61,Beginner,52,80,61,22,46,71,90,51,Cyber Security Engineer,59.12
7.14,Beginner,52,86,34,61,35,44,88,53,Python Developer,56.62
9.37,Advanced,36,25,46,15,38,48,93,88,Software Engineer,48.62
6.54,Intermediate,57,73,45,23,38,47,76,66,Java Developer,53.12
6.42,Intermediate,49,75,52,53,22,34,98,72,Python Developer,56.88
7.17,Beginner,59,68,37,56,17,25,81,69,Python Developer,51.5
6.8,Intermediate,29,44,83,78,100,37,60,87,Data Scientist,64.75
8.53,Intermediate,48,38,22,45,31,25,98,68,Software Engineer,46.88
7.6,Beginner,61,35,57,17,43,43,86,58,Mobile App Developer,50.0
7.14,Beginner,23,85,74,41,24,85,47,52,DevOps Engineer,53.88
7.17,Intermediate,54,70,51,11,17,41,89,83,Java Developer,52.0
8.47,Beginner,22,44,22,87,75,28,93,72,Machine Learning Engineer,55.38
7.87,Intermediate,38,29,28,18,42,41,91,47,Software Engineer,41.75
7.67,Beginner,94,43,37,41,35,20,69,52,Frontend Developer,48.88
7.95,Intermediate,55,29,82,26,90,48,60,74,Data Analyst,58.0
6.83,Advanced,57,79,85,19,39,48,74,41,Backend Developer,55.25
8.46,Beginner,34,26,27,47,22,94,69,90,Cloud Engineer,51.12
7.87,Beginner,37,74,68,44,34,70,81,87,Cyber Security Engineer,61.88
8.28,Beginner,44,77,25,35,23,39,100,70,Java Developer,51.62
7.05,Intermediate,58,60,80,78,86,36,60,78,Data Scientist,67.0
8.13,Intermediate,47,44,37,97,78,32,75,74,Machine Learning Engineer,60.5
6.69,Beginner,45,26,29,50,49,90,78,84,Cloud Engineer,56.38
6.24,Beginner,35,29,56,20,49,89,88,41,Cloud Engineer,50.88
6.03,Intermediate,56,67,53,34,10,97,63,46,DevOps Engineer,53.25
5.64,Intermediate,95,24,28,49,19,24,82,58,Frontend Developer,47.38
6.99,Intermediate,81,77,87,18,12,40,63,84,Full Stack Developer,57.75
7.38,Beginner,81,86,70,46,48,49,70,90,Full Stack Developer,67.5
6.74,Intermediate,37,36,99,20,71,37,43,83,Data Analyst,53.25
7.25,Beginner,28,79,61,12,31,60,89,74,Cyber Security Engineer,54.25
9.79,Advanced,40,57,34,47,18,22,90,46,Software Engineer,44.25
5.77,Intermediate,89,52,29,21,19,42,61,68,Frontend Developer,47.62
6.41,Beginner,73,54,32,17,32,39,74,75,Mobile App Developer,49.5
6.43,Beginner,24,74,61,24,43,82,40,82,DevOps Engineer,53.75
7.47,Advanced,54,94,84,49,48,27,82,74,Backend Developer,64.0
6.92,Intermediate,42,43,35,90,40,72,77,79,AI Engineer,59.75
5.68,Intermediate,89,21,23,32,29,45,74,54,Mobile App Developer,45.88
6.12,Beginner,100,35,57,13,31,42,79,80,Frontend Developer,54.62
7.51,Beginner,85,21,26,35,21,49,78,69,Mobile App Developer,48.0
6.93,Beginner,79,51,39,11,41,30,73,40,Frontend Developer,45.5
8.25,Intermediate,79,53,40,40,23,29,87,57,Mobile App Developer,51.0
6.28,Beginner,89,90,69,43,24,36,65,68,Full Stack Developer,60.5
5.76,Beginner,40,84,46,58,23,31,99,72,Python Developer,56.62
7.76,Beginner,57,65,67,33,41,81,59,43,DevOps Engineer,55.75
6.04,Beginner,22,43,55,15,33,97,85,68,Cloud Engineer,52.25
7.27,Beginner,65,38,58,16,22,49,76,64,Mobile App Developer,48.5
5.62,Intermediate,23,67,36,69,20,50,97,70,Python Developer,54.0
7.76,Advanced,35,93,90,25,33,22,84,79,Backend Developer,57.62
7.05,Beginner,76,28,52,16,16,40,81,72,Mobile App Developer,47.62
8.31,Advanced,25,95,93,36,31,46,83,63,Backend Developer,59.0
7.07,Intermediate,58,73,57,18,22,95,50,78,DevOps Engineer,56.38
7.76,Intermediate,33,22,45,22,23,42,87,67,Software Engineer,42.62
6.57,Advanced,41,94,90,39,17,46,91,86,Backend Developer,63.0
5.78,Beginner,24,22,80,29,79,44,69,85,Data Analyst,54.0
6.57,Intermediate,53,63,52,30,33,95,63,42,DevOps Engineer,53.88
6.45,Intermediate,28,40,27,25,40,93,84,56,Cloud Engineer,49.12
6.54,Intermediate,60,71,25,34,22,41,75,87,Java Developer,51.88
7.56,Intermediate,44,89,72,16,37,98,46,87,DevOps Engineer,61.12
5.54,Beginner,65,23,46,13,15,49,92,68,Mobile App Developer,46.38
6.37,Beginner,81,44,32,16,19,37,85,71,Mobile App Developer,48.12
9.59,Beginner,51,37,59,92,80,36,85,58,Machine Learning Engineer,62.25
5.64,Beginner,98,50,53,38,25,42,73,70,Frontend Developer,56.12
6.64,Intermediate,22,79,73,48,50,97,54,64,DevOps Engineer,60.88
6.68,Advanced,43,32,35,92,48,60,83,60,AI Engineer,56.62
7.88,Intermediate,49,49,35,17,47,26,84,87,Software Engineer,49.25
7.74,Beginner,33,68,66,23,18,97,61,42,DevOps Engineer,51.0
7.15,Intermediate,34,33,60,73,93,20,44,72,Data Scientist,53.62
7.56,Intermediate,33,59,54,85,79,28,84,48,Machine Learning Engineer,58.75
6.49,Beginner,90,80,60,14,17,23,56,81,Full Stack Developer,52.62
7.83,Beginner,42,72,65,32,20,72,71,64,Cyber Security Engineer,54.75
6.56,Beginner,95,81,71,43,25,49,67,80,Full Stack Developer,63.88
6.58,Intermediate,47,43,60,91,49,70,94,78,AI Engineer,66.5
7.25,Intermediate,71,35,31,40,25,48,94,47,Mobile App Developer,48.88
5.96,Intermediate,87,52,35,43,21,33,60,51,Frontend Developer,47.75
6.26,Intermediate,49,97,90,34,19,20,88,76,Backend Developer,59.12
7.64,Beginner,88,23,33,34,46,20,90,53,Frontend Developer,48.38
5.84,Intermediate,45,87,45,59,47,25,79,40,Python Developer,53.38
6.88,Intermediate,54,74,80,29,27,89,43,87,DevOps Engineer,60.38
7.27,Intermediate,20,65,42,43,46,34,83,68,Java Developer,50.12
7.1,Intermediate,57,90,36,58,43,33,80,58,Python Developer,56.88
6.39,Intermediate,99,45,52,20,12,25,87,84,Frontend Developer,53.0
8.12,Intermediate,36,85,35,57,36,39,76,67,Python Developer,53.88
7.62,Beginner,27,82,24,17,31,30,99,83,Java Developer,49.12
7.13,Beginner,71,34,24,13,26,38,73,68,Mobile App Developer,43.38
6.72,Beginner,30,64,56,67,32,33,83,77,Python Developer,55.25
7.33,Intermediate,52,66,35,19,50,28,75,56,Java Developer,47.62
6.43,Intermediate,93,84,67,36,24,34,65,77,Full Stack Developer,60.0
5.73,Intermediate,78,72,71,17,16,23,58,49,Full Stack Developer,48.0
5.86,Advanced,25,98,84,27,44,20,74,45,Backend Developer,52.12
6.48,Beginner,20,75,72,20,12,85,93,84,Cyber Security Engineer,57.62
8.08,Beginner,100,47,48,17,13,41,81,62,Frontend Developer,51.12
8.41,Advanced,47,31,51,96,13,58,73,61,AI Engineer,53.75
7.99,Intermediate,54,28,33,30,11,35,96,83,Software Engineer,46.25
6.7,Intermediate,47,71,54,31,42,33,98,77,Java Developer,56.62
9.15,Beginner,24,47,44,88,92,28,90,69,Machine Learning Engineer,60.25
7.04,Intermediate,31,74,67,33,46,85,68,58,DevOps Engineer,57.75
7.72,Intermediate,58,41,74,88,100,50,56,80,Data Scientist,68.38
6.48,Intermediate,46,24,90,13,66,34,67,83,Data Analyst,52.88
6.08,Intermediate,33,70,52,17,10,38,79,59,Java Developer,44.75
6.64,Beginner,47,85,66,16,19,83,65,70,DevOps Engineer,56.38
9.0,Intermediate,34,23,47,96,80,40,87,42,Machine Learning Engineer,56.12
7.73,Advanced,48,81,85,15,40,42,85,89,Backend Developer,60.62
7.43,Intermediate,75,41,48,41,43,29,89,51,Frontend Developer,52.12
6.91,Beginner,47,33,75,20,88,45,61,74,Data Analyst,55.38
6.8,Intermediate,29,72,29,52,24,48,100,81,Python Developer,54.38
7.72,Intermediate,43,87,20,66,22,40,88,48,Python Developer,51.75
7.8,Beginner,28,28,85,75,87,25,51,68,Data Scientist,55.88
8.12,Beginner,56,47,85,89,82,25,64,80,Data Scientist,66.0
7.53,Intermediate,43,74,87,30,30,63,70,80,Cyber Security Engineer,59.62
7.28,Intermediate,55,25,81,84,91,24,42,81,Data Scientist,60.38
6.04,Intermediate,53,66,20,46,27,38,99,67,Java Developer,52.0
7.99,Intermediate,41,49,58,10,29,41,94,46,Software Engineer,46.0
6.73,Advanced,54,21,20,95,36,50,70,86,AI Engineer,54.0
7.08,Beginner,64,57,30,48,15,38,86,88,Mobile App Developer,53.25
7.75,Beginner,45,43,33,49,27,96,73,88,Cloud Engineer,56.75
6.93,Intermediate,27,76,67,17,28,65,77,90,Cyber Security Engineer,55.88
6.42,Intermediate,80,45,57,50,49,38,60,61,Frontend Developer,55.0
7.9,Advanced,49,46,41,81,29,51,88,87,AI Engineer,59.0
5.89,Beginner,50,61,75,16,42,100,43,85,DevOps Engineer,59.0
8.13,Intermediate,22,86,81,47,32,60,87,57,Cyber Security Engineer,59.0
6.38,Intermediate,40,54,22,27,10,93,71,76,Cloud Engineer,49.12
8.47,Beginner,38,33,28,27,13,96,70,80,Cloud Engineer,48.12
8.37,Intermediate,27,23,22,93,95,48,84,79,Machine Learning Engineer,58.88
6.52,Beginner,60,79,71,21,11,84,75,87,Cyber Security Engineer,61.0
5.56,Beginner,41,70,28,40,45,38,76,88,Java Developer,53.25
8.13,Intermediate,20,79,45,48,24,21,86,63,Java Developer,48.25
6.32,Intermediate,29,45,77,88,87,40,65,57,Data Scientist,61.0
6.56,Intermediate,76,87,62,12,47,35,63,62,Full Stack Developer,55.5
8.9,Intermediate,30,53,35,50,42,42,82,46,Software Engineer,47.5
7.35,Intermediate,31,29,84,79,88,23,55,85,Data Scientist,59.25
5.97,Intermediate,70,75,66,27,19,20,41,86,Full Stack Developer,50.5
5.92,Beginner,36,26,91,12,75,32,60,71,Data Analyst,50.38
7.4,Intermediate,52,85,52,38,17,96,67,54,DevOps Engineer,57.62
8.11,Beginner,20,72,85,21,38,68,100,83,Cyber Security Engineer,60.88
6.09,Intermediate,86,82,77,38,15,24,51,46,Full Stack Developer,52.38
7.07,Beginner,41,77,89,28,13,61,96,54,Cyber Security Engineer,57.38
6.78,Beginner,47,38,75,84,82,48,62,68,Data Scientist,63.0
8.18,Beginner,74,79,80,12,22,40,43,53,Full Stack Developer,50.38
9.62,Intermediate,42,45,26,86,80,27,94,88,Machine Learning Engineer,61.0
7.98,Beginner,37,48,39,95,84,28,78,75,Machine Learning Engineer,60.5
6.23,Intermediate,98,33,52,30,49,32,67,69,Frontend Developer,53.75
6.52,Intermediate,32,56,70,75,81,23,49,61,Data Scientist,55.88
9.28,Advanced,20,53,46,10,39,21,100,58,Software Engineer,43.38
7.99,Intermediate,32,58,56,41,37,39,97,55,Software Engineer,51.88
9.14,Advanced,58,44,53,43,49,32,89,63,Software Engineer,53.88
6.24,Intermediate,78,44,21,29,26,49,78,63,Mobile App Developer,48.5
7.12,Intermediate,27,59,20,82,33,66,72,84,AI Engineer,55.38
8.56,Beginner,39,25,20,92,89,36,93,60,Machine Learning Engineer,56.75
5.77,Intermediate,56,83,93,39,39,43,85,90,Backend Developer,66.0
7.58,Intermediate,38,60,68,41,21,62,85,78,Cyber Security Engineer,56.62
7.0,Intermediate,32,84,59,42,15,46,80,54,Java Developer,51.5
7.21,Beginner,94,89,61,25,38,32,56,90,Full Stack Developer,60.62
7.7,Intermediate,48,55,40,84,15,64,94,77,AI Engineer,59.62
6.48,Intermediate,45,61,57,40,36,99,48,58,DevOps Engineer,55.5
9.31,Intermediate,28,33,47,93,93,34,86,83,Machine Learning Engineer,62.12
9.05,Beginner,43,34,31,94,84,23,87,58,Machine Learning Engineer,56.75
6.42,Beginner,60,43,22,35,36,37,83,57,Mobile App Developer,46.62
9.21,Intermediate,33,29,49,87,94,32,79,51,Machine Learning Engineer,56.75
7.26,Intermediate,33,97,75,16,18,26,92,41,Backend Developer,49.75
6.25,Intermediate,42,80,50,50,39,36,95,46,Python Developer,54.75
6.55,Beginner,81,92,74,50,47,44,56,89,Full Stack Developer,66.62
8.5,Intermediate,33,40,41,35,14,48,98,62,Software Engineer,46.38
7.41,Beginner,31,83,43,69,33,46,97,70,Python Developer,59.0
6.67,Intermediate,94,26,21,38,49,45,61,58,Frontend Developer,49.0
5.89,Beginner,40,68,74,19,24,88,69,54,DevOps Engineer,54.5
8.31,Intermediate,34,30,52,16,40,38,100,62,Software Engineer,46.5
7.02,Intermediate,55,75,48,31,41,20,88,88,Java Developer,55.75
7.89,Intermediate,51,72,78,20,44,87,76,78,Cyber Security Engineer,63.25
6.34,Beginner,47,67,28,77,29,24,87,83,Python Developer,55.25
7.72,Intermediate,39,61,79,40,17,73,81,65,Cyber Security Engineer,56.88
6.1,Intermediate,56,74,33,65,27,33,96,79,Python Developer,57.88
6.95,Intermediate,54,82,73,42,29,82,57,90,DevOps Engineer,63.62
6.99,Intermediate,29,100,70,14,46,50,95,53,Backend Developer,57.12
8.13,Beginner,42,22,27,95,82,24,93,60,Machine Learning Engineer,55.62
7.31,Intermediate,36,64,76,37,39,81,68,46,DevOps Engineer,55.88
7.03,Beginner,66,55,27,23,15,48,71,54,Mobile App Developer,44.88
6.93,Intermediate,64,49,34,12,36,42,95,69,Mobile App Developer,50.12
7.41,Beginner,60,20,62,77,93,46,44,54,Data Scientist,57.0
7.54,Advanced,49,45,25,31,24,30,100,56,Software Engineer,45.0
9.29,Intermediate,50,50,24,50,17,39,85,80,Software Engineer,49.38
8.31,Beginner,82,27,59,33,32,35,77,57,Frontend Developer,50.25
6.84,Intermediate,32,72,37,49,12,32,90,57,Java Developer,47.62
8.48,Beginner,21,71,52,21,46,95,69,63,DevOps Engineer,54.75
6.27,Intermediate,60,26,60,77,19,80,74,44,AI Engineer,55.0
7.81,Intermediate,35,40,48,94,78,38,88,84,Machine Learning Engineer,63.12
7.04,Intermediate,58,59,53,92,45,57,87,89,AI Engineer,67.5
9.92,Intermediate,56,47,22,86,92,50,89,47,Machine Learning Engineer,61.12
6.9,Beginner,47,57,33,25,34,85,72,43,Cloud Engineer,49.5
7.74,Intermediate,50,69,74,37,49,90,44,65,DevOps Engineer,59.75
6.22,Advanced,48,25,35,91,39,60,71,70,AI Engineer,54.88
6.21,Intermediate,76,91,65,10,37,42,43,56,Full Stack Developer,52.5
6.21,Beginner,31,60,23,64,26,48,83,57,Python Developer,49.0
8.36,Intermediate,54,41,90,39,72,21,45,87,Data Analyst,56.12
8.64,Intermediate,57,33,45,18,29,23,93,67,Software Engineer,45.62
8.73,Advanced,58,27,60,31,20,33,87,55,Software Engineer,46.38
5.66,Beginner,20,50,81,17,90,41,56,87,Data Analyst,55.25
7.99,Beginner,94,74,81,18,11,47,67,62,Full Stack Developer,56.75
7.86,Advanced,45,36,58,27,17,21,83,61,Software Engineer,43.5
6.67,Intermediate,88,34,46,36,42,39,71,50,Mobile App Developer,50.75
8.56,Beginner,58,44,35,92,84,25,95,75,Machine Learning Engineer,63.5
8.26,Beginner,44,74,64,49,23,96,69,46,DevOps Engineer,58.12
7.17,Intermediate,92,60,30,25,34,25,89,82,Frontend Developer,54.62
6.05,Intermediate,31,66,40,57,18,34,94,75,Python Developer,51.88
7.18,Intermediate,60,27,87,42,73,20,56,93,Data Analyst,57.25
7.45,Beginner,60,68,79,15,25,82,41,53,DevOps Engineer,52.88
7.06,Intermediate,51,22,29,96,31,60,82,43,AI Engineer,51.75
5.8,Advanced,51,92,81,35,25,22,77,71,Backend Developer,56.75
8.11,Intermediate,47,31,37,100,43,65,81,56,AI Engineer,57.5
6.74,Beginner,56,37,51,37,12,100,69,60,Cloud Engineer,52.75
8.04,Beginner,82,94,71,16,47,49,54,57,Full Stack Developer,58.75
6.81,Beginner,66,24,38,35,40,26,72,90,Mobile App Developer,48.88
6.79,Intermediate,32,79,31,52,16,34,87,49,Python Developer,47.5
7.33,Beginner,48,55,37,36,45,95,86,71,Cloud Engineer,59.12
8.99,Intermediate,42,43,55,20,27,34,81,41,Software Engineer,42.88
6.38,Beginner,27,46,38,40,29,98,79,80,Cloud Engineer,54.62
8.27,Advanced,25,97,88,37,16,20,77,69,Backend Developer,53.62
5.98,Beginner,82,37,36,47,15,50,87,57,Frontend Developer,51.38
7.78,Intermediate,23,68,65,21,39,82,83,83,Cyber Security Engineer,58.0
7.85,Intermediate,38,74,57,43,11,34,81,81,Java Developer,52.38
7.99,Intermediate,21,21,23,14,32,32,81,78,Software Engineer,37.75
6.93,Beginner,95,52,21,19,17,28,86,66,Frontend Developer,48.0
7.58,Intermediate,40,37,54,34,49,86,69,52,Cloud Engineer,52.62
7.64,Intermediate,45,60,21,34,11,90,68,79,Cloud Engineer,51.0
5.58,Intermediate,47,83,22,68,17,34,79,67,Python Developer,52.12
5.75,Beginner,35,50,87,29,69,24,54,83,Data Analyst,53.88
5.89,Advanced,48,75,70,23,22,20,92,44,Backend Developer,49.25
7.02,Beginner,33,90,35,13,48,40,91,82,Java Developer,54.0
5.84,Advanced,28,55,35,96,43,78,71,80,AI Engineer,60.75
6.68,Intermediate,91,29,22,18,18,37,78,82,Frontend Developer,46.88
7.86,Beginner,20,73,20,36,36,20,79,65,Java Developer,43.62
6.67,Beginner,55,74,30,27,11,22,78,65,Java Developer,45.25
5.86,Beginner,84,27,53,34,17,41,73,66,Frontend Developer,49.38
8.4,Beginner,60,25,42,85,87,38,90,59,Machine Learning Engineer,60.75
6.62,Intermediate,21,56,57,23,39,92,62,90,Cloud Engineer,55.0
7.33,Beginner,73,45,35,29,10,24,74,87,Mobile App Developer,47.12
6.57,Beginner,22,80,49,37,25,28,75,76,Java Developer,49.0
6.49,Beginner,76,35,30,39,16,28,82,84,Frontend Developer,48.75
6.23,Beginner,25,68,58,35,15,83,47,51,DevOps Engineer,47.75
6.31,Intermediate,22,45,76,21,87,27,50,87,Data Analyst,51.88
7.69,Beginner,50,73,42,47,44,23,75,61,Java Developer,51.88
8.06,Intermediate,24,81,70,11,42,29,85,86,Backend Developer,53.5
5.57,Intermediate,32,65,86,37,22,74,76,88,Cyber Security Engineer,60.0
7.73,Beginner,46,27,37,45,24,98,78,71,Cloud Engineer,53.25
8.38,Intermediate,31,27,53,90,88,27,81,89,Machine Learning Engineer,60.75
9.58,Intermediate,45,46,57,48,20,28,88,71,Software Engineer,50.38
6.24,Beginner,29,34,21,32,17,91,60,73,Cloud Engineer,44.62
5.71,Beginner,26,87,32,70,46,34,96,84,Python Developer,59.38
6.74,Beginner,25,86,58,17,21,45,98,72,Java Developer,52.75
7.13,Intermediate,59,53,64,67,93,44,42,65,Data Scientist,60.88
7.48,Advanced,40,97,86,30,40,25,84,81,Backend Developer,60.38
7.51,Intermediate,53,52,60,90,86,39,62,40,Data Scientist,60.25
8.46,Beginner,41,84,84,14,40,90,89,74,Cyber Security Engineer,64.5
6.35,Intermediate,48,93,70,39,47,49,88,88,Backend Developer,65.25
5.75,Beginner,70,55,56,42,21,45,87,46,Mobile App Developer,52.75
8.21,Beginner,58,56,43,40,16,93,71,71,Cloud Engineer,56.0
6.35,Intermediate,34,27,60,24,39,89,71,55,Cloud Engineer,49.88
7.62,Beginner,30,72,27,51,44,22,88,63,Python Developer,49.62
6.21,Intermediate,38,50,83,85,86,28,46,75,Data Scientist,61.38
7.62,Advanced,27,42,50,91,13,71,70,61,AI Engineer,53.12
7.58,Beginner,60,52,96,43,88,23,54,71,Data Analyst,60.88
5.81,Intermediate,59,24,85,74,90,33,53,59,Data Scientist,59.62
8.31,Beginner,78,36,35,23,43,29,80,86,Frontend Developer,51.25
6.82,Beginner,43,29,93,23,84,22,66,75,Data Analyst,54.38
6.9,Beginner,55,85,27,61,33,43,95,52,Python Developer,56.38
8.49,Intermediate,31,28,48,85,91,48,80,54,Machine Learning Engineer,58.12
8.46,Intermediate,52,85,88,28,10,23,95,40,Backend Developer,52.62
6.48,Intermediate,25,55,34,49,37,95,66,72,Cloud Engineer,54.12
8.47,Advanced,37,34,43,13,26,47,83,67,Software Engineer,43.75
5.56,Intermediate,87,38,20,27,38,44,81,90,Mobile App Developer,53.12
7.96,Intermediate,40,62,81,39,15,69,97,65,Cyber Security Engineer,58.5
9.61,Intermediate,21,30,47,39,50,43,90,65,Software Engineer,48.12
7.53,Beginner,60,20,28,49,17,89,88,54,Cloud Engineer,50.62
7.38,Intermediate,51,85,70,49,45,38,74,53,Backend Developer,58.12
8.0,Intermediate,22,71,37,22,18,40,83,85,Java Developer,47.25
7.73,Intermediate,53,59,90,87,88,40,54,49,Data Scientist,65.0
5.62,Beginner,91,91,73,35,18,26,53,47,Full Stack Developer,54.25
6.14,Intermediate,33,44,57,25,47,93,72,62,Cloud Engineer,54.12
6.35,Beginner,39,78,20,70,29,31,99,65,Python Developer,53.88
7.44,Beginner,23,57,21,22,40,90,81,45,Cloud Engineer,47.38
7.25,Beginner,76,20,57,37,17,34,80,76,Frontend Developer,49.62
6.38,Beginner,46,76,36,49,37,37,79,57,Java Developer,52.12
5.99,Advanced,29,87,89,11,25,36,76,88,Backend Developer,55.12
6.73,Intermediate,27,81,57,64,26,38,79,43,Python Developer,51.88
6.22,Beginner,90,72,89,20,32,30,68,89,Full Stack Developer,61.25
6.05,Beginner,50,78,24,27,24,23,95,90,Java Developer,51.38
8.45,Advanced,26,55,48,84,43,50,79,80,AI Engineer,58.12
6.16,Intermediate,37,57,71,69,85,42,69,45,Data Scientist,59.38
6.52,Intermediate,41,20,47,47,27,87,61,43,Cloud Engineer,46.62
5.8,Intermediate,40,71,72,35,47,70,99,56,Cyber Security Engineer,61.25
7.19,Intermediate,86,56,54,44,23,36,92,75,Mobile App Developer,58.25
8.39,Intermediate,76,93,64,38,25,27,41,72,Full Stack Developer,54.5
5.51,Intermediate,46,32,83,18,69,47,43,76,Data Analyst,51.75
6.75,Intermediate,34,73,22,45,46,31,88,78,Java Developer,52.12
8.43,Intermediate,51,89,83,33,34,44,88,85,Backend Developer,63.38
7.76,Intermediate,50,86,59,10,25,81,48,75,DevOps Engineer,54.25
8.76,Beginner,49,36,20,85,90,26,83,79,Machine Learning Engineer,58.5
5.92,Intermediate,59,21,100,22,71,34,44,78,Data Analyst,53.62
7.9,Beginner,53,35,49,99,90,38,76,64,Machine Learning Engineer,63.0
7.67,Intermediate,39,35,28,89,77,32,76,42,Machine Learning Engineer,52.25
5.86,Beginner,43,72,26,51,39,46,75,72,Python Developer,53.0
8.46,Beginner,36,78,30,35,31,32,78,79,Java Developer,49.88
9.86,Beginner,60,51,24,90,89,43,93,44,Machine Learning Engineer,61.75
9.27,Intermediate,49,33,33,88,75,41,83,46,Machine Learning Engineer,56.0
7.23,Beginner,54,36,68,76,94,34,49,83,Data Scientist,61.75
8.27,Intermediate,51,31,21,88,80,45,80,56,Machine Learning Engineer,56.5
7.62,Intermediate,21,26,34,85,44,51,75,58,AI Engineer,49.25
6.27,Advanced,37,98,79,27,50,39,91,73,Backend Developer,61.75
5.94,Intermediate,25,32,80,20,77,29,45,87,Data Analyst,49.38
7.87,Intermediate,26,41,58,82,26,64,80,74,AI Engineer,56.38
7.41,Advanced,52,51,49,90,48,58,73,66,AI Engineer,60.88
6.87,Advanced,34,32,39,93,20,75,87,58,AI Engineer,54.75
7.5,Beginner,48,59,84,19,75,33,45,86,Data Analyst,56.12
7.33,Beginner,33,63,71,17,20,82,41,45,DevOps Engineer,46.5
9.1,Intermediate,29,48,25,38,25,37,82,81,Software Engineer,45.62
8.16,Beginner,22,74,68,31,33,86,60,81,DevOps Engineer,56.88
6.9,Advanced,56,60,22,82,36,79,95,62,AI Engineer,61.5
5.67,Beginner,91,28,33,42,17,38,82,54,Frontend Developer,48.12
5.58,Intermediate,44,27,27,23,22,99,77,65,Cloud Engineer,48.0
7.62,Beginner,51,80,54,73,44,39,87,40,Python Developer,58.5
6.57,Beginner,55,76,27,52,11,49,80,69,Python Developer,52.38
7.21,Intermediate,94,47,50,13,36,44,75,88,Frontend Developer,55.88
7.93,Intermediate,36,77,71,50,13,65,78,43,Cyber Security Engineer,54.12
6.6,Intermediate,85,88,73,23,23,34,43,73,Full Stack Developer,55.25
6.9,Intermediate,55,37,87,66,93,37,63,86,Data Scientist,65.5
6.28,Advanced,53,88,95,45,19,29,76,78,Backend Developer,60.38
6.53,Intermediate,58,65,57,31,45,21,80,87,Java Developer,55.5
7.12,Beginner,26,78,67,28,20,85,48,75,DevOps Engineer,53.38
7.39,Advanced,31,85,87,50,17,50,78,60,Backend Developer,57.25
7.11,Intermediate,43,90,73,32,47,29,70,69,Backend Developer,56.62
6.86,Beginner,39,68,32,74,10,45,94,64,Python Developer,53.25
8.31,Intermediate,25,63,65,39,33,89,47,52,DevOps Engineer,51.62
7.13,Beginner,50,77,39,62,44,37,85,57,Python Developer,56.38
7.26,Beginner,49,39,20,49,17,94,72,71,Cloud Engineer,51.38
7.9,Intermediate,24,21,21,43,11,93,65,62,Cloud Engineer,42.5
8.04,Beginner,47,66,42,69,21,43,90,74,Python Developer,56.5
9.77,Advanced,47,48,58,22,46,26,86,49,Software Engineer,47.75
5.6,Intermediate,41,77,61,29,35,75,73,71,Cyber Security Engineer,57.75
6.53,Beginner,73,94,90,32,31,35,62,60,Full Stack Developer,59.62
9.12,Intermediate,48,40,55,46,44,29,82,61,Software Engineer,50.62
6.35,Intermediate,57,70,73,13,35,100,45,85,DevOps Engineer,59.75
6.19,Intermediate,55,52,81,71,94,46,69,42,Data Scientist,63.75
6.95,Intermediate,39,68,70,43,24,83,70,62,Cyber Security Engineer,57.38
5.63,Beginner,80,27,23,41,46,25,87,41,Mobile App Developer,46.25
7.18,Advanced,50,75,94,12,35,34,82,90,Backend Developer,59.0
6.1,Intermediate,60,41,25,44,16,96,68,70,Cloud Engineer,52.5
7.98,Advanced,44,52,49,77,26,51,92,72,AI Engineer,57.88
5.54,Beginner,79,81,87,22,47,32,41,58,Full Stack Developer,55.88
6.79,Beginner,59,90,48,27,22,29,84,78,Java Developer,54.62
6.55,Intermediate,31,63,20,80,43,46,86,62,Python Developer,53.88
7.4,Intermediate,83,50,51,16,24,23,77,83,Mobile App Developer,50.88
6.14,Intermediate,60,74,66,20,33,94,67,90,DevOps Engineer,63.0
7.75,Intermediate,50,21,47,36,31,47,86,67,Software Engineer,48.12
6.74,Beginner,35,36,67,85,100,36,61,46,Data Scientist,58.25
6.2,Beginner,45,30,84,11,90,31,42,93,Data Analyst,53.25
7.49,Beginner,71,54,47,11,14,38,72,47,Mobile App Developer,44.25
5.9,Intermediate,61,55,23,40,17,21,73,59,Mobile App Developer,43.62
7.24,Intermediate,24,99,81,16,21,21,73,87,Backend Developer,52.75
5.51,Intermediate,50,23,100,27,76,39,70,70,Data Analyst,56.88
6.04,Beginner,46,59,97,10,67,44,47,91,Data Analyst,57.62
8.1,Advanced,27,34,30,89,17,55,91,48,AI Engineer,48.88
5.59,Intermediate,83,24,47,47,30,44,79,82,Mobile App Developer,54.5
8.08,Beginner,28,67,36,21,21,42,96,56,Java Developer,45.88
6.5,Advanced,57,81,87,44,12,28,93,48,Backend Developer,56.25
8.23,Advanced,33,99,91,10,37,36,72,49,Backend Developer,53.38
6.34,Intermediate,49,55,60,79,11,74,85,54,AI Engineer,58.38
5.72,Intermediate,95,23,54,13,18,40,80,77,Frontend Developer,50.0
8.51,Intermediate,24,53,20,24,45,25,97,65,Software Engineer,44.12
7.92,Advanced,60,52,32,24,27,32,90,57,Software Engineer,46.75
5.55,Intermediate,32,87,79,17,45,86,72,49,Cyber Security Engineer,58.38
6.81,Intermediate,94,70,61,35,41,47,57,74,Full Stack Developer,59.88
6.32,Beginner,60,30,50,44,12,44,83,58,Mobile App Developer,47.62
9.76,Intermediate,46,28,47,43,33,47,83,74,Software Engineer,50.12
7.95,Intermediate,95,70,66,30,40,20,67,88,Full Stack Developer,59.5
7.17,Intermediate,39,45,61,74,83,48,68,41,Data Scientist,57.38
6.79,Beginner,48,62,36,71,33,42,91,40,Python Developer,52.88
6.48,Advanced,24,54,25,85,11,77,75,44,AI Engineer,49.38
7.27,Beginner,31,25,86,40,69,23,44,94,Data Analyst,51.5
8.54,Advanced,20,48,60,23,31,35,87,58,Software Engineer,45.25
7.8,Intermediate,85,46,29,20,27,23,87,61,Frontend Developer,47.25
8.25,Intermediate,40,60,51,82,12,51,89,61,AI Engineer,55.75
5.65,Intermediate,99,49,38,26,29,28,78,83,Frontend Developer,53.75
5.87,Beginner,21,84,30,21,11,47,92,68,Java Developer,46.75
7.33,Intermediate,31,87,83,40,11,80,77,78,Cyber Security Engineer,60.88
6.85,Beginner,72,31,50,30,26,40,92,57,Mobile App Developer,49.75
7.81,Intermediate,27,52,32,40,32,88,80,45,Cloud Engineer,49.5
6.66,Beginner,75,70,89,12,15,38,52,66,Full Stack Developer,52.12
8.19,Beginner,98,43,21,11,30,22,83,51,Frontend Developer,44.88
7.46,Intermediate,33,82,61,22,17,82,52,66,DevOps Engineer,51.88
6.33,Beginner,56,66,24,64,33,26,94,82,Python Developer,55.62
6.93,Intermediate,76,38,57,42,11,28,71,47,Mobile App Developer,46.25
7.28,Beginner,55,27,76,30,71,20,50,76,Data Analyst,50.62
5.67,Beginner,42,68,64,10,13,94,58,90,DevOps Engineer,54.88
5.96,Advanced,41,38,25,97,13,53,81,73,AI Engineer,52.62
5.89,Intermediate,24,64,78,18,38,96,47,76,DevOps Engineer,55.12
6.13,Beginner,32,26,70,82,92,32,61,47,Data Scientist,55.25
7.88,Intermediate,24,83,55,15,36,85,44,75,DevOps Engineer,52.12
9.9,Beginner,39,24,54,91,88,47,85,63,Machine Learning Engineer,61.38
8.49,Beginner,28,42,95,29,80,36,45,73,Data Analyst,53.5
8.22,Advanced,42,97,82,46,15,39,74,70,Backend Developer,58.12
5.73,Advanced,54,30,53,100,38,59,81,80,AI Engineer,61.88
6.56,Beginner,42,65,60,31,45,100,69,66,DevOps Engineer,59.75
5.56,Intermediate,82,49,45,40,41,48,70,63,Frontend Developer,54.75
6.64,Beginner,55,27,89,83,97,35,40,60,Data Scientist,60.75
6.3,Beginner,29,74,36,58,16,22,96,81,Python Developer,51.5
7.19,Intermediate,52,66,57,39,18,95,56,45,DevOps Engineer,53.5
7.16,Intermediate,60,66,26,58,18,46,76,81,Python Developer,53.88
8.87,Intermediate,56,47,39,20,48,29,91,88,Software Engineer,52.25
7.88,Intermediate,27,78,73,34,37,65,89,75,Cyber Security Engineer,59.75
8.43,Intermediate,32,67,38,54,43,38,92,85,Python Developer,56.12
5.64,Intermediate,89,87,80,47,29,22,55,54,Full Stack Developer,57.88
5.57,Intermediate,51,57,96,26,65,24,64,77,Data Analyst,57.5
5.69,Beginner,43,73,22,26,26,50,97,43,Java Developer,47.5
6.94,Beginner,37,63,75,43,23,82,60,50,DevOps Engineer,54.12
8.42,Advanced,39,30,45,77,29,65,77,48,AI Engineer,51.25
5.62,Beginner,56,20,62,67,100,42,70,73,Data Scientist,61.25
8.31,Intermediate,54,55,40,49,33,34,88,47,Software Engineer,50.0
6.16,Beginner,62,20,34,14,30,50,81,52,Mobile App Developer,42.88
8.27,Beginner,27,68,50,60,25,28,79,67,Python Developer,50.5
7.75,Intermediate,32,70,81,39,30,60,81,62,Cyber Security Engineer,56.88
6.79,Beginner,31,86,74,15,35,62,94,73,Cyber Security Engineer,58.75
7.17,Beginner,36,22,79,11,72,26,54,86,Data Analyst,48.25
8.01,Beginner,32,62,72,24,43,64,72,86,Cyber Security Engineer,56.88
6.99,Beginner,21,22,78,77,90,24,45,67,Data Scientist,53.0
7.52,Advanced,42,81,74,19,49,44,78,58,Backend Developer,55.62
7.37,Intermediate,20,55,75,90,86,35,48,86,Data Scientist,61.88
8.53,Intermediate,43,46,45,39,14,37,100,86,Software Engineer,51.25
7.39,Intermediate,32,80,95,22,50,41,86,60,Backend Developer,58.25
9.39,Beginner,25,22,21,90,87,41,81,45,Machine Learning Engineer,51.5
5.54,Intermediate,94,81,66,39,39,45,40,58,Full Stack Developer,57.75
8.88,Beginner,58,36,48,99,81,45,77,65,Machine Learning Engineer,63.62
7.74,Intermediate,55,60,31,92,32,63,84,64,AI Engineer,60.12
5.56,Intermediate,73,81,69,41,46,21,48,82,Full Stack Developer,57.62
7.81,Beginner,51,39,56,50,32,96,63,78,Cloud Engineer,58.12
7.26,Advanced,27,83,73,31,32,24,95,59,Backend Developer,53.0
7.74,Intermediate,95,57,47,33,38,21,61,73,Frontend Developer,53.12
6.81,Beginner,90,25,55,36,50,32,89,60,Frontend Developer,54.62
7.46,Advanced,35,25,39,83,48,57,74,84,AI Engineer,55.62
8.43,Beginner,89,47,24,38,13,36,64,65,Frontend Developer,47.0
7.24,Intermediate,80,52,60,48,37,44,86,53,Mobile App Developer,57.5
8.44,Beginner,57,67,62,50,31,96,68,59,DevOps Engineer,61.25
9.61,Intermediate,39,41,60,88,94,35,78,69,Machine Learning Engineer,63.0
6.85,Beginner,83,70,73,32,43,48,61,45,Full Stack Developer,56.88
7.37,Beginner,75,59,44,18,47,31,83,73,Frontend Developer,53.75
5.69,Intermediate,83,93,66,19,19,45,67,78,Full Stack Developer,58.75
5.9,Beginner,21,22,43,20,37,89,65,64,Cloud Engineer,45.12
7.4,Beginner,89,43,54,34,42,36,85,47,Mobile App Developer,53.75
7.83,Beginner,30,84,22,58,34,24,76,41,Python Developer,46.12
7.26,Beginner,55,60,78,26,39,88,74,65,Cyber Security Engineer,60.62
5.78,Intermediate,43,59,39,77,13,80,79,45,AI Engineer,54.38
6.39,Intermediate,51,51,52,98,24,65,76,42,AI Engineer,57.38
5.79,Beginner,38,56,94,34,73,27,58,85,Data Analyst,58.12
5.78,Intermediate,45,52,94,49,80,23,45,74,Data Analyst,57.75
5.72,Intermediate,35,86,92,22,38,20,75,41,Backend Developer,51.12
5.97,Beginner,93,80,67,43,50,23,57,54,Full Stack Developer,58.38
6.26,Beginner,50,77,37,23,23,41,77,60,Java Developer,48.5
5.54,Beginner,22,81,25,44,11,31,76,40,Java Developer,41.25
5.9,Beginner,58,48,60,24,26,88,61,69,Cloud Engineer,54.25
7.54,Intermediate,42,70,56,46,29,28,90,69,Java Developer,53.75
7.6,Beginner,50,75,24,64,45,49,80,48,Python Developer,54.38
8.51,Beginner,52,59,48,88,77,28,92,47,Machine Learning Engineer,61.38
5.78,Beginner,35,88,32,21,11,34,91,76,Java Developer,48.5
6.89,Beginner,95,52,26,33,20,35,75,84,Frontend Developer,52.5
7.83,Advanced,56,22,33,36,46,47,99,68,Software Engineer,50.88
7.55,Beginner,41,26,26,96,84,30,85,54,Machine Learning Engineer,55.25
5.96,Advanced,49,83,79,39,19,27,93,66,Backend Developer,56.88
6.52,Intermediate,94,73,78,13,21,41,65,44,Full Stack Developer,53.62
8.39,Beginner,48,66,46,38,30,47,84,79,Java Developer,54.75
7.91,Intermediate,51,84,74,25,30,33,87,82,Backend Developer,58.25
6.49,Beginner,49,65,28,38,50,40,86,50,Java Developer,50.75
6.88,Advanced,50,84,85,22,22,30,81,66,Backend Developer,55.0
8.3,Beginner,29,34,79,74,89,35,45,60,Data Scientist,55.62
5.75,Intermediate,58,75,58,70,14,45,88,57,Python Developer,58.12
7.76,Beginner,63,52,43,11,45,26,70,49,Mobile App Developer,44.88
6.24,Beginner,30,61,25,78,47,22,100,79,Python Developer,55.25
8.18,Intermediate,77,86,68,48,10,33,61,74,Full Stack Developer,57.12
6.16,Intermediate,48,74,22,39,19,28,91,61,Java Developer,47.75
8.22,Beginner,60,73,38,23,28,48,79,75,Java Developer,53.0
5.64,Intermediate,30,77,89,15,49,20,77,71,Backend Developer,53.5
7.39,Beginner,59,26,65,76,100,50,49,43,Data Scientist,58.5
7.24,Advanced,26,47,22,98,26,55,70,79,AI Engineer,52.88
5.61,Intermediate,20,86,35,70,45,20,77,87,Python Developer,55.0
6.19,Intermediate,78,93,84,25,11,37,40,88,Full Stack Developer,57.0
7.41,Beginner,54,26,80,39,81,31,51,70,Data Analyst,54.0
6.94,Intermediate,27,26,83,88,80,27,56,52,Data Scientist,54.88
6.95,Beginner,34,80,64,39,20,99,53,69,DevOps Engineer,57.25
8.16,Intermediate,22,36,39,89,10,63,74,63,AI Engineer,49.5
7.88,Advanced,46,57,43,16,22,46,87,77,Software Engineer,49.25
8.34,Beginner,20,28,96,35,83,31,41,72,Data Analyst,50.75
7.24,Advanced,47,90,78,13,40,48,91,64,Backend Developer,58.88
7.22,Beginner,56,74,88,23,13,82,79,62,Cyber Security Engineer,59.62
9.52,Intermediate,40,45,37,99,92,29,92,86,Machine Learning Engineer,65.0
5.94,Intermediate,82,22,51,45,32,41,63,60,Frontend Developer,49.5
7.42,Advanced,44,28,54,89,46,74,90,53,AI Engineer,59.75
8.16,Intermediate,30,37,84,29,66,23,64,76,Data Analyst,51.12
7.51,Intermediate,41,79,55,34,48,35,98,51,Java Developer,55.12
8.11,Intermediate,51,94,75,19,15,49,85,60,Backend Developer,56.0
6.68,Beginner,41,75,44,76,35,31,88,54,Python Developer,55.5
6.6,Intermediate,36,57,78,23,81,47,53,92,Data Analyst,58.38
8.18,Intermediate,79,81,83,25,31,20,67,79,Full Stack Developer,58.12
5.69,Advanced,57,31,21,84,24,71,73,47,AI Engineer,51.0
8.77,Advanced,58,23,49,10,43,41,96,49,Software Engineer,46.12
6.22,Intermediate,88,51,49,46,33,42,63,70,Frontend Developer,55.25
6.26,Intermediate,23,72,42,27,21,36,75,42,Java Developer,42.25
7.91,Beginner,20,63,72,33,41,76,91,87,Cyber Security Engineer,60.38
9.66,Intermediate,54,43,33,95,87,32,79,43,Machine Learning Engineer,58.25
9.6,Advanced,58,59,24,39,13,21,84,45,Software Engineer,42.88
8.45,Beginner,55,69,32,17,45,23,87,40,Java Developer,46.0
6.37,Advanced,60,24,37,89,18,76,88,83,AI Engineer,59.38
5.6,Beginner,20,45,21,22,50,95,79,44,Cloud Engineer,47.0
7.36,Intermediate,35,36,23,46,38,87,86,86,Cloud Engineer,54.62
6.08,Intermediate,78,28,54,31,19,43,76,73,Mobile App Developer,50.25
8.32,Intermediate,24,90,68,10,25,61,98,90,Cyber Security Engineer,58.25
6.21,Beginner,57,66,76,24,41,97,64,67,DevOps Engineer,61.5
7.7,Intermediate,46,78,59,21,30,88,44,57,DevOps Engineer,52.88
7.39,Beginner,56,75,22,57,33,30,93,75,Python Developer,55.12
7.89,Beginner,32,22,51,90,91,27,94,69,Machine Learning Engineer,59.5
8.25,Intermediate,95,59,45,12,20,27,87,73,Frontend Developer,52.25
8.31,Intermediate,39,43,53,26,39,32,92,66,Software Engineer,48.75
8.02,Intermediate,79,74,88,29,13,23,42,63,Full Stack Developer,51.38
7.79,Beginner,41,66,31,40,25,31,86,89,Java Developer,51.12
6.99,Beginner,31,78,71,28,39,67,77,52,Cyber Security Engineer,55.38
5.57,Intermediate,40,28,84,83,90,23,48,71,Data Scientist,58.38
6.34,Intermediate,96,25,37,11,43,31,76,45,Frontend Developer,45.5
8.0,Beginner,58,36,24,100,94,42,83,79,Machine Learning Engineer,64.5
8.26,Intermediate,55,20,82,23,86,31,52,71,Data Analyst,52.5
7.77,Intermediate,91,32,43,46,42,32,82,79,Frontend Developer,55.88
6.42,Beginner,36,68,64,50,39,92,41,87,DevOps Engineer,59.62
9.97,Intermediate,32,52,32,91,89,34,77,47,Machine Learning Engineer,56.75
8.46,Intermediate,25,71,71,33,27,88,50,56,DevOps Engineer,52.62
7.99,Advanced,58,41,55,22,16,28,100,85,Software Engineer,50.62
9.23,Intermediate,42,59,25,46,37,28,99,64,Software Engineer,50.0
7.14,Beginner,34,32,90,29,68,35,52,79,Data Analyst,52.38
5.69,Beginner,20,67,29,20,26,34,100,43,Java Developer,42.38
6.85,Beginner,38,33,100,31,85,20,56,84,Data Analyst,55.88
6.99,Intermediate,80,25,32,43,38,33,76,72,Mobile App Developer,49.88
8.25,Intermediate,54,35,59,94,84,24,90,62,Machine Learning Engineer,62.75
5.76,Intermediate,86,51,53,14,34,30,78,62,Mobile App Developer,51.0
5.78,Intermediate,42,87,85,39,34,75,90,60,Cyber Security Engineer,64.0
6.53,Intermediate,47,27,54,44,27,96,86,66,Cloud Engineer,55.88
8.39,Beginner,31,78,50,32,34,82,44,82,DevOps Engineer,54.12
7.59,Beginner,54,43,87,22,88,40,51,93,Data Analyst,59.75
8.67,Advanced,33,32,45,50,27,37,97,56,Software Engineer,47.12
7.23,Intermediate,21,64,67,16,25,90,84,88,Cyber Security Engineer,56.88
5.7,Beginner,49,79,62,38,33,65,84,79,Cyber Security Engineer,61.12
8.26,Beginner,45,35,84,88,91,37,42,42,Data Scientist,58.0
7.45,Intermediate,70,77,86,42,22,38,68,42,Full Stack Developer,55.62
5.9,Beginner,87,59,50,45,31,31,85,74,Mobile App Developer,57.75
5.55,Intermediate,29,66,56,20,46,27,86,57,Java Developer,48.38
6.96,Intermediate,54,81,90,42,19,34,76,67,Backend Developer,57.88
8.84,Intermediate,34,27,33,86,93,34,94,64,Machine Learning Engineer,58.12
7.56,Beginner,43,28,20,20,48,91,89,80,Cloud Engineer,52.38
6.32,Beginner,31,85,85,33,35,70,84,63,Cyber Security Engineer,60.75
5.99,Beginner,44,62,38,78,25,21,99,87,Python Developer,56.75
9.26,Intermediate,48,33,53,29,27,30,95,63,Software Engineer,47.25
8.04,Beginner,40,24,23,93,95,27,88,66,Machine Learning Engineer,57.0
7.65,Beginner,78,46,56,44,49,36,70,47,Frontend Developer,53.25
6.11,Intermediate,62,36,52,11,27,20,75,51,Mobile App Developer,41.75
6.84,Intermediate,81,92,76,22,21,21,57,41,Full Stack Developer,51.38
6.66,Beginner,27,40,20,24,37,85,79,77,Cloud Engineer,48.62
6.32,Intermediate,40,87,75,28,44,83,49,41,DevOps Engineer,55.88
6.99,Intermediate,36,30,29,92,41,55,71,46,AI Engineer,50.0
6.9,Beginner,79,23,57,34,41,47,71,72,Frontend Developer,53.0
6.29,Advanced,46,59,21,77,20,75,87,42,AI Engineer,53.38
8.7,Advanced,23,26,35,28,45,40,82,60,Software Engineer,42.38
6.85,Beginner,86,83,87,20,11,42,55,76,Full Stack Developer,57.5
7.26,Intermediate,31,52,77,65,83,29,56,60,Data Scientist,56.62
6.03,Beginner,59,81,73,27,13,85,47,79,DevOps Engineer,58.0
6.48,Intermediate,31,80,41,41,20,40,79,79,Java Developer,51.38
6.47,Intermediate,21,75,27,77,36,46,93,61,Python Developer,54.5
7.7,Intermediate,30,83,36,12,30,47,97,74,Java Developer,51.12
7.49,Intermediate,23,34,77,47,83,29,55,93,Data Analyst,55.12
6.9,Beginner,38,85,41,55,18,32,92,90,Python Developer,56.38
6.76,Beginner,93,91,75,47,38,37,69,61,Full Stack Developer,63.88
7.53,Beginner,92,89,64,26,39,35,48,74,Full Stack Developer,58.38
6.78,Intermediate,54,63,47,54,22,28,100,52,Python Developer,52.5
5.57,Beginner,81,77,70,40,11,49,42,51,Full Stack Developer,52.62
6.86,Intermediate,89,58,44,19,25,50,66,60,Frontend Developer,51.38
7.46,Intermediate,45,88,80,50,49,61,71,75,Cyber Security Engineer,64.88
7.28,Beginner,21,69,32,50,29,25,89,79,Python Developer,49.25
8.36,Advanced,32,25,57,97,45,54,91,47,AI Engineer,56.0
6.48,Advanced,45,41,23,93,45,62,73,45,AI Engineer,53.38
6.32,Intermediate,54,86,71,19,28,85,70,88,DevOps Engineer,62.62
6.75,Advanced,20,86,70,30,37,45,92,61,Backend Developer,55.12
8.33,Intermediate,42,41,71,81,82,31,50,90,Data Scientist,61.0
7.75,Intermediate,29,55,49,12,11,87,82,77,Cloud Engineer,50.25
7.65,Intermediate,31,84,88,49,39,21,88,85,Backend Developer,60.62
6.96,Beginner,46,41,59,37,36,92,70,54,Cloud Engineer,54.38
7.76,Beginner,42,56,28,23,20,95,83,66,Cloud Engineer,51.62
7.29,Intermediate,46,23,78,36,87,35,44,93,Data Analyst,55.25
7.95,Intermediate,37,73,79,24,48,89,63,54,DevOps Engineer,58.38
6.7,Beginner,28,53,56,33,45,99,76,43,Cloud Engineer,54.12
8.24,Beginner,91,77,65,30,19,30,44,56,Full Stack Developer,51.5
6.03,Beginner,48,78,48,74,29,36,89,86,Python Developer,61.0
7.24,Intermediate,78,55,58,44,16,31,87,52,Mobile App Developer,52.62
8.4,Intermediate,73,31,53,27,35,22,83,82,Mobile App Developer,50.75
6.38,Intermediate,22,59,72,85,100,24,44,71,Data Scientist,59.62
5.63,Intermediate,64,33,57,47,43,28,90,53,Mobile App Developer,51.88
7.38,Beginner,34,27,82,24,79,26,65,89,Data Analyst,53.25
7.76,Beginner,81,92,80,33,47,41,52,74,Full Stack Developer,62.5
8.47,Beginner,72,85,67,25,22,25,64,48,Full Stack Developer,51.0
6.28,Beginner,58,84,35,27,16,21,99,56,Java Developer,49.5
6.39,Intermediate,26,72,74,31,23,64,74,59,Cyber Security Engineer,52.88
7.88,Intermediate,39,54,49,91,84,21,94,76,Machine Learning Engineer,63.5
7.42,Beginner,27,84,86,45,29,76,79,42,Cyber Security Engineer,58.5
6.07,Intermediate,24,95,76,40,37,27,77,54,Backend Developer,53.75
9.37,Intermediate,53,45,58,31,14,21,83,61,Software Engineer,45.75
7.57,Beginner,28,82,38,41,19,26,80,90,Java Developer,50.5
8.45,Intermediate,47,48,40,20,47,92,86,49,Cloud Engineer,53.62
7.74,Intermediate,51,90,88,12,35,24,78,69,Backend Developer,55.88
6.06,Intermediate,90,80,77,18,49,31,45,67,Full Stack Developer,57.12
6.17,Beginner,45,44,85,69,98,43,57,49,Data Scientist,61.25
6.62,Intermediate,53,48,85,48,77,36,62,73,Data Analyst,60.25
7.36,Advanced,34,24,43,98,23,59,95,88,AI Engineer,58.0
6.47,Beginner,46,75,64,19,34,65,96,82,Cyber Security Engineer,60.12
6.3,Beginner,88,91,68,37,27,42,68,72,Full Stack Developer,61.62
8.37,Advanced,49,35,20,75,28,59,92,74,AI Engineer,54.0
8.06,Beginner,43,57,57,97,75,24,83,51,Machine Learning Engineer,60.88
8.08,Intermediate,41,42,69,81,100,27,67,41,Data Scientist,58.5
7.96,Intermediate,42,46,89,35,69,31,55,88,Data Analyst,56.88
7.13,Intermediate,28,84,72,41,24,98,57,47,DevOps Engineer,56.38
5.77,Intermediate,25,43,58,46,14,98,71,49,Cloud Engineer,50.5
6.24,Advanced,40,77,72,48,36,30,74,73,Backend Developer,56.25
7.26,Beginner,37,59,69,85,87,31,67,78,Data Scientist,64.12
6.92,Advanced,51,97,93,48,20,32,76,87,Backend Developer,63.0
6.31,Intermediate,28,81,36,42,46,41,80,86,Java Developer,55.0
5.9,Beginner,86,53,60,35,48,43,80,67,Frontend Developer,59.0
7.5,Intermediate,60,89,92,32,12,47,72,78,Backend Developer,60.25
9.58,Intermediate,48,52,49,37,30,50,98,63,Software Engineer,53.38
7.03,Intermediate,49,76,92,15,16,35,87,68,Backend Developer,54.75
8.34,Beginner,40,85,52,64,42,41,99,70,Python Developer,61.62
7.83,Beginner,86,47,60,21,36,46,76,69,Frontend Developer,55.12
6.42,Intermediate,97,55,31,11,36,24,62,67,Frontend Developer,47.88
7.06,Beginner,50,72,23,10,40,20,77,43,Java Developer,41.88
5.64,Advanced,59,39,53,97,18,78,88,82,AI Engineer,64.25
5.77,Intermediate,59,62,76,15,13,90,87,46,Cyber Security Engineer,56.0
7.71,Advanced,43,40,23,17,33,42,91,73,Software Engineer,45.25
5.51,Beginner,35,50,47,50,21,90,60,71,Cloud Engineer,53.0
8.39,Beginner,44,28,53,91,90,40,91,45,Machine Learning Engineer,60.25
7.37,Beginner,23,70,66,28,29,93,47,57,DevOps Engineer,51.62
7.36,Intermediate,44,58,56,27,39,94,76,42,Cloud Engineer,54.5
6.23,Beginner,44,61,88,11,26,80,86,70,Cyber Security Engineer,58.25
5.59,Beginner,74,94,72,27,49,46,41,82,Full Stack Developer,60.62
7.07,Intermediate,42,69,72,45,41,89,98,70,Cyber Security Engineer,65.75
5.85,Beginner,76,77,71,27,21,20,59,49,Full Stack Developer,50.0
6.3,Intermediate,45,20,25,29,18,98,62,54,Cloud Engineer,43.88
6.31,Beginner,39,43,27,17,44,89,74,58,Cloud Engineer,48.88
7.78,Intermediate,87,76,80,39,40,49,55,46,Full Stack Developer,59.0
7.63,Intermediate,36,25,76,30,81,49,57,75,Data Analyst,53.62
7.74,Intermediate,50,54,59,29,39,39,81,47,Software Engineer,49.75
5.59,Intermediate,51,72,40,32,38,20,89,85,Java Developer,53.38
6.47,Beginner,85,55,44,41,30,22,84,57,Frontend Developer,52.25
7.55,Beginner,91,80,63,43,34,36,68,59,Full Stack Developer,59.25
7.6,Intermediate,28,25,59,95,90,36,82,46,Machine Learning Engineer,57.62
6.65,Beginner,53,60,21,47,28,92,67,58,Cloud Engineer,53.25
7.07,Intermediate,52,64,77,24,18,86,74,58,Cyber Security Engineer,56.62
7.95,Advanced,30,56,50,23,37,45,93,69,Software Engineer,50.38
8.03,Beginner,36,46,87,12,77,48,55,89,Data Analyst,56.25
5.6,Intermediate,20,83,50,50,45,83,57,58,DevOps Engineer,55.75
7.2,Intermediate,55,54,91,14,86,34,41,83,Data Analyst,57.25
8.43,Beginner,58,86,62,33,37,80,97,43,Cyber Security Engineer,62.0
8.92,Advanced,29,41,41,29,10,30,92,65,Software Engineer,42.12
8.34,Intermediate,23,55,92,35,73,35,69,70,Data Analyst,56.5
6.21,Intermediate,77,29,47,45,14,25,86,61,Frontend Developer,48.0
6.76,Intermediate,83,56,24,22,29,28,85,49,Frontend Developer,47.0
7.81,Intermediate,46,21,27,20,43,32,87,71,Software Engineer,43.38
6.09,Beginner,45,61,86,42,26,75,88,88,Cyber Security Engineer,63.88
6.09,Intermediate,44,76,70,50,12,31,80,68,Backend Developer,53.88
7.72,Advanced,32,80,77,32,31,25,94,64,Backend Developer,54.38
6.12,Beginner,47,78,68,16,29,81,40,57,DevOps Engineer,52.0
7.77,Beginner,43,36,37,85,83,38,86,69,Machine Learning Engineer,59.62
6.09,Beginner,24,51,92,28,68,36,58,72,Data Analyst,53.62
6.16,Beginner,89,27,33,14,43,39,80,82,Mobile App Developer,50.88
6.1,Beginner,28,82,48,42,49,29,100,64,Java Developer,55.25
8.38,Beginner,87,56,53,11,25,40,73,63,Frontend Developer,51.0
8.26,Beginner,51,34,95,13,71,32,53,87,Data Analyst,54.5
9.05,Intermediate,24,35,22,38,36,22,100,84,Software Engineer,45.12
6.5,Beginner,35,62,59,42,21,81,44,41,DevOps Engineer,48.12
6.05,Intermediate,95,86,66,44,15,46,48,45,Full Stack Developer,55.62
5.7,Advanced,54,79,76,46,21,44,75,41,Backend Developer,54.5
8.28,Intermediate,60,65,84,36,32,84,75,54,Cyber Security Engineer,61.25
7.32,Intermediate,38,71,23,41,41,50,91,62,Java Developer,52.12
7.39,Beginner,20,84,84,14,46,71,88,74,Cyber Security Engineer,60.12
7.11,Intermediate,81,33,45,46,17,48,74,50,Mobile App Developer,49.25
7.14,Beginner,87,84,66,15,46,39,67,69,Full Stack Developer,59.12
7.28,Beginner,37,30,88,78,99,44,60,69,Data Scientist,63.12
8.89,Intermediate,39,42,40,89,87,41,76,53,Machine Learning Engineer,58.38
6.35,Advanced,51,24,33,89,46,76,85,59,AI Engineer,57.88
9.79,Advanced,46,41,20,34,23,47,96,44,Software Engineer,43.88
8.07,Beginner,73,95,81,28,31,48,58,73,Full Stack Developer,60.88
5.82,Advanced,30,95,89,37,47,24,74,74,Backend Developer,58.75
7.52,Intermediate,51,85,33,32,45,21,79,75,Java Developer,52.62
9.02,Intermediate,42,21,22,85,80,34,92,66,Machine Learning Engineer,55.25
5.53,Intermediate,22,44,37,26,25,88,66,84,Cloud Engineer,49.0
6.7,Advanced,56,36,59,82,24,57,71,56,AI Engineer,55.12
7.38,Intermediate,30,32,71,72,94,49,43,79,Data Scientist,58.75
7.74,Intermediate,24,48,44,37,43,94,84,48,Cloud Engineer,52.75
6.33,Intermediate,26,75,94,25,26,34,84,78,Backend Developer,55.25
8.31,Intermediate,56,96,85,45,13,22,88,89,Backend Developer,61.75
6.32,Intermediate,26,49,24,31,30,90,67,63,Cloud Engineer,47.5
6.29,Beginner,65,59,39,45,44,44,92,52,Mobile App Developer,55.0
7.74,Beginner,92,52,54,16,35,32,90,76,Frontend Developer,55.88
7.43,Intermediate,43,84,62,30,18,74,86,79,Cyber Security Engineer,59.5
6.35,Intermediate,28,63,45,54,34,44,98,55,Python Developer,52.62
6.37,Intermediate,61,26,37,26,46,27,90,47,Mobile App Developer,45.0
7.72,Beginner,40,48,24,100,76,50,93,59,Machine Learning Engineer,61.25
7.73,Intermediate,53,38,82,18,69,50,42,94,Data Analyst,55.75
8.02,Intermediate,60,91,91,15,19,39,75,40,Backend Developer,53.75
5.77,Beginner,36,45,61,79,94,44,59,46,Data Scientist,58.0
5.99,Intermediate,49,32,39,12,39,87,89,69,Cloud Engineer,52.0
7.5,Intermediate,35,88,48,29,17,42,97,51,Java Developer,50.88
6.04,Intermediate,41,76,25,61,18,45,85,89,Python Developer,55.0
9.33,Intermediate,28,45,35,89,79,42,91,80,Machine Learning Engineer,61.12
9.05,Intermediate,58,56,36,15,32,23,97,43,Software Engineer,45.0
5.92,Beginner,26,74,23,73,23,30,79,50,Python Developer,47.25
7.56,Beginner,21,54,35,98,86,30,84,77,Machine Learning Engineer,60.62
5.61,Beginner,34,87,64,27,12,86,55,65,DevOps Engineer,53.75
8.19,Beginner,41,51,37,97,87,49,76,53,Machine Learning Engineer,61.38
6.49,Intermediate,85,83,89,40,11,47,57,44,Full Stack Developer,57.0
6.8,Intermediate,23,76,80,26,31,97,42,54,DevOps Engineer,53.62
6.68,Intermediate,74,48,56,40,47,26,87,57,Mobile App Developer,54.38
7.81,Intermediate,74,87,68,29,43,50,52,65,Full Stack Developer,58.5
8.44,Intermediate,24,22,55,91,41,76,91,60,AI Engineer,57.5
8.1,Beginner,59,43,68,84,86,31,44,44,Data Scientist,57.38
6.17,Beginner,79,42,59,17,39,39,70,88,Mobile App Developer,54.12
6.12,Beginner,27,36,99,16,89,38,65,73,Data Analyst,55.38
7.66,Beginner,39,69,59,37,46,43,95,50,Java Developer,54.75
8.04,Intermediate,53,41,59,95,92,21,94,80,Machine Learning Engineer,66.88
6.25,Intermediate,29,78,59,33,31,96,63,89,DevOps Engineer,59.75
8.05,Beginner,79,38,30,22,12,39,94,76,Mobile App Developer,48.75
6.39,Beginner,89,70,77,29,29,33,63,68,Full Stack Developer,57.25
6.87,Beginner,27,30,69,81,84,49,69,79,Data Scientist,61.0
8.96,Intermediate,39,52,54,48,35,45,85,61,Software Engineer,52.38
8.11,Beginner,79,87,90,39,31,34,51,82,Full Stack Developer,61.62
8.15,Beginner,49,69,28,33,49,43,96,76,Java Developer,55.38
6.33,Beginner,58,47,64,82,95,40,70,82,Data Scientist,67.25
5.73,Beginner,90,47,45,12,18,44,70,52,Mobile App Developer,47.25
6.27,Intermediate,59,88,59,33,26,45,79,63,Java Developer,56.5
8.46,Intermediate,50,32,32,26,17,25,92,41,Software Engineer,39.38
7.26,Intermediate,35,85,41,15,34,46,93,88,Java Developer,54.62
5.57,Intermediate,47,46,54,80,45,51,86,56,AI Engineer,58.12
7.74,Intermediate,39,83,70,14,23,24,72,86,Backend Developer,51.38
8.27,Intermediate,23,67,81,11,17,67,97,74,Cyber Security Engineer,54.62
6.5,Advanced,24,41,34,99,45,73,76,69,AI Engineer,57.62
7.77,Beginner,99,52,20,32,45,31,78,83,Frontend Developer,55.0
6.31,Beginner,61,57,52,45,35,26,84,73,Mobile App Developer,54.12
7.48,Intermediate,39,50,63,84,84,36,50,40,Data Scientist,55.75
7.07,Beginner,55,42,33,14,43,96,76,79,Cloud Engineer,54.75
7.31,Advanced,29,27,45,75,22,62,79,40,AI Engineer,47.38
5.95,Beginner,30,82,57,68,35,37,82,65,Python Developer,57.0
6.67,Intermediate,89,24,54,39,23,43,77,86,Mobile App Developer,54.38
7.24,Beginner,20,22,33,50,32,100,80,76,Cloud Engineer,51.62
6.62,Intermediate,23,30,94,45,69,32,42,94,Data Analyst,53.62
6.8,Beginner,40,90,49,17,33,39,100,45,Java Developer,51.62
7.93,Intermediate,32,29,39,90,94,39,83,85,Machine Learning Engineer,61.38
7.75,Intermediate,28,60,74,44,28,96,66,75,DevOps Engineer,58.88
5.92,Intermediate,85,36,33,28,30,46,70,87,Mobile App Developer,51.88
8.37,Beginner,86,38,55,27,22,26,85,40,Mobile App Developer,47.38
5.56,Intermediate,20,80,51,69,27,28,96,47,Python Developer,52.25
6.55,Intermediate,60,33,32,75,15,75,73,88,AI Engineer,56.38
8.77,Beginner,59,51,29,89,92,27,78,52,Machine Learning Engineer,59.62
8.04,Beginner,26,54,60,95,80,33,81,90,Machine Learning Engineer,64.88
6.91,Advanced,55,48,32,76,21,70,92,45,AI Engineer,54.88
8.21,Beginner,25,78,38,65,26,47,79,84,Python Developer,55.25
5.68,Beginner,41,76,35,42,49,31,100,53,Java Developer,53.38
7.16,Intermediate,59,89,88,41,41,50,92,69,Backend Developer,66.12
8.23,Intermediate,29,54,33,85,79,21,95,67,Machine Learning Engineer,57.88
8.43,Intermediate,64,47,23,13,35,46,76,41,Mobile App Developer,43.12
6.29,Intermediate,21,36,55,38,42,98,79,82,Cloud Engineer,56.38
7.08,Beginner,97,42,35,17,23,41,83,67,Frontend Developer,50.62
7.27,Beginner,96,30,52,28,38,50,84,51,Frontend Developer,53.62
5.66,Intermediate,27,38,80,13,76,47,48,72,Data Analyst,50.12
8.7,Intermediate,52,50,50,97,95,40,83,45,Machine Learning Engineer,64.0
5.93,Intermediate,31,82,74,44,42,77,99,57,Cyber Security Engineer,63.25
9.35,Intermediate,40,35,23,94,88,34,80,77,Machine Learning Engineer,58.88
6.17,Beginner,44,70,70,28,28,91,51,47,DevOps Engineer,53.62
7.44,Intermediate,60,49,46,49,15,22,88,47,Mobile App Developer,47.0
6.79,Beginner,55,44,76,75,92,27,55,86,Data Scientist,63.75
7.86,Beginner,36,36,84,79,90,34,62,67,Data Scientist,61.0
7.08,Intermediate,29,60,53,24,47,80,55,79,DevOps Engineer,53.38
8.01,Intermediate,22,82,58,38,19,32,95,76,Java Developer,52.75
7.03,Beginner,29,73,34,35,49,21,95,62,Java Developer,49.75
7.4,Intermediate,20,33,36,85,24,80,88,75,AI Engineer,55.12
8.3,Intermediate,39,72,63,24,29,88,87,74,Cyber Security Engineer,59.5
7.53,Beginner,58,27,24,34,12,86,66,71,Cloud Engineer,47.25
8.05,Beginner,98,39,59,22,19,29,68,57,Frontend Developer,48.88
6.12,Advanced,54,57,28,83,22,61,83,83,AI Engineer,58.88
7.91,Intermediate,28,40,100,10,88,28,51,84,Data Analyst,53.62
6.92,Beginner,58,60,61,47,30,89,51,81,DevOps Engineer,59.62
7.47,Beginner,47,68,68,35,30,89,57,84,DevOps Engineer,59.75
7.74,Beginner,41,80,27,53,28,36,93,59,Python Developer,52.12
7.9,Beginner,57,64,53,78,43,40,84,46,Python Developer,58.12
6.13,Intermediate,59,67,45,72,38,50,88,62,Python Developer,60.12
7.02,Advanced,60,55,20,98,31,72,79,89,AI Engineer,63.0
5.72,Beginner,40,53,90,11,76,24,44,93,Data Analyst,53.88
7.52,Beginner,76,33,22,13,15,37,82,60,Mobile App Developer,42.25
5.54,Intermediate,41,80,26,60,49,41,96,70,Python Developer,57.88
9.04,Intermediate,35,42,25,99,84,33,76,66,Machine Learning Engineer,57.5
7.47,Intermediate,27,70,61,22,24,78,84,69,Cyber Security Engineer,54.38
8.48,Intermediate,49,20,82,67,88,23,70,55,Data Scientist,56.75
6.48,Intermediate,34,34,29,37,16,94,82,78,Cloud Engineer,50.5
7.39,Beginner,52,46,27,42,22,85,85,82,Cloud Engineer,55.12
7.69,Advanced,55,79,92,39,10,43,72,78,Backend Developer,58.5
7.68,Intermediate,33,51,25,27,25,39,96,71,Software Engineer,45.88
8.15,Intermediate,57,25,54,100,32,76,72,62,AI Engineer,59.75
9.72,Beginner,53,44,38,89,95,32,86,87,Machine Learning Engineer,65.5
6.48,Beginner,38,79,76,26,21,91,42,59,DevOps Engineer,54.0
7.28,Intermediate,38,55,45,38,35,93,60,55,Cloud Engineer,52.38
6.07,Beginner,31,67,39,25,48,44,82,63,Java Developer,49.88
8.58,Intermediate,23,58,39,28,28,33,98,46,Software Engineer,44.12
7.2,Beginner,45,66,34,27,20,21,86,88,Java Developer,48.38
8.08,Beginner,88,81,65,24,50,49,50,83,Full Stack Developer,61.25
8.2,Intermediate,28,39,39,89,37,60,90,50,AI Engineer,54.0
7.72,Beginner,29,73,55,42,49,91,54,71,DevOps Engineer,58.0
8.28,Intermediate,57,89,79,12,25,48,82,89,Backend Developer,60.12
8.25,Beginner,90,55,50,25,26,33,86,40,Mobile App Developer,50.62
6.82,Intermediate,48,23,72,67,83,34,46,51,Data Scientist,53.0
5.77,Intermediate,95,32,29,15,21,24,78,67,Frontend Developer,45.12
5.99,Beginner,84,57,28,19,42,37,86,75,Mobile App Developer,53.5
7.99,Beginner,42,73,42,50,44,34,97,85,Java Developer,58.38
5.76,Beginner,85,34,55,28,50,48,70,48,Mobile App Developer,52.25
8.31,Beginner,21,46,84,40,87,45,69,88,Data Analyst,60.0
7.23,Intermediate,24,22,55,44,14,95,70,59,Cloud Engineer,47.88
5.92,Beginner,39,74,37,76,33,22,83,53,Python Developer,52.12
6.23,Intermediate,62,33,59,35,14,39,74,43,Mobile App Developer,44.88
7.55,Beginner,29,77,79,40,10,86,100,44,Cyber Security Engineer,58.12
8.04,Beginner,52,61,75,11,32,95,55,72,DevOps Engineer,56.62
6.66,Intermediate,22,29,83,43,78,40,64,89,Data Analyst,56.0
7.15,Intermediate,21,49,79,21,71,23,69,87,Data Analyst,52.5
8.03,Beginner,29,87,30,32,29,37,89,73,Java Developer,50.75
5.65,Beginner,40,88,35,75,18,41,85,70,Python Developer,56.5
9.02,Advanced,25,42,27,46,50,34,95,74,Software Engineer,49.12
6.14,Intermediate,55,57,86,39,74,35,42,94,Data Analyst,60.25
7.45,Intermediate,43,89,76,41,41,82,40,54,DevOps Engineer,58.25
7.94,Advanced,55,60,44,48,47,34,92,45,Software Engineer,53.12
6.93,Intermediate,40,37,23,81,29,80,73,47,AI Engineer,51.25
9.52,Intermediate,46,27,25,39,43,31,91,59,Software Engineer,45.12
6.35,Intermediate,78,88,63,15,41,28,67,65,Full Stack Developer,55.62
5.73,Intermediate,44,97,87,22,29,43,80,62,Backend Developer,58.0
7.82,Beginner,43,33,79,50,82,21,51,74,Data Analyst,54.12
6.13,Beginner,37,21,74,77,100,31,59,46,Data Scientist,55.62
8.09,Intermediate,54,49,55,80,46,53,78,41,AI Engineer,57.0
5.65,Advanced,24,36,29,76,12,66,82,57,AI Engineer,47.75
5.63,Intermediate,36,55,68,86,93,36,69,75,Data Scientist,64.75
7.65,Intermediate,58,39,27,91,89,33,88,55,Machine Learning Engineer,60.0
7.56,Advanced,47,60,39,41,38,49,88,80,Software Engineer,55.25
9.86,Intermediate,25,41,39,93,79,43,75,55,Machine Learning Engineer,56.25
7.07,Intermediate,47,93,83,42,32,49,85,52,Backend Developer,60.38
7.75,Intermediate,31,50,60,28,27,33,100,60,Software Engineer,48.62
7.05,Intermediate,43,26,81,29,67,28,56,89,Data Analyst,52.38
7.75,Intermediate,81,95,72,24,21,37,61,89,Full Stack Developer,60.0
5.56,Beginner,59,84,77,13,34,88,69,69,DevOps Engineer,61.62
8.23,Intermediate,99,59,38,12,20,22,60,77,Frontend Developer,48.38
6.75,Beginner,94,23,43,38,43,50,60,81,Frontend Developer,54.0
6.49,Beginner,41,43,94,15,80,46,42,71,Data Analyst,54.0
7.66,Intermediate,57,67,69,25,39,94,40,70,DevOps Engineer,57.62
7.51,Intermediate,57,92,81,12,38,45,73,40,Backend Developer,54.75
8.84,Intermediate,40,57,36,47,17,38,100,65,Software Engineer,50.0
7.92,Intermediate,24,87,94,46,20,26,75,44,Backend Developer,52.0
7.77,Intermediate,56,75,80,25,34,35,79,67,Backend Developer,56.38
8.07,Intermediate,92,83,73,12,11,46,58,64,Full Stack Developer,54.88
7.67,Beginner,89,85,63,14,38,44,55,44,Full Stack Developer,54.0
6.92,Intermediate,41,60,69,35,45,68,79,76,Cyber Security Engineer,59.12
7.8,Beginner,61,34,42,34,45,24,86,61,Mobile App Developer,48.38
7.99,Advanced,34,84,86,45,50,43,84,73,Backend Developer,62.38
6.32,Beginner,56,39,51,33,21,98,85,82,Cloud Engineer,58.12
6.82,Beginner,35,61,72,46,42,61,98,88,Cyber Security Engineer,62.88
8.26,Advanced,60,79,78,35,20,44,73,74,Backend Developer,57.88
7.97,Intermediate,50,64,50,27,18,96,46,45,DevOps Engineer,49.5
6.84,Intermediate,60,60,60,21,23,85,61,90,DevOps Engineer,57.5
6.61,Beginner,42,31,27,29,11,92,67,48,Cloud Engineer,43.38
6.74,Intermediate,40,68,71,48,30,90,96,90,Cyber Security Engineer,66.62
7.97,Beginner,20,40,82,18,72,24,57,90,Data Analyst,50.38
8.09,Beginner,92,80,86,14,37,49,69,56,Full Stack Developer,60.38
8.2,Beginner,61,50,20,29,33,26,83,85,Mobile App Developer,48.38
8.34,Intermediate,50,36,24,90,79,20,78,51,Machine Learning Engineer,53.5
7.98,Intermediate,89,21,30,40,46,22,93,64,Mobile App Developer,50.62
8.28,Beginner,50,27,40,12,31,94,76,61,Cloud Engineer,48.88
6.6,Intermediate,81,92,89,20,40,45,59,77,Full Stack Developer,62.88
9.06,Beginner,49,55,54,92,90,20,89,49,Machine Learning Engineer,62.25
6.84,Advanced,51,44,52,94,16,54,79,87,AI Engineer,59.62
6.76,Beginner,50,87,36,36,48,30,80,83,Java Developer,56.25
8.49,Intermediate,52,56,33,17,35,46,97,62,Software Engineer,49.75
5.61,Beginner,52,85,55,14,45,24,89,87,Java Developer,56.38
6.17,Intermediate,49,78,32,42,50,28,99,69,Java Developer,55.88
8.45,Beginner,31,43,99,33,82,28,46,75,Data Analyst,54.62
5.9,Intermediate,74,87,75,16,22,49,64,80,Full Stack Developer,58.38
5.85,Intermediate,71,73,82,23,44,29,56,64,Full Stack Developer,55.25
7.38,Beginner,51,72,40,59,50,29,77,78,Python Developer,57.0
7.59,Intermediate,39,20,47,86,93,31,93,68,Machine Learning Engineer,59.62
8.16,Beginner,27,24,90,82,82,21,42,72,Data Scientist,55.0
7.35,Intermediate,60,46,98,34,78,32,41,85,Data Analyst,59.25
7.18,Beginner,62,35,28,25,14,22,85,55,Mobile App Developer,40.75
9.34,Intermediate,48,54,52,14,30,32,92,56,Software Engineer,47.25
9.41,Beginner,40,43,44,98,81,48,93,60,Machine Learning Engineer,63.38
6.83,Intermediate,32,60,65,20,30,83,85,62,Cyber Security Engineer,54.62
7.87,Intermediate,53,39,84,90,99,24,45,72,Data Scientist,63.25
7.54,Intermediate,20,26,33,91,86,44,94,50,Machine Learning Engineer,55.5
7.83,Intermediate,53,26,58,21,20,36,87,67,Software Engineer,46.0
6.09,Intermediate,32,89,80,14,25,86,65,86,DevOps Engineer,59.62
6.05,Beginner,30,89,73,16,10,94,63,53,DevOps Engineer,53.5
6.03,Intermediate,76,28,28,47,38,32,88,81,Mobile App Developer,52.25
7.75,Beginner,85,32,39,49,18,33,90,53,Frontend Developer,49.88
6.32,Beginner,36,67,36,35,21,37,99,70,Java Developer,50.12
6.58,Beginner,99,33,50,42,41,33,82,72,Frontend Developer,56.5
6.33,Beginner,60,68,89,15,40,74,82,90,Cyber Security Engineer,64.75
6.15,Beginner,86,76,75,25,17,40,57,71,Full Stack Developer,55.88
7.05,Beginner,52,74,35,18,50,35,78,47,Java Developer,48.62
9.57,Advanced,60,45,60,49,31,39,82,42,Software Engineer,51.0
5.92,Beginner,38,60,72,33,47,62,95,69,Cyber Security Engineer,59.5
8.21,Intermediate,54,29,52,86,19,61,92,51,AI Engineer,55.5
8.31,Intermediate,50,24,45,18,24,33,82,80,Software Engineer,44.5
6.67,Beginner,48,90,49,44,13,21,90,82,Java Developer,54.62
7.16,Intermediate,60,86,78,45,19,48,71,90,Backend Developer,62.12
7.66,Beginner,23,66,61,46,42,90,66,77,DevOps Engineer,58.88
6.74,Intermediate,77,21,41,31,14,21,71,76,Mobile App Developer,44.0
7.28,Intermediate,56,68,64,50,45,72,83,88,Cyber Security Engineer,65.75
7.46,Beginner,24,35,88,32,73,25,63,93,Data Analyst,54.12
8.24,Intermediate,21,84,70,47,50,78,81,61,Cyber Security Engineer,61.5
7.54,Advanced,45,87,95,46,19,27,82,76,Backend Developer,59.62
9.13,Intermediate,43,52,24,97,81,28,86,68,Machine Learning Engineer,59.88
7.2,Intermediate,80,54,59,31,47,24,83,87,Mobile App Developer,58.12
6.21,Intermediate,32,52,30,75,29,56,70,70,AI Engineer,51.75
6.7,Beginner,36,52,72,78,84,44,46,82,Data Scientist,61.75
7.46,Beginner,22,25,81,10,76,42,41,86,Data Analyst,47.88
8.5,Intermediate,39,34,85,75,83,47,42,88,Data Scientist,61.62
7.03,Intermediate,75,86,82,48,44,27,52,45,Full Stack Developer,57.38
7.06,Beginner,44,51,78,90,87,43,65,73,Data Scientist,66.38
5.79,Beginner,53,20,42,46,44,87,70,59,Cloud Engineer,52.62
6.74,Beginner,80,81,78,36,42,38,42,72,Full Stack Developer,58.62
6.63,Intermediate,26,78,81,21,35,42,73,86,Backend Developer,55.25
8.02,Intermediate,50,90,78,48,33,77,70,41,Cyber Security Engineer,60.88
8.48,Beginner,78,43,54,19,34,34,70,68,Frontend Developer,50.0
5.59,Intermediate,30,86,72,20,22,34,73,72,Backend Developer,51.12
8.44,Beginner,26,76,44,18,42,38,77,61,Java Developer,47.75
6.09,Intermediate,93,90,66,23,22,41,70,46,Full Stack Developer,56.38
6.36,Intermediate,26,93,76,35,28,33,74,68,Backend Developer,54.12
7.19,Intermediate,51,86,47,74,21,35,89,84,Python Developer,60.88
5.87,Intermediate,95,53,41,41,37,42,81,51,Frontend Developer,55.12
8.87,Intermediate,51,30,39,89,84,22,84,87,Machine Learning Engineer,60.75
8.49,Beginner,58,85,74,28,17,62,77,65,Cyber Security Engineer,58.25
7.6,Beginner,23,30,76,42,88,48,56,71,Data Analyst,54.25
8.33,Intermediate,30,59,47,86,90,48,75,70,Machine Learning Engineer,63.12
7.68,Intermediate,32,59,50,90,92,44,95,49,Machine Learning Engineer,63.88
6.88,Beginner,28,69,40,52,49,46,86,54,Python Developer,53.0
5.57,Intermediate,40,44,42,25,48,93,75,58,Cloud Engineer,53.12
5.68,Intermediate,25,58,25,88,12,62,78,84,AI Engineer,54.0
5.78,Beginner,64,34,22,40,29,20,80,56,Mobile App Developer,43.12
7.26,Advanced,53,85,74,10,42,45,75,76,Backend Developer,57.5
9.36,Intermediate,44,53,56,36,34,23,84,83,Software Engineer,51.62
6.07,Beginner,36,43,48,36,24,87,74,58,Cloud Engineer,50.75
8.31,Intermediate,80,39,55,10,41,49,74,44,Mobile App Developer,49.0
6.17,Beginner,73,45,59,44,14,39,82,85,Mobile App Developer,55.12
6.73,Advanced,28,40,41,82,21,67,82,65,AI Engineer,53.25
8.02,Beginner,20,69,41,26,24,40,84,80,Java Developer,48.0
6.39,Intermediate,89,56,57,43,31,41,94,46,Mobile App Developer,57.12
7.12,Intermediate,34,43,99,46,86,34,67,84,Data Analyst,61.62
5.76,Beginner,42,29,44,38,33,98,90,42,Cloud Engineer,52.0
8.36,Beginner,47,24,86,42,65,50,59,95,Data Analyst,58.5
6.35,Beginner,21,53,82,31,84,32,47,79,Data Analyst,53.62
8.01,Intermediate,83,20,50,26,29,40,73,71,Mobile App Developer,49.0
7.03,Intermediate,60,76,94,46,49,20,93,56,Backend Developer,61.75
7.23,Intermediate,39,36,88,66,92,33,45,86,Data Scientist,60.62
7.53,Intermediate,67,37,41,16,46,32,75,42,Mobile App Developer,44.5
8.1,Beginner,37,76,41,59,45,44,86,59,Python Developer,55.88
7.59,Beginner,78,38,35,12,30,41,71,82,Frontend Developer,48.38
7.32,Advanced,35,83,88,46,21,37,81,68,Backend Developer,57.38
9.39,Intermediate,55,37,36,41,46,42,87,40,Software Engineer,48.0
7.57,Intermediate,47,38,34,17,41,95,84,43,Cloud Engineer,49.88
7.1,Intermediate,83,25,48,29,11,30,86,59,Mobile App Developer,46.38
5.52,Advanced,33,41,53,92,20,51,71,70,AI Engineer,53.88
8.44,Intermediate,80,77,75,23,21,32,63,86,Full Stack Developer,57.12
9.72,Advanced,25,55,50,10,39,31,86,80,Software Engineer,47.0
6.83,Intermediate,32,84,80,44,22,21,92,53,Backend Developer,53.5
8.29,Beginner,78,75,88,39,28,39,51,61,Full Stack Developer,57.38
7.43,Beginner,49,87,78,18,18,65,76,53,Cyber Security Engineer,55.5
8.1,Beginner,33,48,43,90,84,35,84,53,Machine Learning Engineer,58.75
7.27,Beginner,61,58,31,35,47,36,90,53,Mobile App Developer,51.38
7.73,Intermediate,48,44,31,98,75,21,83,50,Machine Learning Engineer,56.25
7.84,Beginner,76,53,57,14,20,30,66,52,Frontend Developer,46.0
7.33,Intermediate,45,22,72,78,87,40,52,61,Data Scientist,57.12
6.44,Intermediate,21,75,76,35,20,79,74,49,Cyber Security Engineer,53.62
8.59,Intermediate,24,50,31,12,23,42,98,66,Software Engineer,43.25
6.89,Beginner,92,26,23,10,39,45,79,47,Frontend Developer,45.12
8.48,Intermediate,55,53,88,86,96,27,64,43,Data Scientist,64.0
8.16,Intermediate,43,20,84,66,98,42,48,79,Data Scientist,60.0
7.17,Intermediate,57,33,25,19,45,96,61,84,Cloud Engineer,52.5
6.87,Intermediate,45,89,78,11,14,34,88,60,Backend Developer,52.38
6.19,Intermediate,27,87,31,16,19,28,92,83,Java Developer,47.88
5.89,Intermediate,43,94,94,47,16,21,95,69,Backend Developer,59.88
6.23,Beginner,29,29,45,46,35,100,82,82,Cloud Engineer,56.0
8.18,Beginner,27,84,59,18,30,94,45,71,DevOps Engineer,53.5
6.76,Beginner,20,69,20,18,42,46,87,84,Java Developer,48.25
8.36,Beginner,48,51,78,35,67,31,49,93,Data Analyst,56.5
5.58,Beginner,25,70,85,21,36,78,77,81,Cyber Security Engineer,59.12
7.58,Advanced,22,100,94,15,40,20,93,46,Backend Developer,53.75
7.42,Beginner,60,50,82,14,85,36,56,86,Data Analyst,58.62
6.38,Beginner,59,73,51,36,33,87,45,46,DevOps Engineer,53.75
8.37,Intermediate,28,62,73,48,24,66,93,53,Cyber Security Engineer,55.88
6.38,Beginner,90,47,38,35,49,22,70,53,Frontend Developer,50.5
7.82,Intermediate,39,32,28,76,48,53,90,85,AI Engineer,56.38
7.2,Beginner,29,66,64,10,34,69,94,59,Cyber Security Engineer,53.12
7.08,Intermediate,21,52,41,90,16,62,76,68,AI Engineer,53.25
5.83,Intermediate,44,89,54,17,48,92,55,56,DevOps Engineer,56.88
5.59,Beginner,29,67,45,42,28,49,86,50,Java Developer,49.5
5.7,Intermediate,49,47,61,79,94,38,70,69,Data Scientist,63.38
9.06,Intermediate,33,33,40,10,36,24,88,61,Software Engineer,40.62
8.01,Intermediate,57,86,85,32,40,50,73,63,Backend Developer,60.75
8.39,Beginner,43,77,84,21,21,68,97,64,Cyber Security Engineer,59.38
6.8,Beginner,51,65,45,33,34,49,80,58,Java Developer,51.88
7.17,Intermediate,39,60,76,65,80,34,54,66,Data Scientist,59.25
7.93,Beginner,38,38,57,14,15,98,79,62,Cloud Engineer,50.12
7.21,Beginner,71,45,45,27,31,24,71,52,Mobile App Developer,45.75
8.0,Intermediate,53,76,45,12,50,29,87,42,Java Developer,49.25
6.54,Beginner,42,55,82,39,73,35,57,92,Data Analyst,59.38
8.23,Beginner,53,78,39,17,45,27,77,82,Java Developer,52.25
7.05,Beginner,54,84,58,62,26,34,80,56,Python Developer,56.75
5.5,Intermediate,48,73,77,38,39,74,91,72,Cyber Security Engineer,64.0
6.8,Beginner,54,87,58,13,22,88,40,77,DevOps Engineer,54.88
5.73,Intermediate,85,25,53,22,49,47,75,83,Frontend Developer,54.88
6.43,Beginner,51,70,54,18,24,40,88,70,Java Developer,51.88
9.32,Beginner,54,57,24,98,91,44,93,56,Machine Learning Engineer,64.62
7.42,Beginner,86,36,47,45,22,28,88,60,Frontend Developer,51.5
8.02,Intermediate,44,35,29,92,15,50,86,69,AI Engineer,52.5
6.09,Beginner,73,91,64,40,48,26,44,46,Full Stack Developer,54.0
5.87,Intermediate,26,20,83,67,92,29,61,47,Data Scientist,53.12
7.45,Beginner,38,73,73,17,23,69,100,41,Cyber Security Engineer,54.25
7.32,Beginner,55,53,43,43,36,92,80,55,Cloud Engineer,57.12
8.3,Intermediate,25,30,69,90,81,27,68,62,Data Scientist,56.5
7.46,Beginner,100,48,37,13,14,29,78,50,Frontend Developer,46.12
6.3,Intermediate,31,57,87,31,86,32,60,83,Data Analyst,58.38
7.99,Intermediate,41,68,60,45,29,98,60,54,DevOps Engineer,56.88
5.62,Beginner,39,31,68,65,99,32,61,81,Data Scientist,59.5
6.95,Beginner,36,69,66,11,36,85,57,78,DevOps Engineer,54.75
7.15,Beginner,23,42,86,78,100,39,41,80,Data Scientist,61.12
5.8,Intermediate,32,79,95,10,18,20,84,50,Backend Developer,48.5
6.85,Intermediate,32,46,25,50,25,90,80,81,Cloud Engineer,53.62
9.77,Beginner,41,22,51,88,92,20,86,60,Machine Learning Engineer,57.5
7.26,Advanced,36,93,95,12,40,44,78,50,Backend Developer,56.0
7.65,Advanced,38,92,82,33,29,41,75,41,Backend Developer,53.88
8.17,Beginner,84,43,30,15,26,24,79,64,Frontend Developer,45.62
6.14,Intermediate,25,74,79,37,18,85,88,52,Cyber Security Engineer,57.25
7.53,Intermediate,24,49,23,15,42,20,86,88,Software Engineer,43.38
6.1,Intermediate,29,63,75,44,49,84,63,58,DevOps Engineer,58.12
7.39,Beginner,67,58,49,34,25,33,88,60,Mobile App Developer,51.75
5.56,Intermediate,56,31,56,81,50,80,78,55,AI Engineer,60.88
5.81,Intermediate,52,77,47,13,42,46,98,48,Java Developer,52.88
6.95,Beginner,58,67,54,45,25,39,95,41,Java Developer,53.0
6.04,Intermediate,94,52,38,14,19,48,72,56,Frontend Developer,49.12
7.19,Intermediate,51,75,48,73,18,50,86,69,Python Developer,58.75
7.18,Beginner,86,46,20,13,12,28,77,57,Frontend Developer,42.38
8.88,Advanced,30,29,30,15,33,30,80,85,Software Engineer,41.5
7.79,Intermediate,50,84,90,13,16,66,83,65,Cyber Security Engineer,58.38
7.03,Intermediate,59,72,35,14,37,46,79,61,Java Developer,50.38
7.23,Intermediate,82,27,38,41,19,22,62,79,Frontend Developer,46.25
6.49,Beginner,83,30,36,21,18,36,81,46,Frontend Developer,43.88
7.71,Intermediate,23,90,72,35,48,45,94,84,Backend Developer,61.38
6.1,Beginner,55,82,48,51,22,26,96,66,Python Developer,55.75
9.31,Intermediate,54,60,52,37,20,25,95,76,Software Engineer,52.38
8.34,Advanced,31,57,22,87,38,74,78,79,AI Engineer,58.25
8.07,Advanced,35,52,34,82,35,65,77,84,AI Engineer,58.0
7.97,Intermediate,47,50,62,65,84,20,57,78,Data Scientist,57.88
7.36,Intermediate,80,29,40,18,27,25,75,56,Frontend Developer,43.75
6.86,Intermediate,56,80,59,62,48,37,90,77,Python Developer,63.62
5.95,Beginner,54,44,63,77,85,50,59,67,Data Scientist,62.38
9.02,Intermediate,21,42,43,96,95,43,90,90,Machine Learning Engineer,65.0
5.96,Beginner,77,59,32,14,31,23,79,46,Frontend Developer,45.12
6.23,Intermediate,38,81,71,25,35,91,54,74,DevOps Engineer,58.62
7.41,Intermediate,52,87,84,43,47,22,71,74,Backend Developer,60.0
8.19,Beginner,27,57,89,79,82,24,63,51,Data Scientist,59.0
7.72,Beginner,58,61,31,62,14,47,79,46,Python Developer,49.75
7.59,Beginner,90,93,71,22,23,28,45,46,Full Stack Developer,52.25
7.35,Intermediate,47,86,94,33,36,35,73,83,Backend Developer,60.88
5.86,Beginner,51,82,40,30,39,25,85,58,Java Developer,51.25
7.91,Intermediate,60,53,62,88,85,50,42,48,Data Scientist,61.0
6.26,Intermediate,77,84,72,26,23,20,63,52,Full Stack Developer,52.12
8.2,Intermediate,86,89,75,13,45,31,44,42,Full Stack Developer,53.12
7.54,Beginner,31,90,67,17,25,81,62,58,DevOps Engineer,53.88
7.14,Beginner,57,76,38,57,27,34,86,75,Python Developer,56.25
8.06,Beginner,74,88,86,38,21,48,50,61,Full Stack Developer,58.25
6.57,Intermediate,78,45,26,41,32,29,89,85,Frontend Developer,53.12
6.2,Beginner,35,89,47,70,46,38,95,59,Python Developer,59.88
7.33,Beginner,77,88,73,23,19,28,68,46,Full Stack Developer,52.75
5.74,Advanced,52,83,73,33,22,24,74,78,Backend Developer,54.88
7.51,Beginner,83,79,63,15,44,29,53,58,Full Stack Developer,53.0
7.59,Intermediate,20,24,22,89,13,72,85,68,AI Engineer,49.12
7.56,Beginner,39,82,43,20,35,43,82,57,Java Developer,50.12
8.38,Advanced,42,79,84,39,23,32,74,40,Backend Developer,51.62
6.59,Beginner,89,90,66,39,31,47,56,71,Full Stack Developer,61.12
6.86,Beginner,25,30,50,24,34,99,64,55,Cloud Engineer,47.62
7.55,Advanced,45,55,27,83,45,61,92,90,AI Engineer,62.25
8.86,Intermediate,48,32,38,30,43,41,81,78,Software Engineer,48.88
6.48,Intermediate,20,27,45,92,38,73,93,90,AI Engineer,59.75
8.91,Intermediate,31,48,37,91,85,40,82,72,Machine Learning Engineer,60.75
5.53,Intermediate,79,27,35,18,29,39,67,57,Frontend Developer,43.88
7.83,Intermediate,43,33,47,17,28,41,87,47,Software Engineer,42.88
8.09,Intermediate,75,52,25,25,25,21,89,44,Frontend Developer,44.5
5.5,Beginner,80,86,73,36,48,32,55,66,Full Stack Developer,59.5
8.02,Beginner,87,29,32,22,23,48,86,51,Mobile App Developer,47.25
6.5,Intermediate,100,44,53,31,25,31,81,65,Frontend Developer,53.75
7.91,Intermediate,40,60,98,18,90,31,62,81,Data Analyst,60.0
6.43,Beginner,76,21,43,42,44,26,81,56,Mobile App Developer,48.62
7.28,Intermediate,22,69,33,37,41,22,85,44,Java Developer,44.12
7.95,Beginner,35,33,30,12,42,91,88,51,Cloud Engineer,47.75
5.65,Intermediate,37,94,84,49,34,34,94,76,Backend Developer,62.75
7.28,Beginner,21,29,96,49,74,23,67,84,Data Analyst,55.38
6.51,Intermediate,93,79,88,29,27,38,55,66,Full Stack Developer,59.38
7.36,Intermediate,79,72,88,35,50,34,43,70,Full Stack Developer,58.88
7.71,Intermediate,39,72,61,26,35,93,69,42,DevOps Engineer,54.62
6.24,Intermediate,59,74,27,77,35,29,90,68,Python Developer,57.38
8.21,Intermediate,49,38,27,98,80,28,82,57,Machine Learning Engineer,57.38
9.92,Intermediate,37,33,52,99,87,24,79,45,Machine Learning Engineer,57.0
8.17,Intermediate,51,32,46,38,46,48,98,75,Software Engineer,54.25
7.07,Intermediate,76,25,26,28,45,32,75,68,Mobile App Developer,46.88
8.41,Intermediate,55,35,24,48,13,21,87,63,Software Engineer,43.25
7.63,Beginner,45,68,26,27,41,27,98,62,Java Developer,49.25
6.24,Beginner,85,40,27,45,20,39,92,42,Mobile App Developer,48.75
6.08,Beginner,49,75,69,49,30,86,54,56,DevOps Engineer,58.5
7.87,Intermediate,78,53,51,26,28,25,76,72,Mobile App Developer,51.12
7.06,Intermediate,21,67,68,19,25,99,68,43,DevOps Engineer,51.25
6.24,Beginner,63,22,20,19,47,42,72,89,Mobile App Developer,46.75
7.82,Beginner,22,53,39,100,81,20,90,43,Machine Learning Engineer,56.0
6.34,Beginner,49,45,47,19,33,96,88,89,Cloud Engineer,58.25
5.96,Intermediate,58,83,40,49,14,43,97,41,Java Developer,53.12
6.91,Beginner,91,52,55,37,49,34,87,49,Frontend Developer,56.75
6.19,Intermediate,49,65,57,51,48,32,94,69,Python Developer,58.12
9.56,Intermediate,60,34,51,11,21,31,87,43,Software Engineer,42.25
6.31,Beginner,25,66,41,50,31,23,97,76,Java Developer,51.12
8.07,Beginner,46,28,33,49,37,86,73,63,Cloud Engineer,51.88
6.44,Intermediate,36,62,79,32,24,83,89,85,Cyber Security Engineer,61.25
7.01,Beginner,42,89,72,21,47,99,61,42,DevOps Engineer,59.12
5.6,Intermediate,33,48,28,33,45,94,74,45,Cloud Engineer,50.0
5.78,Intermediate,27,27,39,77,32,73,74,61,AI Engineer,51.25
6.78,Beginner,20,87,60,48,10,34,83,90,Java Developer,54.0
5.58,Beginner,87,51,60,41,47,34,91,69,Mobile App Developer,60.0
8.37,Beginner,60,88,75,35,18,75,76,73,Cyber Security Engineer,62.5
7.8,Beginner,78,21,56,48,43,35,92,86,Mobile App Developer,57.38
7.08,Intermediate,80,41,22,38,22,44,72,42,Mobile App Developer,45.12
5.91,Beginner,52,77,52,27,47,20,81,67,Java Developer,52.88
6.1,Intermediate,28,88,70,22,43,71,98,51,Cyber Security Engineer,58.88
7.28,Intermediate,23,71,64,25,38,80,94,79,Cyber Security Engineer,59.25
5.86,Intermediate,40,37,31,30,27,88,84,68,Cloud Engineer,50.62
8.33,Beginner,99,55,40,42,23,32,79,65,Frontend Developer,54.38
7.82,Beginner,94,95,60,25,40,25,42,68,Full Stack Developer,56.12
6.32,Intermediate,39,45,22,20,19,96,61,59,Cloud Engineer,45.12
8.16,Beginner,80,53,44,16,11,40,80,56,Frontend Developer,47.5
7.18,Intermediate,41,86,79,45,40,91,67,62,DevOps Engineer,63.88
5.99,Intermediate,92,81,69,22,40,29,64,63,Full Stack Developer,57.5
8.0,Intermediate,56,50,41,28,13,91,86,75,Cloud Engineer,55.0
6.96,Intermediate,23,77,36,47,14,22,95,68,Java Developer,47.75
7.75,Beginner,40,60,100,41,73,46,43,92,Data Analyst,61.88
7.49,Advanced,44,53,28,77,23,51,72,62,AI Engineer,51.25
6.09,Intermediate,24,97,92,24,10,25,88,81,Backend Developer,55.12
5.85,Beginner,22,48,95,27,82,49,68,77,Data Analyst,58.5
7.6,Beginner,57,36,78,23,73,22,50,89,Data Analyst,53.5
8.16,Beginner,27,90,66,38,27,80,95,67,Cyber Security Engineer,61.25
7.05,Intermediate,60,20,79,15,82,41,66,76,Data Analyst,54.88
8.11,Advanced,49,45,28,42,35,36,90,58,Software Engineer,47.88
7.38,Beginner,24,49,65,72,94,35,64,85,Data Scientist,61.0
6.68,Beginner,94,26,47,30,22,33,88,69,Frontend Developer,51.12
7.83,Beginner,82,58,52,35,20,27,88,90,Frontend Developer,56.5
8.23,Intermediate,34,32,57,93,90,40,88,48,Machine Learning Engineer,60.25
7.56,Beginner,37,74,56,21,27,100,54,53,DevOps Engineer,52.75
7.64,Intermediate,42,61,32,78,40,41,75,74,Python Developer,55.38
8.75,Intermediate,48,37,49,19,18,50,91,75,Software Engineer,48.38
6.06,Beginner,92,92,71,50,49,34,55,82,Full Stack Developer,65.62
7.66,Intermediate,26,36,57,29,44,93,83,85,Cloud Engineer,56.62
8.04,Beginner,35,42,36,46,48,90,66,54,Cloud Engineer,52.12
8.16,Intermediate,57,78,40,55,35,44,88,80,Python Developer,59.62
6.67,Intermediate,29,26,26,82,36,57,71,50,AI Engineer,47.12
7.99,Intermediate,95,78,67,25,31,28,53,41,Full Stack Developer,52.25
8.03,Advanced,44,99,79,18,39,47,84,57,Backend Developer,58.38
6.14,Beginner,97,49,49,24,48,39,81,59,Frontend Developer,55.75
7.42,Intermediate,73,76,63,50,10,21,64,40,Full Stack Developer,49.62
6.55,Beginner,50,78,46,63,33,40,92,63,Python Developer,58.12
7.37,Intermediate,50,24,66,82,98,38,56,48,Data Scientist,57.75
8.26,Beginner,55,61,72,49,48,80,75,58,Cyber Security Engineer,62.25
5.83,Intermediate,46,69,52,10,46,47,98,68,Java Developer,54.5
6.85,Beginner,43,87,21,48,12,31,89,51,Java Developer,47.75
6.82,Intermediate,86,50,49,38,26,45,85,60,Frontend Developer,54.88
8.41,Beginner,82,48,33,41,45,26,87,47,Frontend Developer,51.12
6.95,Intermediate,48,49,89,26,65,36,61,93,Data Analyst,58.38
6.38,Beginner,77,53,36,38,43,34,77,46,Frontend Developer,50.5
7.23,Beginner,83,59,46,41,16,20,68,56,Frontend Developer,48.62
7.43,Intermediate,28,46,35,32,10,95,73,82,Cloud Engineer,50.12
7.33,Intermediate,53,90,75,24,10,97,41,71,DevOps Engineer,57.62
8.11,Intermediate,41,53,26,76,11,77,72,68,AI Engineer,53.0
6.37,Intermediate,78,56,58,40,17,34,75,58,Frontend Developer,52.0
6.7,Intermediate,88,58,53,39,50,36,79,86,Mobile App Developer,61.12
5.78,Intermediate,57,85,52,66,48,30,82,40,Python Developer,57.5
6.63,Advanced,58,93,90,36,36,41,88,65,Backend Developer,63.38
5.75,Intermediate,95,49,48,29,11,42,66,40,Frontend Developer,47.5
7.84,Intermediate,65,21,38,30,24,21,93,62,Mobile App Developer,44.25
5.74,Beginner,100,56,53,13,38,39,63,84,Frontend Developer,55.75
7.11,Intermediate,28,36,66,70,89,29,57,60,Data Scientist,54.38
8.33,Beginner,34,31,82,24,68,39,50,94,Data Analyst,52.75
5.71,Beginner,44,85,55,79,31,25,93,89,Python Developer,62.62
8.19,Intermediate,21,42,53,18,39,91,69,58,Cloud Engineer,48.88
7.59,Intermediate,20,90,36,45,17,31,94,74,Java Developer,50.88
6.08,Advanced,60,36,60,95,13,56,80,84,AI Engineer,60.5
8.26,Beginner,45,34,69,90,91,27,57,67,Data Scientist,60.0
7.74,Intermediate,29,41,59,97,77,27,94,77,Machine Learning Engineer,62.62
8.45,Intermediate,56,81,57,59,36,27,82,51,Python Developer,56.12
7.91,Intermediate,48,28,29,88,84,32,89,40,Machine Learning Engineer,54.75
8.78,Advanced,47,42,32,39,12,21,88,69,Software Engineer,43.75
6.52,Advanced,41,35,57,81,27,66,93,45,AI Engineer,55.62
7.94,Beginner,22,52,48,45,20,89,72,78,Cloud Engineer,53.25
7.81,Beginner,44,41,44,16,27,87,90,81,Cloud Engineer,53.75
6.01,Intermediate,55,60,65,48,20,84,63,51,DevOps Engineer,55.75
6.44,Intermediate,32,80,31,72,41,50,93,78,Python Developer,59.62
6.97,Beginner,55,58,26,16,44,89,74,52,Cloud Engineer,51.75
5.83,Intermediate,57,77,59,11,49,33,90,72,Java Developer,56.0
7.44,Intermediate,48,55,32,24,19,90,69,45,Cloud Engineer,47.75
6.85,Intermediate,27,48,27,86,43,68,84,70,AI Engineer,56.62
6.76,Intermediate,27,75,65,12,18,81,57,76,DevOps Engineer,51.38
8.47,Beginner,42,77,22,47,47,20,83,47,Java Developer,48.12
6.76,Intermediate,45,25,90,15,77,33,46,94,Data Analyst,53.12
7.44,Beginner,41,51,31,37,29,91,60,89,Cloud Engineer,53.62
5.86,Intermediate,49,56,86,37,78,21,69,83,Data Analyst,59.88
9.38,Advanced,49,43,27,23,30,49,90,41,Software Engineer,44.0
6.38,Intermediate,45,23,79,13,88,43,55,76,Data Analyst,52.75
8.48,Beginner,57,85,68,12,41,82,61,55,DevOps Engineer,57.62
6.27,Beginner,44,80,75,12,12,98,57,46,DevOps Engineer,53.0
7.02,Intermediate,54,34,47,39,26,85,68,78,Cloud Engineer,53.88
7.9,Advanced,25,60,52,96,11,65,85,83,AI Engineer,59.62
7.88,Intermediate,25,41,49,100,79,37,84,78,Machine Learning Engineer,61.62
8.12,Advanced,38,20,47,13,12,46,90,85,Software Engineer,43.88
7.89,Intermediate,62,50,45,18,44,25,78,71,Mobile App Developer,49.12
8.35,Beginner,54,61,65,49,24,82,74,50,Cyber Security Engineer,57.38
7.89,Intermediate,44,21,39,78,22,65,85,66,AI Engineer,52.5
7.62,Beginner,32,56,32,87,88,27,82,78,Machine Learning Engineer,60.25
6.6,Intermediate,37,42,26,20,41,90,89,73,Cloud Engineer,52.25
6.54,Beginner,39,71,41,39,27,48,93,44,Java Developer,50.25
7.3,Beginner,98,28,24,34,43,38,75,79,Frontend Developer,52.38
7.19,Intermediate,83,46,46,37,10,28,72,60,Mobile App Developer,47.75
7.99,Beginner,21,29,95,32,86,43,53,84,Data Analyst,55.38
7.34,Beginner,21,70,68,43,42,94,42,64,DevOps Engineer,55.5
8.1,Intermediate,39,98,92,28,28,21,88,77,Backend Developer,58.88
7.78,Intermediate,58,73,33,57,35,39,79,49,Python Developer,52.88
7.38,Beginner,44,45,48,38,38,100,68,53,Cloud Engineer,54.25
8.17,Beginner,25,49,80,24,79,49,49,74,Data Analyst,53.62
7.92,Intermediate,29,89,31,65,33,20,84,53,Python Developer,50.5
7.06,Beginner,43,62,66,47,48,94,42,71,DevOps Engineer,59.12
8.01,Intermediate,36,69,57,17,27,21,91,45,Java Developer,45.38
6.32,Intermediate,95,92,89,47,24,46,60,67,Full Stack Developer,65.0
7.33,Intermediate,33,77,79,20,29,93,43,65,DevOps Engineer,54.88
5.63,Beginner,34,41,81,77,80,21,40,67,Data Scientist,55.12
6.35,Intermediate,59,37,69,90,90,21,48,79,Data Scientist,61.62
6.4,Intermediate,57,64,37,67,35,49,85,58,Python Developer,56.5
5.9,Intermediate,40,71,54,23,11,37,99,75,Java Developer,51.25
7.58,Beginner,25,44,81,76,86,38,63,86,Data Scientist,62.38
6.56,Beginner,45,25,90,74,98,29,40,44,Data Scientist,55.62
7.79,Beginner,72,55,37,39,35,37,78,78,Mobile App Developer,53.88
7.46,Advanced,22,98,92,44,50,23,79,67,Backend Developer,59.38
7.55,Intermediate,27,50,88,49,65,27,65,75,Data Analyst,55.75
8.12,Beginner,50,80,56,27,47,31,97,62,Java Developer,56.25
7.72,Beginner,53,74,80,48,13,95,57,63,DevOps Engineer,60.38
6.62,Intermediate,37,21,47,43,48,90,87,78,Cloud Engineer,56.38
6.34,Advanced,58,26,55,81,34,72,95,43,AI Engineer,58.0
6.12,Intermediate,21,24,39,27,31,88,85,74,Cloud Engineer,48.62
6.43,Intermediate,38,70,74,11,21,84,67,63,DevOps Engineer,53.5
6.27,Intermediate,49,87,35,29,11,21,79,64,Java Developer,46.88
7.3,Intermediate,24,89,66,27,20,65,89,48,Cyber Security Engineer,53.5
8.41,Advanced,50,50,28,26,28,26,80,83,Software Engineer,46.38
7.88,Beginner,23,21,60,82,80,25,60,51,Data Scientist,50.25
6.09,Intermediate,30,84,82,41,16,30,72,83,Backend Developer,54.75
6.69,Beginner,64,58,20,14,39,46,90,57,Mobile App Developer,48.5
6.56,Intermediate,23,90,85,34,16,47,88,66,Backend Developer,56.12
7.8,Beginner,27,48,67,81,87,34,58,48,Data Scientist,56.25
8.22,Beginner,42,50,25,85,88,46,75,79,Machine Learning Engineer,61.25
7.71,Intermediate,77,77,76,46,21,25,52,58,Full Stack Developer,54.0
8.39,Intermediate,56,79,56,64,18,27,85,50,Python Developer,54.38
7.19,Beginner,87,54,53,11,19,36,84,84,Mobile App Developer,53.5
7.89,Beginner,33,74,73,37,14,90,73,49,Cyber Security Engineer,55.38
8.03,Advanced,40,22,21,92,28,76,77,88,AI Engineer,55.5
5.7,Beginner,33,82,52,60,38,21,96,86,Python Developer,58.5
7.65,Beginner,76,82,82,25,36,31,61,69,Full Stack Developer,57.75
8.79,Beginner,21,58,27,92,93,50,80,82,Machine Learning Engineer,62.88
6.01,Beginner,25,83,51,26,48,39,93,66,Java Developer,53.88
9.53,Intermediate,60,28,41,21,47,20,98,56,Software Engineer,46.38
5.86,Beginner,72,59,57,12,33,26,93,50,Mobile App Developer,50.25
5.9,Intermediate,45,96,86,19,19,35,74,46,Backend Developer,52.5
7.43,Intermediate,27,42,38,41,29,92,76,72,Cloud Engineer,52.12
7.97,Beginner,21,52,61,66,83,43,48,40,Data Scientist,51.75
6.18,Beginner,24,75,62,40,29,64,94,70,Cyber Security Engineer,57.25
8.43,Beginner,30,37,47,98,95,27,84,52,Machine Learning Engineer,58.75
7.79,Intermediate,46,71,48,37,12,46,90,73,Java Developer,52.88
5.59,Beginner,20,88,41,64,42,26,94,57,Python Developer,54.0
6.77,Intermediate,52,89,40,47,39,46,76,65,Java Developer,56.75
6.28,Intermediate,37,37,92,50,79,42,53,70,Data Analyst,57.5
6.49,Beginner,94,78,80,39,30,37,64,57,Full Stack Developer,59.88
7.5,Beginner,95,74,83,37,19,39,62,80,Full Stack Developer,61.12
8.1,Beginner,50,44,35,96,84,43,87,86,Machine Learning Engineer,65.62
6.18,Beginner,40,66,72,30,17,88,84,62,Cyber Security Engineer,57.38
8.43,Advanced,48,32,23,78,18,56,81,89,AI Engineer,53.12
7.84,Intermediate,48,56,77,23,78,36,51,90,Data Analyst,57.38
6.49,Intermediate,33,62,69,44,39,64,72,50,Cyber Security Engineer,54.12
7.26,Beginner,72,60,41,25,50,42,73,86,Mobile App Developer,56.12
6.15,Intermediate,27,85,71,42,50,90,54,55,DevOps Engineer,59.25
8.21,Advanced,21,92,93,33,15,40,80,60,Backend Developer,54.25
9.52,Intermediate,31,54,51,94,80,23,78,85,Machine Learning Engineer,62.0
8.02,Intermediate,57,28,80,50,68,47,63,80,Data Analyst,59.12
6.8,Intermediate,49,32,47,78,29,54,87,86,AI Engineer,57.75
6.29,Intermediate,50,28,59,83,18,52,79,49,AI Engineer,52.25
8.29,Beginner,25,55,65,83,88,29,63,79,Data Scientist,60.88
6.31,Beginner,94,32,56,33,21,48,63,55,Frontend Developer,50.25
9.1,Advanced,31,56,35,12,30,50,81,88,Software Engineer,47.88
8.37,Intermediate,20,47,54,19,18,33,81,62,Software Engineer,41.75
8.24,Intermediate,20,62,28,51,49,45,99,90,Python Developer,55.5
7.1,Intermediate,20,29,78,20,86,23,40,83,Data Analyst,47.38
6.01,Intermediate,43,88,74,38,45,61,100,57,Cyber Security Engineer,63.25
5.73,Beginner,31,80,51,44,25,94,50,75,DevOps Engineer,56.25
6.27,Beginner,27,22,79,44,88,24,41,74,Data Analyst,49.88
7.48,Beginner,58,75,34,16,11,47,93,82,Java Developer,52.0
7.45,Advanced,58,95,86,38,15,35,79,53,Backend Developer,57.38
7.94,Intermediate,36,34,69,90,84,39,49,85,Data Scientist,60.75
7.71,Advanced,26,24,39,16,49,48,88,54,Software Engineer,43.0
7.55,Beginner,39,46,31,19,50,99,87,53,Cloud Engineer,53.0
8.4,Intermediate,41,90,50,75,23,42,96,85,Python Developer,62.75
8.22,Beginner,80,81,75,30,14,49,64,53,Full Stack Developer,55.75
8.27,Beginner,96,20,24,29,34,27,84,61,Frontend Developer,46.88
7.7,Intermediate,47,86,93,15,28,33,73,68,Backend Developer,55.38
5.68,Beginner,78,81,66,34,30,23,47,82,Full Stack Developer,55.12
8.37,Advanced,30,23,60,100,40,76,94,78,AI Engineer,62.62
7.63,Intermediate,42,27,24,98,12,53,70,89,AI Engineer,51.88
8.88,Advanced,50,34,52,48,45,21,93,48,Software Engineer,48.88
7.5,Beginner,49,34,46,45,40,99,82,67,Cloud Engineer,57.75
6.15,Beginner,46,49,63,83,87,21,42,82,Data Scientist,59.12
7.82,Beginner,77,32,59,19,44,48,86,58,Frontend Developer,52.88
6.2,Intermediate,76,20,40,47,41,20,91,65,Mobile App Developer,50.0
7.16,Beginner,42,22,57,26,50,95,80,58,Cloud Engineer,53.75
7.22,Beginner,91,89,78,14,48,43,60,85,Full Stack Developer,63.5
5.92,Intermediate,58,47,65,77,100,37,69,83,Data Scientist,67.0
7.7,Beginner,60,62,74,49,36,84,48,40,DevOps Engineer,56.62
7.28,Beginner,39,43,21,21,14,98,63,75,Cloud Engineer,46.75
8.84,Advanced,47,21,53,28,36,48,83,77,Software Engineer,49.12
8.43,Beginner,44,89,33,47,48,32,88,74,Java Developer,56.88
6.98,Beginner,47,82,58,10,44,90,50,89,DevOps Engineer,58.75
6.24,Intermediate,20,30,71,82,94,35,65,70,Data Scientist,58.38
8.27,Advanced,23,32,51,36,28,41,94,56,Software Engineer,45.12
8.48,Intermediate,85,45,43,45,27,24,79,75,Frontend Developer,52.88
8.19,Beginner,77,26,30,14,27,29,90,58,Mobile App Developer,43.88
8.15,Intermediate,23,94,95,30,24,32,73,62,Backend Developer,54.12
8.05,Beginner,50,59,78,77,85,30,55,90,Data Scientist,65.5
7.07,Beginner,52,37,23,32,21,99,86,74,Cloud Engineer,53.0
8.18,Intermediate,57,47,76,22,77,20,55,90,Data Analyst,55.5
5.97,Beginner,59,32,99,31,78,28,57,93,Data Analyst,59.62
5.7,Beginner,46,74,65,33,39,66,78,43,Cyber Security Engineer,55.5
8.44,Intermediate,50,78,44,52,12,36,88,53,Python Developer,51.62
6.18,Intermediate,25,82,32,38,27,41,93,62,Java Developer,50.0
8.77,Advanced,38,48,39,39,21,22,80,56,Software Engineer,42.88
7.33,Beginner,22,63,20,77,48,36,76,86,Python Developer,53.5
9.09,Advanced,49,52,58,45,22,33,100,42,Software Engineer,50.12
9.89,Beginner,55,50,22,93,92,27,83,71,Machine Learning Engineer,61.62
8.0,Beginner,46,65,64,13,43,94,68,40,DevOps Engineer,54.12
8.06,Beginner,84,37,31,30,28,38,77,59,Mobile App Developer,48.0
7.57,Intermediate,92,30,46,35,27,27,89,89,Frontend Developer,54.38
6.91,Beginner,73,72,76,16,47,40,45,46,Full Stack Developer,51.88
6.6,Beginner,34,86,30,61,50,21,87,87,Python Developer,57.0
7.83,Beginner,27,66,31,49,12,30,93,64,Java Developer,46.5
6.79,Beginner,36,45,89,90,83,38,42,60,Data Scientist,60.38
5.63,Intermediate,84,38,49,20,40,22,90,77,Mobile App Developer,52.5
5.84,Beginner,40,39,83,45,79,27,44,82,Data Analyst,54.88
6.35,Advanced,54,28,28,86,15,63,79,73,AI Engineer,53.25
8.39,Intermediate,40,73,53,31,48,41,85,68,Java Developer,54.88
7.99,Beginner,21,90,68,46,39,78,97,66,Cyber Security Engineer,63.12
7.13,Beginner,40,75,25,22,35,32,90,84,Java Developer,50.38
6.45,Beginner,39,29,69,67,94,40,50,61,Data Scientist,56.12
7.86,Beginner,28,50,76,71,96,44,54,72,Data Scientist,61.38
5.77,Beginner,56,70,66,31,50,99,42,58,DevOps Engineer,59.0
6.6,Beginner,52,82,73,11,48,87,43,44,DevOps Engineer,55.0
9.32,Beginner,56,21,26,86,79,28,88,76,Machine Learning Engineer,57.5
7.49,Intermediate,26,35,90,33,76,20,67,91,Data Analyst,54.75
7.07,Advanced,50,29,27,85,37,64,79,47,AI Engineer,52.25
8.21,Beginner,82,56,51,30,38,32,81,40,Mobile App Developer,51.25
9.26,Advanced,31,22,53,35,38,31,86,84,Software Engineer,47.5
6.13,Intermediate,90,76,62,17,33,28,49,48,Full Stack Developer,50.38
8.27,Beginner,47,26,41,36,25,92,61,42,Cloud Engineer,46.25
7.7,Intermediate,51,34,53,87,90,50,83,63,Machine Learning Engineer,63.88
7.48,Beginner,32,60,78,36,27,85,67,63,DevOps Engineer,56.0
7.57,Intermediate,43,60,33,92,86,23,88,52,Machine Learning Engineer,59.62
5.61,Intermediate,79,31,53,40,32,34,93,58,Mobile App Developer,52.5
7.89,Intermediate,45,26,84,84,86,27,50,63,Data Scientist,58.12
7.08,Beginner,26,90,22,15,40,32,88,50,Java Developer,45.38
5.96,Beginner,32,52,75,78,94,20,43,80,Data Scientist,59.25
7.62,Beginner,79,27,30,31,13,40,86,43,Frontend Developer,43.62
6.93,Beginner,41,78,75,49,23,80,56,74,DevOps Engineer,59.5
5.73,Intermediate,89,28,23,26,45,39,62,77,Frontend Developer,48.62
7.28,Beginner,84,34,57,10,27,33,88,68,Frontend Developer,50.12
6.6,Intermediate,39,71,46,44,47,35,90,42,Java Developer,51.75
7.58,Intermediate,33,67,59,29,48,28,84,47,Java Developer,49.38
7.61,Intermediate,37,78,34,49,19,20,80,46,Java Developer,45.38
6.6,Beginner,32,38,59,27,36,88,75,70,Cloud Engineer,53.12
8.16,Advanced,25,38,55,39,27,36,95,73,Software Engineer,48.5
6.79,Intermediate,31,32,37,10,41,86,64,43,Cloud Engineer,43.0
6.04,Intermediate,73,60,48,18,20,22,92,83,Mobile App Developer,52.0
7.95,Intermediate,80,34,60,35,47,20,87,86,Frontend Developer,56.12
8.5,Intermediate,48,32,52,45,35,23,81,61,Software Engineer,47.12
8.43,Beginner,45,72,26,48,17,35,96,66,Java Developer,50.62
7.72,Beginner,84,23,43,33,38,20,65,50,Frontend Developer,44.5
8.52,Advanced,42,30,20,17,40,41,90,57,Software Engineer,42.12
8.39,Intermediate,89,45,56,26,49,42,87,59,Frontend Developer,56.62
6.64,Intermediate,85,87,86,47,42,35,67,88,Full Stack Developer,67.12
6.95,Beginner,43,62,58,34,31,84,50,66,DevOps Engineer,53.5
7.09,Intermediate,90,81,60,45,41,34,57,44,Full Stack Developer,56.5
5.51,Beginner,42,72,67,40,34,86,61,73,DevOps Engineer,59.38
8.28,Intermediate,87,35,31,40,45,41,82,83,Frontend Developer,55.5
6.13,Beginner,72,33,31,47,49,20,89,41,Mobile App Developer,47.75
6.53,Beginner,94,72,83,39,45,39,43,40,Full Stack Developer,56.88
7.77,Beginner,56,70,25,60,46,41,87,87,Python Developer,59.0
8.37,Beginner,21,81,80,38,50,62,85,84,Cyber Security Engineer,62.62
6.28,Intermediate,49,85,71,10,16,78,95,52,Cyber Security Engineer,57.0
6.11,Intermediate,38,31,93,50,72,28,61,77,Data Analyst,56.25
5.62,Beginner,57,75,81,16,46,78,91,60,Cyber Security Engineer,63.0
6.04,Intermediate,57,82,35,43,43,48,87,44,Java Developer,54.88
8.12,Intermediate,29,59,56,10,25,96,60,70,Cloud Engineer,50.62
7.33,Advanced,57,48,21,81,38,60,73,74,AI Engineer,56.5
6.36,Beginner,47,71,53,36,29,50,99,69,Java Developer,56.75
5.61,Advanced,24,43,49,94,13,69,84,79,AI Engineer,56.88
7.48,Advanced,20,21,39,98,35,71,71,50,AI Engineer,50.62
6.44,Beginner,27,47,86,23,87,36,63,73,Data Analyst,55.25
6.59,Advanced,46,81,86,23,34,27,95,82,Backend Developer,59.25
6.31,Intermediate,48,65,59,30,48,83,64,72,DevOps Engineer,58.62
6.12,Beginner,45,89,31,37,42,22,98,82,Java Developer,55.75
6.17,Beginner,95,39,30,34,30,22,66,71,Frontend Developer,48.38
7.44,Intermediate,56,76,92,26,47,31,71,63,Backend Developer,57.75
7.81,Intermediate,50,29,22,89,79,49,81,65,Machine Learning Engineer,58.0
5.58,Beginner,53,76,89,10,23,88,84,79,Cyber Security Engineer,62.75
9.35,Advanced,33,55,52,49,34,27,83,64,Software Engineer,49.62
6.73,Beginner,71,23,34,26,28,31,84,88,Mobile App Developer,48.12
6.27,Intermediate,85,54,30,38,10,33,84,85,Mobile App Developer,52.38
8.13,Intermediate,55,41,36,16,44,95,63,40,Cloud Engineer,48.75
7.08,Beginner,51,70,61,31,19,90,50,86,DevOps Engineer,57.25
6.38,Intermediate,25,53,25,84,40,78,95,61,AI Engineer,57.62
6.42,Beginner,38,82,32,49,29,26,84,51,Java Developer,48.88
7.54,Beginner,24,68,32,18,14,41,79,55,Java Developer,41.38
7.25,Intermediate,43,82,57,57,21,30,78,84,Python Developer,56.5
8.28,Intermediate,45,23,33,92,87,34,75,48,Machine Learning Engineer,54.62
5.55,Intermediate,80,90,64,37,37,31,60,89,Full Stack Developer,61.0
6.19,Intermediate,50,28,89,10,73,47,59,95,Data Analyst,56.38
7.98,Beginner,88,84,75,46,44,42,46,73,Full Stack Developer,62.25
7.69,Intermediate,57,78,23,37,19,33,91,56,Java Developer,49.25
7.62,Intermediate,73,79,81,41,50,22,58,54,Full Stack Developer,57.25
7.13,Intermediate,51,25,87,71,83,26,42,40,Data Scientist,53.12
6.83,Intermediate,25,76,69,42,48,83,50,69,DevOps Engineer,57.75
5.61,Beginner,26,69,86,13,41,89,72,70,Cyber Security Engineer,58.25
6.08,Intermediate,72,71,77,19,27,20,45,83,Full Stack Developer,51.75
5.95,Beginner,22,35,53,20,46,99,70,73,Cloud Engineer,52.25
7.16,Intermediate,76,74,72,35,48,33,53,90,Full Stack Developer,60.12
6.84,Beginner,62,53,24,19,39,32,77,74,Mobile App Developer,47.5
6.06,Beginner,64,31,42,50,33,33,79,73,Mobile App Developer,50.62
8.06,Beginner,31,50,22,94,87,35,87,54,Machine Learning Engineer,57.5
6.8,Intermediate,20,100,74,18,19,36,88,80,Backend Developer,54.38
5.59,Intermediate,48,20,46,78,46,53,86,53,AI Engineer,53.75
8.09,Advanced,56,46,32,90,38,64,91,86,AI Engineer,62.88
6.03,Intermediate,54,67,53,64,22,40,92,81,Python Developer,59.12
6.53,Beginner,93,87,68,16,40,26,52,78,Full Stack Developer,57.5
6.1,Beginner,23,40,40,19,14,99,85,60,Cloud Engineer,47.5
8.3,Intermediate,70,35,40,12,33,31,74,86,Mobile App Developer,47.62
6.06,Intermediate,26,67,48,15,12,38,85,56,Java Developer,43.38
5.83,Beginner,51,38,84,73,97,35,54,49,Data Scientist,60.12
7.7,Beginner,89,28,30,24,36,22,77,42,Frontend Developer,43.5
8.15,Beginner,70,56,46,43,21,42,79,73,Mobile App Developer,53.75
6.8,Beginner,50,28,22,44,42,85,88,44,Cloud Engineer,50.38
8.01,Intermediate,78,37,30,45,31,45,79,82,Frontend Developer,53.38
6.35,Intermediate,39,60,55,30,27,92,70,64,Cloud Engineer,54.62
7.06,Intermediate,24,64,55,73,23,41,79,62,Python Developer,52.62
7.85,Beginner,38,32,97,50,75,22,65,83,Data Analyst,57.75
6.03,Intermediate,60,46,23,49,34,89,71,90,Cloud Engineer,57.75
6.76,Intermediate,85,74,81,17,25,43,62,66,Full Stack Developer,56.62
5.94,Intermediate,96,40,26,35,32,24,64,66,Frontend Developer,47.88
8.41,Advanced,31,88,95,36,42,33,72,62,Backend Developer,57.38
8.48,Advanced,25,76,95,46,28,46,78,84,Backend Developer,59.75
7.52,Beginner,90,41,35,43,36,31,60,68,Frontend Developer,50.5
7.47,Beginner,36,74,62,38,22,88,57,48,DevOps Engineer,53.12
8.49,Advanced,55,90,84,16,42,46,86,80,Backend Developer,62.38
6.82,Intermediate,82,35,30,47,37,30,89,84,Frontend Developer,54.25
9.59,Intermediate,43,30,23,99,83,33,87,55,Machine Learning Engineer,56.62
5.67,Beginner,41,65,46,13,46,31,93,83,Java Developer,52.25
5.79,Intermediate,87,76,63,27,17,33,49,85,Full Stack Developer,54.62
8.35,Intermediate,57,70,69,25,36,61,85,53,Cyber Security Engineer,57.0
8.35,Beginner,22,24,75,78,96,20,52,89,Data Scientist,57.0
7.81,Intermediate,84,43,37,30,15,30,93,66,Mobile App Developer,49.75
5.51,Beginner,83,77,62,39,40,25,50,87,Full Stack Developer,57.88
8.56,Intermediate,43,58,24,89,77,35,80,79,Machine Learning Engineer,60.62
6.09,Intermediate,85,44,24,35,38,33,79,56,Mobile App Developer,49.25
8.1,Beginner,30,61,53,68,27,46,82,51,Python Developer,52.25
8.34,Beginner,41,78,43,65,22,42,90,51,Python Developer,54.0
5.51,Intermediate,72,72,69,28,15,42,51,76,Full Stack Developer,53.12
8.2,Intermediate,91,20,43,41,44,36,74,52,Frontend Developer,50.12
8.31,Beginner,53,26,47,86,95,24,75,47,Machine Learning Engineer,56.62
9.74,Beginner,52,60,20,96,89,25,93,77,Machine Learning Engineer,64.0
7.35,Beginner,81,59,25,38,25,33,78,71,Frontend Developer,51.25
7.51,Beginner,36,60,50,65,29,25,81,40,Python Developer,48.25
6.27,Beginner,45,37,82,75,100,42,69,43,Data Scientist,61.62
6.44,Beginner,72,25,24,34,41,23,85,75,Mobile App Developer,47.38
5.61,Intermediate,51,49,91,27,86,47,64,95,Data Analyst,63.75
6.67,Intermediate,60,31,77,86,88,24,60,54,Data Scientist,60.0
8.16,Intermediate,71,58,44,24,38,34,89,58,Mobile App Developer,52.0
7.06,Intermediate,44,89,76,48,32,39,75,60,Backend Developer,57.88
6.54,Advanced,41,76,71,49,35,28,75,47,Backend Developer,52.75
5.81,Advanced,46,59,21,98,35,62,75,49,AI Engineer,55.62
6.34,Intermediate,99,54,55,25,12,36,78,49,Frontend Developer,51.0
7.84,Intermediate,67,55,56,11,16,24,79,83,Mobile App Developer,48.88
7.09,Beginner,49,22,35,31,30,99,69,85,Cloud Engineer,52.5
9.21,Intermediate,36,23,46,14,38,29,93,54,Software Engineer,41.62
7.5,Beginner,58,65,28,78,17,22,88,41,Python Developer,49.62
8.23,Intermediate,30,29,48,27,23,92,65,55,Cloud Engineer,46.12
7.27,Advanced,29,84,73,25,18,28,88,53,Backend Developer,49.75
6.19,Beginner,22,83,62,25,41,74,100,83,Cyber Security Engineer,61.25
6.4,Intermediate,97,36,56,47,16,50,86,79,Frontend Developer,58.38
6.66,Beginner,28,83,30,46,37,43,76,63,Java Developer,50.75
9.62,Beginner,49,26,49,88,89,22,90,48,Machine Learning Engineer,57.62
6.02,Beginner,46,71,80,11,49,99,53,67,DevOps Engineer,59.5
6.0,Intermediate,30,73,43,50,44,34,99,74,Python Developer,55.88
8.33,Intermediate,49,36,22,44,21,27,95,90,Software Engineer,48.0
6.29,Beginner,28,75,59,73,13,20,87,82,Python Developer,54.62
8.68,Intermediate,58,58,44,47,50,24,93,81,Software Engineer,56.88
6.42,Beginner,56,61,76,31,28,65,89,49,Cyber Security Engineer,56.88
7.51,Beginner,46,20,43,35,12,89,65,71,Cloud Engineer,47.62
8.18,Beginner,40,63,43,56,10,43,94,65,Python Developer,51.75
8.2,Beginner,36,45,99,14,87,42,43,71,Data Analyst,54.62
8.35,Intermediate,60,39,29,30,11,42,91,66,Software Engineer,46.0
6.54,Beginner,47,75,23,68,41,29,98,50,Python Developer,53.88
7.76,Intermediate,99,41,49,24,13,30,84,56,Frontend Developer,49.5
8.6,Advanced,46,49,31,18,42,32,82,63,Software Engineer,45.38
5.94,Intermediate,38,55,94,19,89,37,61,88,Data Analyst,60.12
7.68,Intermediate,29,82,71,43,28,41,70,89,Backend Developer,56.62
6.96,Beginner,28,31,69,87,94,49,51,72,Data Scientist,60.12
7.92,Intermediate,21,60,41,30,32,42,94,88,Software Engineer,51.0
8.48,Beginner,45,70,62,12,50,79,81,84,Cyber Security Engineer,60.38
8.36,Advanced,54,37,58,21,30,31,99,56,Software Engineer,48.25
7.58,Intermediate,81,83,90,39,15,47,40,47,Full Stack Developer,55.25
5.63,Intermediate,78,77,66,38,45,22,45,89,Full Stack Developer,57.5
7.11,Beginner,21,35,78,14,76,50,61,72,Data Analyst,50.88
7.32,Beginner,45,65,48,52,28,38,96,60,Python Developer,54.0
7.38,Beginner,83,59,58,50,28,44,91,51,Mobile App Developer,58.0
5.67,Beginner,55,33,53,38,48,87,62,58,Cloud Engineer,54.25
6.27,Beginner,56,70,78,24,13,85,94,68,Cyber Security Engineer,61.0
7.58,Beginner,26,59,22,90,92,45,82,82,Machine Learning Engineer,62.25
7.6,Advanced,53,42,38,26,26,21,80,86,Software Engineer,46.5
9.35,Intermediate,35,43,49,28,13,26,98,64,Software Engineer,44.5
6.24,Advanced,27,82,81,10,28,22,70,43,Backend Developer,45.38
7.77,Beginner,40,90,31,15,10,31,80,75,Java Developer,46.5
8.75,Intermediate,54,60,58,40,33,27,92,61,Software Engineer,53.12
8.27,Intermediate,46,75,56,62,10,34,94,40,Python Developer,52.12
6.61,Intermediate,57,78,92,32,31,30,95,43,Backend Developer,57.25
6.29,Beginner,96,46,45,27,48,25,67,79,Frontend Developer,54.12
7.35,Beginner,79,49,25,48,39,36,79,62,Mobile App Developer,52.12
9.57,Beginner,30,51,26,92,76,50,83,61,Machine Learning Engineer,58.62
8.13,Intermediate,27,21,61,79,94,41,53,77,Data Scientist,56.62
8.02,Beginner,59,50,84,76,97,27,58,81,Data Scientist,66.5
6.97,Intermediate,72,90,80,48,32,46,40,41,Full Stack Developer,56.12
6.34,Beginner,31,35,77,67,87,49,42,57,Data Scientist,55.62
5.98,Beginner,31,57,57,34,11,100,61,50,Cloud Engineer,50.12
7.54,Intermediate,56,34,32,35,30,41,94,89,Software Engineer,51.38
5.71,Intermediate,36,52,59,91,19,72,77,60,AI Engineer,58.25
7.55,Intermediate,31,44,28,91,91,47,75,84,Machine Learning Engineer,61.38
9.84,Beginner,55,33,48,88,93,50,87,87,Machine Learning Engineer,67.62
6.68,Intermediate,23,36,45,79,49,64,80,54,AI Engineer,53.75
7.57,Beginner,49,39,73,72,94,48,41,86,Data Scientist,62.75
5.77,Beginner,22,20,71,77,89,31,54,82,Data Scientist,55.75
6.09,Beginner,96,56,20,42,47,28,90,85,Frontend Developer,58.0
6.85,Intermediate,58,59,29,45,26,87,61,79,Cloud Engineer,55.5
7.83,Intermediate,59,58,20,99,85,36,75,55,Machine Learning Engineer,60.88
7.87,Beginner,56,28,77,82,98,48,50,55,Data Scientist,61.75
7.93,Intermediate,38,90,92,36,17,41,87,69,Backend Developer,58.75
6.69,Intermediate,30,84,57,21,32,22,90,64,Java Developer,50.0
6.25,Intermediate,27,80,63,24,37,87,40,51,DevOps Engineer,51.12
7.6,Beginner,53,33,84,68,98,43,62,79,Data Scientist,65.0
6.59,Beginner,50,65,35,33,19,46,86,71,Java Developer,50.62
6.81,Intermediate,36,80,50,32,31,24,75,45,Java Developer,46.62
7.77,Intermediate,20,78,32,24,40,32,87,65,Java Developer,47.25
7.31,Beginner,21,28,90,15,78,44,60,81,Data Analyst,52.12
7.74,Intermediate,55,85,42,72,17,50,78,46,Python Developer,55.62
5.98,Intermediate,32,80,69,22,41,97,66,51,DevOps Engineer,57.25
5.99,Intermediate,30,92,89,38,44,32,83,54,Backend Developer,57.75
7.41,Beginner,86,21,27,13,40,43,79,52,Mobile App Developer,45.12
8.41,Intermediate,27,22,30,96,23,54,76,65,AI Engineer,49.12
9.3,Advanced,53,20,38,46,30,32,99,41,Software Engineer,44.88
7.64,Intermediate,27,53,46,41,28,92,62,51,Cloud Engineer,50.0
8.07,Beginner,85,71,67,22,50,37,64,51,Full Stack Developer,55.88
7.89,Intermediate,53,52,48,19,47,34,94,74,Software Engineer,52.62
5.9,Intermediate,76,22,55,46,24,21,86,44,Frontend Developer,46.75
5.91,Beginner,85,53,40,29,44,23,71,53,Mobile App Developer,49.75
7.79,Beginner,80,87,82,18,35,32,61,53,Full Stack Developer,56.0
7.49,Intermediate,79,34,38,47,40,41,70,57,Frontend Developer,50.75
6.14,Intermediate,34,42,84,74,86,26,64,67,Data Scientist,59.62
6.43,Intermediate,58,78,36,44,35,21,96,82,Java Developer,56.25
8.07,Beginner,42,89,82,43,47,72,90,89,Cyber Security Engineer,69.25
6.29,Intermediate,39,29,79,72,84,32,61,40,Data Scientist,54.5
7.52,Intermediate,41,23,90,18,90,36,47,83,Data Analyst,53.5
6.99,Advanced,32,90,83,44,47,27,90,44,Backend Developer,57.12
5.53,Intermediate,36,67,23,34,20,25,83,63,Java Developer,43.88
6.31,Beginner,82,70,63,24,19,28,70,59,Full Stack Developer,51.88
8.35,Intermediate,42,43,58,87,87,28,75,62,Machine Learning Engineer,60.25
8.11,Beginner,21,72,21,14,40,31,98,59,Java Developer,44.5
6.26,Intermediate,51,45,100,39,84,40,57,94,Data Analyst,63.75
8.12,Intermediate,90,51,24,38,27,39,79,52,Mobile App Developer,50.0
6.03,Beginner,37,58,65,69,88,25,49,83,Data Scientist,59.25
9.5,Intermediate,27,32,21,23,31,28,99,55,Software Engineer,39.5
5.51,Intermediate,36,83,80,10,12,83,42,47,DevOps Engineer,49.12
8.13,Intermediate,33,81,51,50,13,26,96,56,Python Developer,50.75
8.45,Beginner,31,59,28,32,39,99,88,70,Cloud Engineer,55.75
8.31,Advanced,52,45,32,34,42,34,89,43,Software Engineer,46.38
7.69,Beginner,37,83,42,26,50,23,90,57,Java Developer,51.0
6.64,Intermediate,35,83,80,14,23,92,62,88,DevOps Engineer,59.62
6.54,Beginner,36,73,73,41,14,62,100,62,Cyber Security Engineer,57.62
8.71,Intermediate,33,38,30,90,77,36,89,81,Machine Learning Engineer,59.25
6.43,Intermediate,78,83,67,17,17,46,44,82,Full Stack Developer,54.25
7.81,Intermediate,60,56,25,86,50,74,93,69,AI Engineer,64.12
6.77,Intermediate,44,80,25,27,17,27,82,77,Java Developer,47.38
6.66,Beginner,86,90,85,38,41,39,41,59,Full Stack Developer,59.88
8.01,Intermediate,29,70,37,39,42,41,96,41,Java Developer,49.38
7.52,Intermediate,48,75,73,34,29,43,75,43,Backend Developer,52.5
6.26,Intermediate,20,38,89,90,86,42,53,87,Data Scientist,63.12
6.42,Intermediate,53,54,42,83,36,74,78,46,AI Engineer,58.25
6.43,Intermediate,38,85,87,50,32,79,79,85,Cyber Security Engineer,66.88
5.58,Beginner,52,34,98,14,73,26,56,78,Data Analyst,53.88
8.37,Beginner,93,51,21,10,27,35,68,59,Frontend Developer,45.5
6.72,Advanced,34,98,74,42,23,42,73,46,Backend Developer,54.0
5.94,Beginner,58,81,34,19,23,37,88,51,Java Developer,48.88
6.25,Beginner,39,88,75,25,21,77,89,51,Cyber Security Engineer,58.12
7.14,Beginner,60,71,31,57,37,34,75,69,Python Developer,54.25
8.09,Intermediate,66,59,41,22,37,44,76,82,Mobile App Developer,53.38
8.45,Intermediate,31,32,20,21,23,41,82,74,Software Engineer,40.5
6.28,Beginner,37,49,96,45,83,31,68,80,Data Analyst,61.12
6.53,Beginner,51,84,75,49,44,82,73,40,Cyber Security Engineer,62.25
7.68,Beginner,53,43,86,28,88,20,61,70,Data Analyst,56.12
6.02,Beginner,37,36,76,77,97,22,46,44,Data Scientist,54.38
5.66,Intermediate,95,93,86,40,44,23,67,44,Full Stack Developer,61.5
8.22,Intermediate,43,90,37,23,15,45,91,66,Java Developer,51.25
7.63,Intermediate,39,67,21,79,26,48,93,46,Python Developer,52.38
7.5,Intermediate,54,26,80,47,80,42,48,77,Data Analyst,56.75
7.81,Beginner,43,41,43,91,79,22,80,40,Machine Learning Engineer,54.88
5.91,Intermediate,36,92,76,45,34,22,73,69,Backend Developer,55.88
8.04,Beginner,27,39,45,92,92,32,79,43,Machine Learning Engineer,56.12
7.41,Advanced,49,85,82,50,13,36,74,47,Backend Developer,54.5
8.47,Beginner,37,74,76,41,35,98,65,87,DevOps Engineer,64.12
7.06,Beginner,41,44,48,12,49,86,60,45,Cloud Engineer,48.12
7.84,Intermediate,56,54,69,66,87,32,59,60,Data Scientist,60.38
7.32,Intermediate,89,20,57,18,47,20,71,41,Frontend Developer,45.38
8.19,Intermediate,60,40,46,26,13,45,86,48,Software Engineer,45.5
5.65,Beginner,61,36,28,42,48,25,91,40,Mobile App Developer,46.38
7.31,Intermediate,44,69,28,46,24,22,78,51,Java Developer,45.25
7.0,Beginner,20,65,58,75,12,33,84,51,Python Developer,49.75
7.7,Intermediate,22,83,87,19,16,25,91,54,Backend Developer,49.62
6.34,Beginner,29,36,86,78,84,25,60,51,Data Scientist,56.12
6.92,Beginner,69,40,57,50,43,31,93,45,Mobile App Developer,53.5
6.24,Intermediate,45,75,90,41,15,24,85,43,Backend Developer,52.25
7.15,Intermediate,25,63,47,74,41,32,93,76,Python Developer,56.38
8.27,Intermediate,67,54,36,38,30,32,87,80,Mobile App Developer,53.0
6.29,Intermediate,36,60,34,99,33,80,90,48,AI Engineer,60.0
6.14,Intermediate,32,94,84,28,21,39,89,76,Backend Developer,57.88
7.04,Advanced,57,92,78,44,44,36,87,49,Backend Developer,60.88
7.61,Intermediate,30,88,75,20,44,86,83,53,Cyber Security Engineer,59.88
8.21,Intermediate,39,84,78,49,41,24,77,65,Backend Developer,57.12
6.62,Beginner,35,77,38,20,40,34,83,44,Java Developer,46.38
7.52,Intermediate,32,87,33,31,34,26,83,46,Java Developer,46.5
6.84,Beginner,33,65,64,14,43,81,68,68,DevOps Engineer,54.5
8.82,Intermediate,60,39,22,86,83,49,91,75,Machine Learning Engineer,63.12
5.56,Intermediate,23,28,20,89,15,72,90,88,AI Engineer,53.12
8.19,Intermediate,25,66,79,49,45,67,72,80,Cyber Security Engineer,60.38
9.93,Beginner,20,29,43,99,78,46,75,58,Machine Learning Engineer,56.0
8.28,Intermediate,23,84,36,22,50,35,93,52,Java Developer,49.38
6.13,Intermediate,53,71,88,15,50,77,91,65,Cyber Security Engineer,63.75
5.73,Beginner,46,86,39,80,47,42,75,63,Python Developer,59.75
6.07,Beginner,53,71,30,29,47,47,79,55,Java Developer,51.38
9.31,Advanced,49,48,35,19,39,44,97,84,Software Engineer,51.88
6.31,Intermediate,60,85,79,19,18,90,40,60,DevOps Engineer,56.38
6.15,Intermediate,86,32,34,36,24,50,83,83,Mobile App Developer,53.5
9.64,Beginner,38,47,54,94,92,42,79,86,Machine Learning Engineer,66.5
7.39,Advanced,38,88,84,43,50,30,73,68,Backend Developer,59.25
6.22,Intermediate,41,21,54,26,29,98,87,84,Cloud Engineer,55.0
6.36,Intermediate,32,73,36,18,38,30,93,51,Java Developer,46.38
8.28,Beginner,62,33,20,43,19,36,77,76,Mobile App Developer,45.75
7.6,Intermediate,37,66,29,51,17,37,82,46,Python Developer,45.62
8.36,Intermediate,40,50,84,19,78,44,46,84,Data Analyst,55.62
8.23,Intermediate,58,59,28,37,29,39,83,90,Software Engineer,52.88
6.55,Intermediate,55,56,24,87,45,53,70,71,AI Engineer,57.62
8.29,Beginner,93,73,83,45,38,43,49,60,Full Stack Developer,60.5
8.31,Advanced,35,90,84,27,14,44,86,69,Backend Developer,56.12
6.92,Beginner,44,77,74,13,34,88,85,75,Cyber Security Engineer,61.25
6.78,Beginner,40,64,59,69,40,45,89,50,Python Developer,57.0
7.29,Beginner,74,54,24,43,35,44,77,42,Mobile App Developer,49.12
8.06,Advanced,34,56,53,45,36,34,88,74,Software Engineer,52.5
6.5,Beginner,87,40,48,23,30,27,72,59,Frontend Developer,48.25
5.65,Beginner,20,84,89,25,47,86,100,89,Cyber Security Engineer,67.5
8.73,Advanced,44,43,24,19,12,45,89,58,Software Engineer,41.75
7.69,Beginner,53,60,47,42,16,92,88,65,Cloud Engineer,57.88
6.39,Intermediate,89,82,80,41,24,42,54,44,Full Stack Developer,57.0
7.73,Intermediate,92,42,58,50,22,46,67,56,Frontend Developer,54.12
6.72,Intermediate,39,31,86,73,98,21,68,40,Data Scientist,57.0
7.44,Intermediate,44,62,77,43,28,80,41,73,DevOps Engineer,56.0
8.19,Beginner,48,72,43,10,10,36,91,52,Java Developer,45.25
7.83,Beginner,39,52,83,36,69,47,62,88,Data Analyst,59.5
7.23,Beginner,75,35,40,36,14,44,91,63,Mobile App Developer,49.75
6.95,Beginner,42,85,37,79,30,41,99,79,Python Developer,61.5
7.71,Intermediate,24,33,33,40,28,91,63,58,Cloud Engineer,46.25
8.11,Beginner,79,94,78,45,48,20,70,90,Full Stack Developer,65.5
7.84,Beginner,60,43,79,82,95,37,69,47,Data Scientist,64.0
7.76,Intermediate,51,28,98,22,71,25,54,90,Data Analyst,54.88
7.87,Beginner,21,80,38,19,22,26,80,83,Java Developer,46.12
8.78,Intermediate,36,45,45,92,89,41,93,79,Machine Learning Engineer,65.0
6.33,Beginner,58,73,80,14,34,82,97,42,Cyber Security Engineer,60.0
6.06,Beginner,48,70,71,23,12,79,94,83,Cyber Security Engineer,60.0
7.17,Intermediate,50,65,63,14,16,96,56,55,DevOps Engineer,51.88
6.03,Beginner,34,69,24,50,44,43,86,68,Java Developer,52.25
5.62,Beginner,77,95,79,27,20,31,42,78,Full Stack Developer,56.12
6.2,Beginner,91,80,88,35,47,50,50,43,Full Stack Developer,60.5
8.26,Advanced,24,58,60,98,25,57,79,65,AI Engineer,58.25
5.68,Advanced,60,40,48,83,19,55,92,50,AI Engineer,55.88
7.25,Beginner,81,30,36,18,18,26,84,58,Mobile App Developer,43.88
8.42,Beginner,90,22,40,24,10,50,65,86,Frontend Developer,48.38
7.54,Beginner,49,71,60,40,36,22,90,41,Java Developer,51.12
5.86,Beginner,80,76,87,32,24,23,49,85,Full Stack Developer,57.0
6.91,Beginner,73,22,60,41,43,42,84,44,Mobile App Developer,51.12
7.07,Advanced,57,89,92,36,48,24,86,67,Backend Developer,62.38
7.61,Beginner,56,60,26,80,43,36,90,50,Python Developer,55.12
8.1,Advanced,42,42,52,24,40,39,87,46,Software Engineer,46.5
7.0,Intermediate,58,94,82,40,27,49,74,81,Backend Developer,63.12
6.74,Advanced,46,46,58,81,23,54,71,74,AI Engineer,56.62
8.44,Intermediate,59,48,83,81,96,33,65,46,Data Scientist,63.88
5.67,Intermediate,45,46,72,74,80,43,46,47,Data Scientist,56.62
6.64,Intermediate,77,29,48,20,15,24,90,86,Mobile App Developer,48.62
8.04,Intermediate,35,80,86,35,26,66,75,89,Cyber Security Engineer,61.5
5.52,Advanced,33,80,87,44,23,43,84,64,Backend Developer,57.25
6.09,Intermediate,49,86,61,42,20,86,49,89,DevOps Engineer,60.25
5.95,Beginner,85,31,39,40,37,39,77,53,Frontend Developer,50.12
7.22,Beginner,91,23,40,20,41,45,82,58,Frontend Developer,50.0
8.05,Intermediate,28,95,81,20,31,20,77,85,Backend Developer,54.62
6.47,Intermediate,58,86,27,33,14,50,84,57,Java Developer,51.12
5.62,Intermediate,38,47,52,89,22,73,81,86,AI Engineer,61.0
6.23,Beginner,43,25,99,46,74,26,54,87,Data Analyst,56.75
5.87,Intermediate,51,21,36,40,36,92,89,44,Cloud Engineer,51.12
7.91,Beginner,23,40,63,84,98,35,53,61,Data Scientist,57.12
8.39,Beginner,61,49,22,25,17,24,93,71,Mobile App Developer,45.25
6.25,Beginner,35,90,89,20,33,78,75,52,Cyber Security Engineer,59.0
5.69,Intermediate,32,34,43,18,49,97,65,70,Cloud Engineer,51.0
6.85,Intermediate,33,49,76,65,99,33,68,73,Data Scientist,62.0
8.76,Intermediate,35,56,51,49,35,31,96,73,Software Engineer,53.25
9.62,Advanced,43,36,57,45,44,37,94,65,Software Engineer,52.62
6.0,Beginner,29,44,84,35,73,22,69,78,Data Analyst,54.25
6.09,Intermediate,48,53,95,17,68,41,52,82,Data Analyst,57.0
8.32,Beginner,36,35,25,28,23,88,72,89,Cloud Engineer,49.5
7.06,Intermediate,58,65,56,44,33,88,62,88,DevOps Engineer,61.75
7.44,Beginner,53,56,50,42,39,91,69,41,Cloud Engineer,55.12
5.52,Intermediate,48,20,38,83,38,50,70,81,AI Engineer,53.5
8.3,Intermediate,60,35,83,81,97,44,69,80,Data Scientist,68.62
7.81,Advanced,47,46,23,11,28,29,100,59,Software Engineer,42.88
7.15,Intermediate,77,90,74,25,18,20,69,47,Full Stack Developer,52.5
7.11,Intermediate,48,76,78,44,14,22,81,46,Backend Developer,51.12
7.95,Intermediate,42,94,71,41,41,38,81,69,Backend Developer,59.62
5.84,Intermediate,71,38,52,14,27,49,81,54,Mobile App Developer,48.25
6.9,Beginner,42,28,82,30,72,49,48,71,Data Analyst,52.75
7.77,Intermediate,84,33,21,38,35,30,64,50,Frontend Developer,44.38
8.67,Intermediate,41,48,48,18,44,21,80,82,Software Engineer,47.75
7.21,Beginner,20,26,94,24,88,24,60,95,Data Analyst,53.88
6.5,Intermediate,78,46,26,39,43,26,91,49,Mobile App Developer,49.75
6.0,Intermediate,71,73,89,29,34,49,68,71,Full Stack Developer,60.5
8.3,Intermediate,31,80,42,77,25,25,82,46,Python Developer,51.0
7.39,Beginner,97,52,59,49,30,44,74,66,Frontend Developer,58.88
7.85,Intermediate,68,53,21,34,13,21,94,79,Mobile App Developer,47.88
8.12,Intermediate,22,69,43,16,46,46,85,48,Java Developer,46.88
8.21,Intermediate,52,41,35,28,39,30,99,47,Software Engineer,46.38
8.3,Advanced,22,49,27,30,47,29,94,76,Software Engineer,46.75
6.82,Intermediate,52,79,57,19,24,93,51,52,DevOps Engineer,53.38
6.32,Intermediate,37,30,55,12,27,89,61,57,Cloud Engineer,46.0
8.91,Advanced,45,31,38,49,33,45,83,74,Software Engineer,49.75
8.08,Advanced,27,100,79,28,34,32,83,77,Backend Developer,57.5
5.59,Intermediate,36,58,74,81,87,28,53,41,Data Scientist,57.25
5.61,Beginner,28,43,82,67,88,38,53,67,Data Scientist,58.25
8.33,Advanced,46,42,37,33,37,50,89,75,Software Engineer,51.12
6.81,Intermediate,20,27,54,49,47,97,77,75,Cloud Engineer,55.75
7.09,Intermediate,48,73,44,62,48,25,87,60,Python Developer,55.88
8.19,Intermediate,76,34,21,19,25,45,78,50,Frontend Developer,43.5
8.43,Beginner,26,26,98,42,73,34,53,82,Data Analyst,54.25
6.93,Intermediate,46,86,70,23,21,98,62,67,DevOps Engineer,59.12
6.89,Beginner,51,75,66,18,47,60,70,83,Cyber Security Engineer,58.75
7.46,Intermediate,63,44,50,35,48,47,70,56,Mobile App Developer,51.62
6.23,Intermediate,20,79,53,51,36,47,90,51,Python Developer,53.38
5.75,Beginner,44,21,23,31,13,86,81,42,Cloud Engineer,42.62
5.89,Intermediate,77,58,39,10,41,34,85,65,Mobile App Developer,51.12
8.05,Beginner,49,43,92,22,76,31,61,80,Data Analyst,56.75
7.39,Intermediate,20,65,74,48,29,67,73,69,Cyber Security Engineer,55.62
7.28,Intermediate,83,57,32,27,16,50,72,41,Frontend Developer,47.25
6.32,Beginner,89,80,69,28,31,26,44,40,Full Stack Developer,50.88
5.79,Beginner,96,20,52,16,27,27,75,65,Frontend Developer,47.25
6.4,Advanced,53,100,77,42,41,26,89,74,Backend Developer,62.75
6.61,Intermediate,21,48,27,42,43,99,86,77,Cloud Engineer,55.38
6.78,Beginner,100,56,23,33,41,47,83,63,Frontend Developer,55.75
6.41,Beginner,27,35,73,82,98,26,49,73,Data Scientist,57.88
9.69,Intermediate,32,30,50,91,91,23,77,76,Machine Learning Engineer,58.75
7.63,Intermediate,38,86,88,16,20,74,91,46,Cyber Security Engineer,57.38
6.0,Intermediate,30,82,70,45,38,80,72,67,Cyber Security Engineer,60.5
7.44,Beginner,21,68,66,41,14,80,44,68,DevOps Engineer,50.25
7.12,Intermediate,53,55,57,10,36,98,87,57,Cloud Engineer,56.62
7.91,Beginner,87,42,53,34,18,28,71,41,Mobile App Developer,46.75
8.04,Intermediate,27,21,54,91,19,52,94,45,AI Engineer,50.38
7.55,Advanced,33,22,44,78,34,60,88,58,AI Engineer,52.12
6.84,Intermediate,73,20,49,11,28,30,72,67,Mobile App Developer,43.75
7.53,Intermediate,64,20,24,41,11,31,95,54,Mobile App Developer,42.5
8.21,Intermediate,53,57,81,37,80,49,69,70,Data Analyst,62.0
8.13,Beginner,44,70,54,55,22,34,95,63,Python Developer,54.62
7.0,Intermediate,47,73,41,16,17,32,84,80,Java Developer,48.75
7.22,Intermediate,82,36,43,45,22,39,85,79,Mobile App Developer,53.88
7.5,Advanced,41,100,95,47,11,41,81,86,Backend Developer,62.75
6.58,Beginner,41,36,65,66,96,35,42,62,Data Scientist,55.38
5.75,Beginner,97,31,57,31,24,36,82,82,Frontend Developer,55.0
7.24,Beginner,74,90,86,48,11,46,46,60,Full Stack Developer,57.62
7.95,Beginner,47,54,51,95,93,39,90,59,Machine Learning Engineer,66.0
5.9,Advanced,54,42,22,88,11,55,77,41,AI Engineer,48.75
9.38,Intermediate,30,29,48,26,45,35,94,60,Software Engineer,45.88
7.97,Advanced,60,60,60,28,33,30,99,86,Software Engineer,57.0
5.5,Intermediate,48,62,40,78,29,28,87,78,Python Developer,56.25
6.82,Advanced,36,75,71,29,10,48,86,47,Backend Developer,50.25
6.84,Beginner,41,67,58,19,36,41,78,64,Java Developer,50.5
8.07,Intermediate,93,88,68,33,35,50,59,57,Full Stack Developer,60.38
7.81,Beginner,21,36,52,29,32,100,78,45,Cloud Engineer,49.12
6.52,Intermediate,53,30,78,78,91,30,44,58,Data Scientist,57.75
8.32,Beginner,30,42,45,35,27,92,83,79,Cloud Engineer,54.12
5.62,Intermediate,24,90,47,22,38,49,77,40,Java Developer,48.38
8.35,Intermediate,92,86,62,37,27,23,41,80,Full Stack Developer,56.0
5.72,Intermediate,40,63,21,64,13,27,84,70,Python Developer,47.75
5.62,Advanced,34,95,73,21,49,25,94,86,Backend Developer,59.62
8.04,Beginner,82,35,49,23,35,23,78,51,Mobile App Developer,47.0
6.41,Intermediate,54,66,48,25,16,40,95,64,Java Developer,51.0
6.75,Advanced,39,78,88,23,11,21,81,60,Backend Developer,50.12
6.12,Intermediate,49,47,59,98,12,72,73,42,AI Engineer,56.5
7.34,Beginner,98,23,53,23,20,25,69,75,Frontend Developer,48.25
8.23,Intermediate,51,69,81,30,11,69,84,81,Cyber Security Engineer,59.5
8.16,Intermediate,59,84,59,17,20,94,63,65,DevOps Engineer,57.62
6.42,Intermediate,81,95,88,26,40,32,56,73,Full Stack Developer,61.38
9.08,Advanced,38,35,52,38,43,45,96,51,Software Engineer,49.75
8.4,Beginner,60,54,53,97,78,31,88,73,Machine Learning Engineer,66.75
6.02,Beginner,37,79,64,46,43,83,43,67,DevOps Engineer,57.75
6.43,Beginner,97,50,35,37,24,39,67,56,Frontend Developer,50.62
6.75,Beginner,34,89,26,31,40,36,75,59,Java Developer,48.75
6.12,Beginner,90,45,21,13,25,21,69,65,Frontend Developer,43.62
8.14,Intermediate,80,54,48,22,13,32,68,79,Frontend Developer,49.5
7.69,Intermediate,23,38,36,43,33,30,97,67,Software Engineer,45.88
7.36,Intermediate,87,70,89,37,38,36,45,87,Full Stack Developer,61.12
7.79,Beginner,56,31,38,95,89,44,82,51,Machine Learning Engineer,60.75
6.92,Intermediate,63,57,40,27,21,28,77,61,Mobile App Developer,46.75
7.94,Beginner,58,34,62,81,97,50,43,88,Data Scientist,64.12
5.78,Beginner,82,46,46,32,20,25,89,51,Mobile App Developer,48.88
7.59,Beginner,27,66,73,13,36,89,77,60,Cyber Security Engineer,55.12
6.59,Beginner,37,67,59,26,46,88,62,62,DevOps Engineer,55.88
6.11,Intermediate,29,60,74,73,83,45,57,71,Data Scientist,61.5
5.56,Intermediate,57,51,34,90,31,77,94,55,AI Engineer,61.12
6.09,Beginner,21,84,27,63,17,26,79,66,Python Developer,47.88
6.63,Intermediate,41,79,26,31,14,42,89,71,Java Developer,49.12
8.01,Intermediate,40,81,52,18,34,90,68,76,DevOps Engineer,57.38
7.71,Intermediate,41,69,25,35,27,23,93,68,Java Developer,47.62
7.07,Intermediate,82,25,34,16,33,47,60,62,Frontend Developer,44.88
7.91,Intermediate,25,43,83,83,83,30,64,41,Data Scientist,56.5
6.15,Beginner,99,35,42,19,44,46,62,56,Frontend Developer,50.38
5.84,Beginner,58,42,22,36,50,96,66,52,Cloud Engineer,52.75
9.69,Intermediate,23,22,34,97,91,49,85,81,Machine Learning Engineer,60.25
5.51,Beginner,50,41,48,26,14,94,77,51,Cloud Engineer,50.12
7.24,Beginner,31,62,46,77,32,47,92,69,Python Developer,57.0
7.5,Intermediate,87,45,42,16,46,20,66,62,Frontend Developer,48.0
6.79,Intermediate,59,78,37,52,22,25,89,84,Python Developer,55.75
7.43,Intermediate,21,90,26,26,24,21,83,44,Java Developer,41.88
8.21,Beginner,37,36,96,17,84,38,49,73,Data Analyst,53.75
9.31,Advanced,49,52,53,44,50,32,91,51,Software Engineer,52.75
6.0,Beginner,81,43,20,16,36,23,74,87,Frontend Developer,47.5
6.91,Intermediate,44,60,67,17,43,82,85,74,Cyber Security Engineer,59.0
9.24,Beginner,45,40,30,87,84,49,87,60,Machine Learning Engineer,60.25
8.09,Intermediate,49,39,23,86,48,50,94,82,AI Engineer,58.88
7.74,Intermediate,38,77,72,16,13,88,94,68,Cyber Security Engineer,58.25
8.34,Beginner,32,22,39,94,81,29,91,75,Machine Learning Engineer,57.88
6.93,Intermediate,58,24,76,28,79,28,58,73,Data Analyst,53.0
6.39,Intermediate,40,99,94,33,15,32,74,90,Backend Developer,59.62
8.0,Advanced,38,87,84,13,41,23,95,64,Backend Developer,55.62
5.52,Beginner,48,69,22,36,50,34,98,86,Java Developer,55.38
9.95,Beginner,43,23,29,85,81,22,94,41,Machine Learning Engineer,52.25
7.36,Intermediate,50,93,86,42,25,46,83,76,Backend Developer,62.62
8.28,Intermediate,34,30,25,41,15,39,83,62,Software Engineer,41.12
5.7,Intermediate,33,84,71,47,24,96,53,43,DevOps Engineer,56.38
8.36,Advanced,57,26,31,88,36,78,72,74,AI Engineer,57.75
5.77,Intermediate,77,28,45,21,33,42,77,67,Frontend Developer,48.75
6.62,Intermediate,58,51,58,92,36,61,76,80,AI Engineer,64.0
5.97,Intermediate,61,38,33,40,45,20,70,46,Mobile App Developer,44.12
6.79,Intermediate,26,83,73,34,32,44,75,54,Backend Developer,52.62
7.16,Advanced,48,48,28,98,20,54,85,78,AI Engineer,57.38
7.63,Intermediate,20,43,47,45,32,100,63,90,Cloud Engineer,55.0
6.09,Intermediate,49,27,100,30,81,28,67,74,Data Analyst,57.0
7.57,Intermediate,85,36,49,26,50,26,83,67,Mobile App Developer,52.75
7.17,Beginner,39,60,45,68,39,32,96,74,Python Developer,56.62
8.42,Beginner,54,24,55,90,88,37,90,49,Machine Learning Engineer,60.88
6.04,Advanced,28,75,84,10,12,35,92,83,Backend Developer,52.38
9.92,Beginner,22,47,52,92,83,23,87,61,Machine Learning Engineer,58.38
6.26,Intermediate,50,64,72,39,33,94,44,75,DevOps Engineer,58.88
5.52,Intermediate,89,46,35,17,24,26,69,43,Frontend Developer,43.62
9.97,Beginner,26,33,60,100,83,25,87,46,Machine Learning Engineer,57.5
8.69,Advanced,55,55,58,24,39,31,81,88,Software Engineer,53.88
8.37,Intermediate,71,78,68,13,21,25,47,55,Full Stack Developer,47.25
6.74,Intermediate,43,50,74,84,94,39,45,50,Data Scientist,59.88
7.52,Beginner,39,32,41,95,79,47,92,89,Machine Learning Engineer,64.25
8.09,Beginner,56,84,79,26,11,88,63,55,DevOps Engineer,57.75
9.7,Beginner,43,52,55,87,82,41,91,42,Machine Learning Engineer,61.62
7.01,Beginner,27,38,73,85,89,37,58,77,Data Scientist,60.5
6.88,Intermediate,48,50,68,84,91,32,61,50,Data Scientist,60.5
7.99,Advanced,32,37,57,39,28,20,100,48,Software Engineer,45.12
6.46,Intermediate,23,73,79,12,25,70,92,69,Cyber Security Engineer,55.38
7.89,Advanced,28,82,74,19,43,33,70,63,Backend Developer,51.5
8.51,Intermediate,25,53,52,93,83,35,92,59,Machine Learning Engineer,61.5
9.62,Beginner,51,31,52,98,91,35,86,71,Machine Learning Engineer,64.38
8.22,Beginner,58,22,54,44,14,99,79,71,Cloud Engineer,55.12
6.53,Intermediate,35,78,35,34,34,23,90,49,Java Developer,47.25
5.92,Intermediate,73,43,42,24,16,35,80,71,Mobile App Developer,48.0
8.37,Advanced,37,56,44,27,19,48,83,46,Software Engineer,45.0
9.32,Beginner,33,52,41,92,90,24,94,44,Machine Learning Engineer,58.75
7.71,Intermediate,71,78,87,50,50,31,50,81,Full Stack Developer,62.25
8.52,Advanced,29,27,27,29,10,34,84,72,Software Engineer,39.0
5.85,Beginner,57,89,41,56,36,37,77,41,Python Developer,54.25
9.79,Beginner,28,59,30,87,87,47,95,63,Machine Learning Engineer,62.0
6.64,Beginner,39,55,83,12,89,34,44,87,Data Analyst,55.38
5.51,Intermediate,32,23,75,87,94,38,58,47,Data Scientist,56.75
6.96,Beginner,28,80,89,14,30,77,94,60,Cyber Security Engineer,59.0
7.98,Beginner,88,70,86,33,40,50,59,64,Full Stack Developer,61.25
5.92,Beginner,46,67,24,56,36,31,80,54,Python Developer,49.25
9.74,Beginner,60,32,56,91,86,48,89,64,Machine Learning Engineer,65.75
7.92,Intermediate,39,46,39,95,28,68,71,75,AI Engineer,57.62
9.18,Beginner,53,36,40,86,81,27,88,55,Machine Learning Engineer,58.25
9.92,Beginner,41,35,56,99,94,43,77,82,Machine Learning Engineer,65.88
9.34,Intermediate,58,44,48,85,94,41,91,41,Machine Learning Engineer,62.75
5.69,Beginner,38,21,47,39,31,98,83,40,Cloud Engineer,49.62
6.7,Intermediate,41,66,54,41,26,38,95,81,Java Developer,55.25
6.92,Advanced,57,23,60,95,26,76,85,54,AI Engineer,59.5
7.15,Intermediate,46,65,89,19,13,80,93,62,Cyber Security Engineer,58.38
8.22,Beginner,97,32,34,49,23,43,90,82,Frontend Developer,56.25
8.44,Beginner,85,53,20,45,15,34,71,69,Mobile App Developer,49.0
6.73,Advanced,60,100,87,15,14,22,71,82,Backend Developer,56.38
9.62,Intermediate,36,60,25,96,90,41,79,66,Machine Learning Engineer,61.62
8.12,Intermediate,43,71,57,29,17,85,47,68,DevOps Engineer,52.12
7.15,Beginner,41,67,37,49,40,38,80,46,Java Developer,49.75
8.11,Intermediate,52,23,20,24,40,97,66,89,Cloud Engineer,51.38
7.84,Beginner,37,40,52,39,17,89,67,78,Cloud Engineer,52.38
7.57,Beginner,52,88,56,80,11,49,98,64,Python Developer,62.25
7.47,Beginner,86,21,36,41,12,32,82,79,Mobile App Developer,48.62
6.18,Beginner,56,27,51,28,37,95,64,43,Cloud Engineer,50.12
6.24,Intermediate,35,89,59,37,15,95,50,85,DevOps Engineer,58.12
5.69,Intermediate,41,41,82,11,65,35,64,90,Data Analyst,53.62
5.62,Beginner,20,24,84,14,81,27,51,91,Data Analyst,49.0
8.17,Beginner,45,69,60,33,22,98,60,84,DevOps Engineer,58.88
9.25,Intermediate,26,52,41,96,86,46,94,71,Machine Learning Engineer,64.0
5.72,Intermediate,83,44,22,36,29,41,75,63,Mobile App Developer,49.12
7.76,Beginner,91,70,62,16,35,47,57,45,Full Stack Developer,52.88
7.69,Beginner,96,28,40,29,23,43,62,50,Frontend Developer,46.38
7.53,Intermediate,85,44,51,21,27,37,88,62,Frontend Developer,51.88
5.6,Intermediate,26,73,62,22,50,77,77,47,Cyber Security Engineer,54.25
6.38,Advanced,53,54,32,82,49,64,83,74,AI Engineer,61.38
8.79,Intermediate,22,38,21,15,37,32,84,68,Software Engineer,39.62
8.4,Intermediate,55,56,51,86,75,46,92,65,Machine Learning Engineer,65.75
7.99,Intermediate,23,76,77,19,42,41,73,42,Backend Developer,49.12
7.07,Intermediate,36,57,23,24,41,95,86,67,Cloud Engineer,53.62
6.38,Intermediate,27,80,43,34,39,39,94,61,Java Developer,52.12
8.41,Beginner,26,41,62,88,87,41,45,75,Data Scientist,58.12
6.05,Intermediate,54,32,53,84,37,75,91,44,AI Engineer,58.75
9.52,Intermediate,59,57,53,16,31,21,92,50,Software Engineer,47.38
6.9,Intermediate,76,29,59,34,27,37,68,60,Frontend Developer,48.75
6.01,Intermediate,31,38,32,79,35,59,86,81,AI Engineer,55.12
7.55,Beginner,30,63,80,38,41,87,87,85,Cyber Security Engineer,63.88
7.64,Intermediate,58,88,31,62,42,34,79,62,Python Developer,57.0
6.91,Intermediate,83,60,41,48,44,31,79,49,Mobile App Developer,54.38
8.33,Beginner,22,40,81,50,68,34,61,76,Data Analyst,54.0
7.81,Advanced,53,99,93,48,38,34,81,52,Backend Developer,62.25
9.3,Beginner,31,25,37,85,90,32,87,83,Machine Learning Engineer,58.75
6.76,Intermediate,59,54,80,30,80,32,69,79,Data Analyst,60.38
5.73,Intermediate,24,67,66,42,46,86,89,45,Cyber Security Engineer,58.12
6.04,Beginner,88,79,81,13,21,30,60,74,Full Stack Developer,55.75
6.83,Beginner,20,70,54,71,38,46,98,90,Python Developer,60.88
6.12,Beginner,42,61,37,69,10,30,82,89,Python Developer,52.5
8.46,Intermediate,62,60,34,18,25,25,84,76,Mobile App Developer,48.0
6.02,Intermediate,41,61,65,26,31,71,70,88,Cyber Security Engineer,56.62
7.65,Intermediate,50,53,20,27,36,93,74,45,Cloud Engineer,49.75
9.27,Beginner,57,47,47,91,93,33,91,72,Machine Learning Engineer,66.38
7.28,Beginner,80,59,25,36,29,27,70,56,Frontend Developer,47.75
6.81,Intermediate,78,33,43,19,21,34,60,66,Frontend Developer,44.25
8.2,Beginner,32,35,75,12,85,50,47,91,Data Analyst,53.38
8.16,Advanced,36,32,51,26,45,32,90,55,Software Engineer,45.88
8.04,Beginner,43,38,100,30,72,48,58,84,Data Analyst,59.12
8.09,Intermediate,48,39,48,47,18,91,90,82,Cloud Engineer,57.88
9.84,Beginner,50,29,55,92,95,33,95,47,Machine Learning Engineer,62.0
9.68,Beginner,41,32,52,86,77,31,95,57,Machine Learning Engineer,58.88
6.33,Intermediate,29,81,79,41,12,72,79,85,Cyber Security Engineer,59.75
6.25,Beginner,24,64,77,18,28,99,60,89,DevOps Engineer,57.38
9.73,Advanced,27,54,51,29,36,33,86,69,Software Engineer,48.12
9.43,Beginner,47,32,53,95,80,50,81,84,Machine Learning Engineer,65.25
5.93,Intermediate,45,43,86,23,79,39,43,82,Data Analyst,55.0
5.54,Intermediate,30,97,78,19,13,20,80,74,Backend Developer,51.38
6.66,Advanced,51,37,25,81,21,50,76,89,AI Engineer,53.75
5.77,Beginner,29,76,55,25,40,100,48,85,DevOps Engineer,57.25
6.95,Intermediate,30,95,94,13,35,50,77,89,Backend Developer,60.38
5.96,Beginner,41,27,76,28,71,29,47,72,Data Analyst,48.88
7.75,Advanced,25,41,37,87,38,80,82,59,AI Engineer,56.12
5.9,Intermediate,26,79,78,18,22,78,94,56,Cyber Security Engineer,56.38
8.62,Advanced,31,43,55,36,47,29,98,85,Software Engineer,53.0
6.24,Intermediate,71,49,20,28,49,45,93,79,Mobile App Developer,54.25
7.84,Beginner,80,29,49,15,38,37,79,73,Frontend Developer,50.0
6.8,Beginner,77,26,36,34,48,47,81,46,Mobile App Developer,49.38
7.76,Intermediate,55,95,83,31,23,25,88,63,Backend Developer,57.88
9.27,Advanced,43,53,36,31,40,30,99,48,Software Engineer,47.5
8.39,Beginner,88,76,81,32,37,34,55,90,Full Stack Developer,61.62
7.56,Beginner,45,47,79,71,87,38,53,63,Data Scientist,60.38
5.79,Beginner,50,72,60,16,26,32,80,56,Java Developer,49.0
6.21,Intermediate,41,26,86,72,86,47,60,65,Data Scientist,60.38
7.53,Beginner,95,82,62,33,17,45,54,84,Full Stack Developer,59.0
7.9,Beginner,49,53,37,89,91,46,83,57,Machine Learning Engineer,63.12
7.16,Intermediate,54,57,89,69,100,29,56,42,Data Scientist,62.0
9.95,Beginner,34,23,31,85,93,42,79,85,Machine Learning Engineer,59.0
8.47,Intermediate,23,27,70,79,88,48,48,56,Data Scientist,54.88
5.75,Advanced,51,85,94,29,33,32,74,48,Backend Developer,55.75
8.0,Intermediate,30,33,52,97,75,24,94,85,Machine Learning Engineer,61.25
5.52,Intermediate,60,38,49,50,12,89,81,66,Cloud Engineer,55.62
7.61,Beginner,45,55,94,35,75,22,65,92,Data Analyst,60.38
8.41,Intermediate,45,72,78,38,45,67,74,78,Cyber Security Engineer,62.12
6.66,Intermediate,35,72,36,79,35,43,84,49,Python Developer,54.12
6.68,Intermediate,27,76,64,28,15,97,67,80,DevOps Engineer,56.75
8.72,Advanced,58,47,48,30,19,30,100,60,Software Engineer,49.0
7.7,Beginner,34,38,60,27,26,96,65,71,Cloud Engineer,52.12
7.63,Intermediate,52,53,58,91,94,45,87,67,Machine Learning Engineer,68.38
7.97,Beginner,53,63,88,19,44,77,80,65,Cyber Security Engineer,61.12
5.89,Beginner,32,90,36,65,25,42,86,54,Python Developer,53.75
7.17,Intermediate,27,66,37,75,14,33,83,58,Python Developer,49.12
7.99,Beginner,49,20,81,13,77,34,40,90,Data Analyst,50.5
7.56,Beginner,36,74,86,42,22,85,98,68,Cyber Security Engineer,63.88
9.38,Intermediate,32,59,30,38,17,20,98,67,Software Engineer,45.12
6.9,Beginner,57,25,72,68,99,27,70,67,Data Scientist,60.62
6.29,Intermediate,25,43,37,84,34,63,89,72,AI Engineer,55.88
6.15,Beginner,35,49,66,65,82,45,45,58,Data Scientist,55.62
8.2,Advanced,23,77,78,13,44,45,86,43,Backend Developer,51.12
7.95,Beginner,95,80,73,16,24,20,47,52,Full Stack Developer,50.88
6.15,Beginner,57,83,50,34,16,93,59,74,DevOps Engineer,58.25
6.78,Intermediate,95,33,51,30,21,40,81,51,Frontend Developer,50.25
5.98,Intermediate,25,36,60,84,94,50,43,78,Data Scientist,58.75
6.01,Intermediate,26,84,75,21,21,29,80,47,Backend Developer,47.88
5.7,Advanced,58,30,44,90,21,51,88,88,AI Engineer,58.75
9.19,Intermediate,39,41,59,92,93,33,87,52,Machine Learning Engineer,62.0
7.4,Intermediate,39,77,35,12,32,41,96,62,Java Developer,49.25
6.54,Beginner,56,80,55,51,29,36,94,64,Python Developer,58.12
7.83,Beginner,36,31,56,86,78,37,78,81,Machine Learning Engineer,60.38
6.76,Intermediate,58,88,65,35,35,93,66,55,DevOps Engineer,61.88
7.79,Beginner,33,56,38,33,14,100,62,72,Cloud Engineer,51.0
7.24,Advanced,32,78,91,14,47,27,88,47,Backend Developer,53.0
6.47,Intermediate,46,63,75,18,22,84,55,81,DevOps Engineer,55.5
7.35,Intermediate,39,86,36,29,50,35,82,64,Java Developer,52.62
6.93,Beginner,33,85,83,35,11,80,95,49,Cyber Security Engineer,58.88
5.87,Intermediate,31,64,28,73,48,34,78,75,Python Developer,53.88
7.52,Beginner,33,39,22,23,14,87,75,43,Cloud Engineer,42.0
5.79,Intermediate,57,54,38,78,43,68,84,53,AI Engineer,59.38
7.87,Intermediate,39,81,75,40,28,60,98,42,Cyber Security Engineer,57.88
9.62,Intermediate,46,47,29,40,48,35,84,54,Software Engineer,47.88
7.05,Beginner,84,79,68,34,14,29,64,50,Full Stack Developer,52.75
7.25,Intermediate,81,48,58,32,37,28,71,59,Mobile App Developer,51.75
8.36,Intermediate,42,28,51,85,92,40,75,80,Machine Learning Engineer,61.62
6.39,Intermediate,43,33,55,88,10,75,71,40,AI Engineer,51.88
7.97,Intermediate,93,73,70,23,21,25,59,47,Full Stack Developer,51.38
8.84,Intermediate,29,36,44,93,80,26,89,65,Machine Learning Engineer,57.75
8.48,Intermediate,45,52,58,45,50,97,63,48,Cloud Engineer,57.25
7.5,Intermediate,90,73,82,23,44,20,68,51,Full Stack Developer,56.38
7.06,Intermediate,46,50,56,75,21,75,77,86,AI Engineer,60.75
8.15,Beginner,42,90,70,25,45,85,73,59,Cyber Security Engineer,61.12
5.52,Beginner,24,71,26,57,10,25,78,56,Python Developer,43.38
7.62,Advanced,42,90,86,48,48,24,78,77,Backend Developer,61.62
6.74,Beginner,55,47,86,12,84,24,60,80,Data Analyst,56.0
7.41,Advanced,38,96,82,21,43,34,70,41,Backend Developer,53.12
6.84,Advanced,42,56,51,90,39,60,85,41,AI Engineer,58.0
6.52,Beginner,38,80,82,20,42,61,70,68,Cyber Security Engineer,57.62
8.66,Advanced,57,43,21,12,40,37,92,65,Software Engineer,45.88
7.59,Beginner,79,51,31,10,45,46,77,80,Frontend Developer,52.38
7.51,Intermediate,46,59,29,21,40,90,77,50,Cloud Engineer,51.5
7.22,Beginner,50,70,68,12,29,88,80,73,Cyber Security Engineer,58.75
6.03,Intermediate,60,33,32,97,29,50,89,47,AI Engineer,54.62
9.21,Intermediate,35,53,37,10,40,35,91,49,Software Engineer,43.75
6.5,Intermediate,88,27,22,46,30,45,74,72,Frontend Developer,50.5
7.29,Intermediate,82,71,61,15,13,43,70,64,Full Stack Developer,52.38
5.62,Beginner,88,87,89,38,39,21,57,69,Full Stack Developer,61.0
8.96,Intermediate,32,31,37,36,15,20,98,84,Software Engineer,44.12
6.34,Beginner,85,76,70,42,43,45,63,72,Full Stack Developer,62.0
7.81,Beginner,57,30,96,22,88,21,59,77,Data Analyst,56.25
6.87,Intermediate,70,30,46,43,29,35,82,45,Mobile App Developer,47.5
8.07,Beginner,78,46,33,13,13,43,62,76,Frontend Developer,45.5
6.16,Advanced,33,53,28,75,33,75,74,41,AI Engineer,51.5
6.12,Intermediate,48,76,92,31,30,41,95,54,Backend Developer,58.38
6.13,Beginner,98,22,56,27,29,21,66,72,Frontend Developer,48.88
6.11,Intermediate,32,77,49,55,17,28,91,52,Python Developer,50.12
8.02,Intermediate,46,45,38,91,20,54,92,56,AI Engineer,55.25
6.82,Beginner,69,25,55,36,16,42,75,61,Mobile App Developer,47.38
8.34,Intermediate,43,25,75,20,73,31,43,93,Data Analyst,50.38
7.84,Intermediate,50,60,79,29,39,90,49,68,DevOps Engineer,58.0
7.99,Intermediate,34,37,20,33,42,36,90,84,Software Engineer,47.0
6.28,Intermediate,45,35,89,24,87,34,47,72,Data Analyst,54.12
6.02,Beginner,50,84,53,12,39,98,46,62,DevOps Engineer,55.5
5.65,Beginner,54,31,71,74,96,46,50,57,Data Scientist,59.88
6.42,Advanced,43,95,70,28,30,38,90,89,Backend Developer,60.38
5.74,Intermediate,33,38,56,46,13,96,60,90,Cloud Engineer,54.0
7.95,Intermediate,26,22,52,86,90,41,80,82,Machine Learning Engineer,59.88
7.99,Advanced,56,56,26,89,35,76,89,81,AI Engineer,63.5
9.18,Advanced,59,25,32,25,26,28,80,46,Software Engineer,40.12
5.62,Intermediate,20,65,74,49,47,95,58,63,DevOps Engineer,58.88
6.83,Beginner,55,40,100,44,76,45,61,74,Data Analyst,61.88
7.42,Intermediate,57,36,64,82,85,22,64,67,Data Scientist,59.62
6.37,Beginner,27,66,26,23,41,30,97,82,Java Developer,49.0
7.92,Intermediate,21,86,67,30,45,97,40,48,DevOps Engineer,54.25
6.57,Intermediate,33,31,40,79,44,76,75,50,AI Engineer,53.5
7.79,Beginner,45,72,31,74,13,45,87,71,Python Developer,54.75
7.41,Intermediate,24,80,48,33,10,20,90,47,Java Developer,44.0
5.59,Beginner,84,38,29,27,46,36,86,86,Mobile App Developer,54.0
5.96,Intermediate,27,46,100,42,84,37,56,73,Data Analyst,58.12
6.97,Intermediate,75,50,44,41,35,46,64,50,Frontend Developer,50.62
8.12,Intermediate,31,20,20,83,15,72,94,89,AI Engineer,53.0
7.19,Beginner,38,44,88,48,70,31,61,95,Data Analyst,59.38
6.94,Intermediate,38,90,61,25,46,64,76,74,Cyber Security Engineer,59.25
8.38,Beginner,57,32,74,85,81,35,44,51,Data Scientist,57.38
7.66,Beginner,68,21,27,40,42,29,74,58,Mobile App Developer,44.88
7.88,Intermediate,48,87,51,23,23,45,93,50,Java Developer,52.5
7.97,Advanced,25,34,43,90,43,68,78,72,AI Engineer,56.62
9.26,Intermediate,37,34,37,33,32,22,95,66,Software Engineer,44.5
6.91,Intermediate,79,22,59,30,39,33,70,49,Mobile App Developer,47.62
7.37,Intermediate,29,35,38,90,41,64,70,82,AI Engineer,56.12
6.08,Beginner,100,53,21,48,44,26,87,82,Frontend Developer,57.62
7.81,Intermediate,49,84,34,75,40,39,99,47,Python Developer,58.38
8.1,Beginner,35,26,95,41,69,34,59,73,Data Analyst,54.0
5.68,Intermediate,43,73,52,61,31,23,79,46,Python Developer,51.0
7.22,Intermediate,30,78,79,11,36,97,54,80,DevOps Engineer,58.12
9.59,Intermediate,50,47,26,35,42,48,82,61,Software Engineer,48.88
7.47,Beginner,39,90,60,39,31,88,64,53,DevOps Engineer,58.0
5.88,Advanced,55,54,58,95,36,63,94,67,AI Engineer,65.25
7.59,Beginner,59,21,78,83,91,41,68,40,Data Scientist,60.12
7.93,Beginner,46,35,89,24,78,46,58,81,Data Analyst,57.12
8.86,Advanced,29,60,43,41,27,26,81,54,Software Engineer,45.12
7.15,Intermediate,93,34,59,35,11,31,72,58,Frontend Developer,49.12
7.35,Beginner,36,47,39,37,33,88,88,54,Cloud Engineer,52.75
5.53,Beginner,73,73,78,33,18,23,61,48,Full Stack Developer,50.88
6.17,Intermediate,43,29,40,98,17,71,86,60,AI Engineer,55.5
7.44,Intermediate,54,64,34,70,23,42,88,63,Python Developer,54.75
7.37,Intermediate,59,55,21,93,23,59,79,50,AI Engineer,54.88
6.54,Intermediate,95,51,21,24,15,27,89,40,Frontend Developer,45.25
7.83,Beginner,36,78,20,52,24,47,81,74,Python Developer,51.5
8.42,Advanced,39,93,86,41,38,21,72,55,Backend Developer,55.62
5.73,Intermediate,46,74,70,32,25,66,99,46,Cyber Security Engineer,57.25
5.57,Intermediate,27,76,63,25,24,90,46,86,DevOps Engineer,54.62
6.06,Intermediate,39,61,29,75,26,25,81,44,Python Developer,47.5
7.27,Intermediate,40,57,44,50,32,88,87,73,Cloud Engineer,58.88
5.9,Beginner,23,45,77,74,86,45,52,82,Data Scientist,60.5
6.38,Beginner,79,76,67,24,11,28,55,48,Full Stack Developer,48.5
8.23,Beginner,90,30,53,12,16,22,80,56,Frontend Developer,44.88
6.66,Beginner,59,71,53,19,12,26,82,66,Java Developer,48.5
8.49,Beginner,40,30,38,90,79,25,91,67,Machine Learning Engineer,57.5
6.97,Intermediate,90,94,61,26,43,25,44,52,Full Stack Developer,54.38
8.5,Beginner,47,39,84,79,92,45,58,73,Data Scientist,64.62
7.79,Intermediate,91,55,55,31,29,43,83,86,Frontend Developer,59.12
7.72,Intermediate,54,32,26,76,50,80,83,49,AI Engineer,56.25
7.13,Intermediate,29,38,22,100,17,56,89,66,AI Engineer,52.12
6.96,Intermediate,42,71,52,18,25,84,57,40,DevOps Engineer,48.62
6.29,Beginner,96,48,30,17,43,40,67,86,Frontend Developer,53.38
8.35,Advanced,48,83,92,26,40,21,70,67,Backend Developer,55.88
6.5,Advanced,28,29,56,98,16,59,89,80,AI Engineer,56.88
8.21,Intermediate,55,21,87,83,93,21,56,69,Data Scientist,60.62
7.48,Advanced,47,39,26,75,48,51,89,41,AI Engineer,52.0
6.57,Intermediate,24,70,74,30,46,80,97,89,Cyber Security Engineer,63.75
7.31,Intermediate,21,80,83,44,25,48,82,88,Backend Developer,58.88
8.14,Beginner,43,82,61,47,47,85,49,82,DevOps Engineer,62.0
7.55,Intermediate,56,24,33,24,31,89,67,54,Cloud Engineer,47.25
7.62,Beginner,32,84,53,50,45,48,87,40,Python Developer,54.88
7.34,Beginner,59,89,28,53,10,25,82,40,Python Developer,48.25
7.13,Beginner,32,80,77,38,30,61,100,52,Cyber Security Engineer,58.75
7.66,Intermediate,59,40,65,72,95,49,54,48,Data Scientist,60.25
7.97,Beginner,34,39,35,24,14,95,77,40,Cloud Engineer,44.75
7.62,Intermediate,44,83,69,11,48,91,56,50,DevOps Engineer,56.5
6.0,Beginner,27,29,73,82,85,43,63,83,Data Scientist,60.62
7.24,Beginner,58,76,70,43,27,92,46,69,DevOps Engineer,60.12
7.27,Intermediate,51,89,60,35,17,43,100,47,Java Developer,55.25
6.33,Beginner,60,57,37,26,35,47,73,45,Mobile App Developer,47.5
8.47,Advanced,43,53,58,45,39,50,97,53,Software Engineer,54.75
7.41,Advanced,36,39,51,96,39,55,82,87,AI Engineer,60.62
8.38,Intermediate,34,80,74,24,36,28,82,72,Backend Developer,53.75
6.7,Intermediate,25,33,50,98,20,52,93,81,AI Engineer,56.5
7.29,Intermediate,23,36,84,73,96,47,62,54,Data Scientist,59.38
5.77,Beginner,55,37,97,28,68,28,50,88,Data Analyst,56.38
8.27,Intermediate,35,24,23,87,33,53,94,73,AI Engineer,52.75
7.78,Intermediate,40,84,80,29,49,83,81,60,Cyber Security Engineer,63.25
6.16,Beginner,46,77,25,49,24,24,75,69,Java Developer,48.62
6.95,Beginner,36,84,57,28,19,94,51,83,DevOps Engineer,56.5
8.29,Beginner,76,77,64,44,28,35,53,67,Full Stack Developer,55.5
8.37,Beginner,36,69,38,19,22,20,83,67,Java Developer,44.25
6.0,Beginner,25,90,44,53,43,29,84,55,Python Developer,52.88
7.56,Intermediate,51,90,25,57,17,38,90,58,Python Developer,53.25
7.46,Beginner,67,33,37,41,14,48,94,50,Mobile App Developer,48.0
8.21,Intermediate,92,79,87,12,33,46,42,81,Full Stack Developer,59.0
7.05,Beginner,95,31,38,21,31,38,77,73,Frontend Developer,50.5
6.91,Beginner,39,32,74,84,87,35,47,88,Data Scientist,60.75
8.17,Intermediate,42,69,44,63,31,29,88,40,Python Developer,50.75
6.35,Beginner,43,78,22,57,19,36,85,59,Python Developer,49.88
7.77,Beginner,27,63,61,46,17,81,47,88,DevOps Engineer,53.75
7.23,Intermediate,60,77,71,37,22,27,91,78,Backend Developer,57.88
7.44,Beginner,24,67,49,45,24,50,90,57,Java Developer,50.75
8.46,Intermediate,45,82,44,13,36,33,81,47,Java Developer,47.62
7.82,Intermediate,75,33,60,48,39,40,89,50,Frontend Developer,54.25
6.99,Intermediate,81,74,75,50,24,35,64,63,Full Stack Developer,58.25
8.78,Advanced,33,30,22,47,22,29,88,85,Software Engineer,44.5
8.21,Beginner,29,35,43,19,50,93,86,46,Cloud Engineer,50.12
8.84,Intermediate,47,48,22,94,79,49,90,44,Machine Learning Engineer,59.12
8.62,Beginner,33,57,55,95,84,46,81,56,Machine Learning Engineer,63.38
6.56,Intermediate,38,35,40,20,17,87,81,81,Cloud Engineer,49.88
6.23,Intermediate,49,87,31,67,33,26,95,90,Python Developer,59.75
7.87,Beginner,43,45,83,88,98,50,66,46,Data Scientist,64.88
8.34,Intermediate,25,62,25,70,12,44,78,87,Python Developer,50.38
8.14,Beginner,70,76,71,34,29,26,48,68,Full Stack Developer,52.75
8.34,Intermediate,87,77,70,43,16,29,51,81,Full Stack Developer,56.75
7.25,Beginner,45,78,76,23,19,98,42,55,DevOps Engineer,54.5
6.51,Intermediate,92,93,81,47,27,49,57,49,Full Stack Developer,61.88
6.82,Beginner,50,82,55,47,32,21,80,49,Java Developer,52.0
7.71,Beginner,85,47,47,16,44,50,77,41,Frontend Developer,50.88
8.31,Beginner,56,45,55,43,36,98,71,50,Cloud Engineer,56.75
8.53,Beginner,41,42,30,91,77,39,86,63,Machine Learning Engineer,58.62
6.13,Beginner,33,33,85,27,72,47,45,72,Data Analyst,51.75
6.73,Beginner,45,50,81,76,83,33,51,48,Data Scientist,58.38
5.86,Beginner,94,33,21,13,26,31,79,51,Frontend Developer,43.5
8.43,Intermediate,58,49,35,82,32,58,77,75,AI Engineer,58.25
6.78,Beginner,56,61,51,45,12,88,47,86,DevOps Engineer,55.75
6.98,Beginner,98,21,20,38,29,32,77,73,Frontend Developer,48.5
6.7,Beginner,24,77,51,78,36,31,76,61,Python Developer,54.25
8.08,Advanced,30,50,25,45,34,30,86,64,Software Engineer,45.5
5.61,Beginner,57,76,58,59,49,40,82,82,Python Developer,62.88
7.78,Beginner,29,77,54,35,49,94,63,42,DevOps Engineer,55.38
6.92,Intermediate,53,100,79,35,19,31,70,63,Backend Developer,56.25
5.75,Intermediate,41,82,48,21,13,48,92,82,Java Developer,53.38
9.65,Advanced,56,55,24,43,12,21,89,79,Software Engineer,47.38
5.92,Advanced,54,23,45,100,32,75,74,74,AI Engineer,59.62
5.97,Intermediate,60,87,78,25,42,35,75,78,Backend Developer,60.0
6.21,Beginner,32,56,91,14,68,27,62,77,Data Analyst,53.38
8.1,Beginner,91,85,68,35,33,32,69,58,Full Stack Developer,58.88
6.83,Intermediate,35,44,69,76,96,46,53,64,Data Scientist,60.38
6.98,Advanced,48,32,53,100,47,52,78,78,AI Engineer,61.0
7.74,Intermediate,86,31,42,50,13,34,69,84,Frontend Developer,51.12
7.89,Intermediate,44,70,21,27,24,50,77,48,Java Developer,45.12
9.11,Intermediate,46,60,49,95,90,47,92,83,Machine Learning Engineer,70.25
6.25,Intermediate,51,81,85,34,11,41,87,87,Backend Developer,59.62
8.47,Intermediate,49,41,74,85,94,47,69,52,Data Scientist,63.88
7.16,Intermediate,37,97,73,27,15,43,85,64,Backend Developer,55.12
8.73,Intermediate,36,27,33,31,28,39,83,83,Software Engineer,45.0
6.2,Beginner,49,80,62,28,38,73,75,80,Cyber Security Engineer,60.62
8.03,Beginner,38,58,84,35,76,39,43,72,Data Analyst,55.62
7.74,Intermediate,79,44,33,18,19,38,86,88,Mobile App Developer,50.62
7.48,Intermediate,53,29,54,11,30,86,63,80,Cloud Engineer,50.75
7.93,Beginner,26,77,28,24,31,23,99,46,Java Developer,44.25
7.94,Advanced,39,50,42,95,24,50,81,40,AI Engineer,52.62
7.55,Advanced,52,88,76,19,44,42,70,76,Backend Developer,58.38
7.09,Beginner,57,61,21,57,29,43,86,72,Python Developer,53.25
8.55,Intermediate,30,33,55,88,77,34,88,83,Machine Learning Engineer,61.0
8.27,Beginner,50,39,71,67,88,25,64,40,Data Scientist,55.5
5.63,Intermediate,30,64,70,38,46,88,93,50,Cyber Security Engineer,59.88
8.23,Intermediate,94,73,70,12,49,30,69,47,Full Stack Developer,55.5
8.05,Advanced,53,95,83,42,13,41,92,61,Backend Developer,60.0
7.05,Beginner,40,72,68,11,20,89,44,43,DevOps Engineer,48.38
8.86,Intermediate,30,31,58,99,75,32,88,87,Machine Learning Engineer,62.5
8.13,Intermediate,41,46,84,11,78,46,65,72,Data Analyst,55.38
7.28,Intermediate,27,80,90,17,21,22,95,68,Backend Developer,52.5
7.82,Beginner,36,46,47,22,50,96,64,56,Cloud Engineer,52.12
9.23,Intermediate,54,25,59,92,94,33,75,48,Machine Learning Engineer,60.0
5.5,Intermediate,54,32,86,77,97,44,57,58,Data Scientist,63.12
6.89,Intermediate,51,82,28,75,44,36,76,78,Python Developer,58.75
7.84,Intermediate,82,36,54,20,38,40,94,45,Mobile App Developer,51.12
6.69,Beginner,72,45,40,40,20,28,82,74,Mobile App Developer,50.12
5.68,Intermediate,43,52,69,69,82,22,69,62,Data Scientist,58.5
5.85,Beginner,37,61,53,27,46,95,66,42,DevOps Engineer,53.38
7.12,Beginner,98,31,47,32,15,32,64,86,Frontend Developer,50.62
8.13,Beginner,33,38,94,18,80,27,61,88,Data Analyst,54.88
6.24,Beginner,42,84,30,58,27,27,96,72,Python Developer,54.5
7.88,Intermediate,43,21,27,19,44,35,100,47,Software Engineer,42.0
9.96,Beginner,23,21,28,98,91,28,85,80,Machine Learning Engineer,56.75
6.46,Intermediate,63,34,41,41,44,28,70,70,Mobile App Developer,48.88
6.3,Intermediate,70,70,75,10,12,45,40,87,Full Stack Developer,51.12
8.07,Beginner,23,70,88,49,44,72,70,41,Cyber Security Engineer,57.12
7.51,Beginner,40,29,40,49,16,91,79,81,Cloud Engineer,53.12
5.75,Beginner,76,51,47,30,10,45,64,77,Frontend Developer,50.0
6.58,Intermediate,48,30,22,84,15,64,76,58,AI Engineer,49.62
6.95,Intermediate,32,38,80,70,94,23,46,72,Data Scientist,56.88
8.11,Intermediate,29,45,76,27,69,27,44,72,Data Analyst,48.62
7.46,Beginner,33,66,58,45,11,100,55,69,DevOps Engineer,54.62
7.1,Beginner,94,25,24,34,44,48,67,75,Frontend Developer,51.38
6.6,Beginner,75,36,32,31,36,48,76,53,Mobile App Developer,48.38
5.65,Intermediate,47,51,75,75,100,36,56,79,Data Scientist,64.88
6.29,Beginner,50,67,44,58,37,35,90,57,Python Developer,54.75
5.61,Intermediate,41,28,33,87,33,50,74,46,AI Engineer,49.0
8.37,Beginner,24,58,85,12,84,32,42,92,Data Analyst,53.62
8.33,Intermediate,41,43,92,30,90,49,68,91,Data Analyst,63.0
6.49,Beginner,53,37,89,13,73,42,67,88,Data Analyst,57.75
7.41,Intermediate,30,80,71,22,20,61,93,55,Cyber Security Engineer,54.0
7.16,Beginner,54,58,99,14,68,38,47,78,Data Analyst,57.0
7.56,Advanced,58,60,39,24,37,40,89,41,Software Engineer,48.5
8.38,Beginner,79,73,78,44,14,21,62,52,Full Stack Developer,52.88
6.54,Intermediate,44,72,51,72,44,27,100,87,Python Developer,62.12
7.42,Intermediate,67,56,20,12,43,37,71,52,Mobile App Developer,44.75
6.31,Intermediate,29,31,41,15,26,87,69,55,Cloud Engineer,44.12
6.5,Intermediate,85,50,45,45,11,27,80,45,Frontend Developer,48.5
7.43,Beginner,36,24,87,87,99,41,66,80,Data Scientist,65.0
7.7,Intermediate,23,57,87,44,77,25,48,86,Data Analyst,55.88
6.77,Intermediate,37,80,34,62,15,38,96,87,Python Developer,56.12
8.25,Beginner,58,57,52,88,80,21,76,80,Machine Learning Engineer,64.0
6.28,Beginner,29,75,56,19,22,42,78,80,Java Developer,50.12
7.28,Intermediate,81,94,66,24,24,29,53,77,Full Stack Developer,56.0
6.69,Intermediate,90,47,57,15,41,22,65,70,Frontend Developer,50.88
7.82,Intermediate,54,43,39,47,37,34,86,59,Software Engineer,49.88
7.94,Advanced,31,37,51,47,28,34,95,82,Software Engineer,50.62
6.42,Intermediate,30,41,44,28,18,86,67,55,Cloud Engineer,46.12
6.69,Intermediate,31,32,29,20,31,96,67,52,Cloud Engineer,44.75
6.69,Beginner,29,70,51,30,26,44,86,68,Java Developer,50.5
6.17,Intermediate,39,47,53,28,48,87,74,80,Cloud Engineer,57.0
8.88,Intermediate,55,30,21,34,41,24,89,70,Software Engineer,45.5
7.78,Intermediate,32,83,39,50,18,42,90,76,Python Developer,53.75
5.8,Advanced,24,87,80,17,10,23,72,73,Backend Developer,48.25
6.09,Beginner,76,87,70,30,35,48,66,85,Full Stack Developer,62.12
5.53,Intermediate,59,32,49,45,49,90,61,81,Cloud Engineer,58.25
7.4,Beginner,32,66,25,17,21,26,79,55,Java Developer,40.12
5.92,Intermediate,39,50,66,81,88,49,51,67,Data Scientist,61.38
5.71,Intermediate,96,49,36,28,48,38,71,81,Frontend Developer,55.88
8.4,Beginner,78,37,41,16,33,50,73,63,Frontend Developer,48.88
7.59,Advanced,38,29,51,47,30,26,80,64,Software Engineer,45.62
7.46,Beginner,42,82,42,48,27,34,94,54,Java Developer,52.88
7.94,Intermediate,53,26,50,89,76,21,87,41,Machine Learning Engineer,55.38
5.78,Advanced,31,31,44,80,31,50,86,89,AI Engineer,55.25
5.75,Intermediate,28,53,33,90,24,52,87,47,AI Engineer,51.75
5.82,Beginner,62,22,59,38,38,33,77,89,Mobile App Developer,52.25
7.33,Intermediate,43,76,77,11,49,64,89,51,Cyber Security Engineer,57.5
7.43,Intermediate,30,70,50,65,10,46,97,60,Python Developer,53.5
7.37,Intermediate,28,37,48,83,49,52,78,64,AI Engineer,54.88
8.39,Beginner,34,62,73,26,18,70,100,71,Cyber Security Engineer,56.75
5.65,Intermediate,56,63,66,23,42,67,81,88,Cyber Security Engineer,60.75
8.13,Beginner,31,77,39,36,42,20,99,61,Java Developer,50.62
7.53,Beginner,30,71,89,34,29,84,73,51,Cyber Security Engineer,57.62
5.76,Intermediate,20,50,77,18,65,40,61,86,Data Analyst,52.12
7.49,Intermediate,44,81,22,61,17,34,100,42,Python Developer,50.12
6.77,Beginner,49,75,80,12,34,81,70,59,Cyber Security Engineer,57.5
8.59,Intermediate,44,26,29,15,37,21,84,61,Software Engineer,39.62
5.56,Beginner,82,26,34,25,23,31,91,88,Mobile App Developer,50.0
6.95,Intermediate,58,50,82,90,80,21,61,58,Data Scientist,62.5
9.51,Advanced,45,32,50,15,27,40,90,76,Software Engineer,46.88
6.3,Advanced,46,51,58,97,27,65,88,47,AI Engineer,59.88
7.24,Intermediate,39,95,82,44,37,28,77,49,Backend Developer,56.38
6.44,Beginner,24,89,64,14,49,87,58,73,DevOps Engineer,57.25
5.57,Intermediate,46,83,45,58,33,26,92,40,Python Developer,52.88
8.49,Advanced,52,58,54,19,10,46,92,53,Software Engineer,48.0
7.41,Intermediate,21,63,32,75,18,30,75,67,Python Developer,47.62
8.46,Beginner,29,68,52,24,39,83,51,78,DevOps Engineer,53.0
9.73,Advanced,50,21,56,41,39,29,90,41,Software Engineer,45.88
7.84,Intermediate,87,73,81,36,19,26,45,82,Full Stack Developer,56.12
6.3,Intermediate,77,46,39,44,10,40,62,67,Frontend Developer,48.12
6.3,Intermediate,60,37,87,42,72,46,53,93,Data Analyst,61.25
7.72,Beginner,57,84,45,12,13,41,78,80,Java Developer,51.25
7.19,Intermediate,22,56,71,83,88,25,63,45,Data Scientist,56.62
5.62,Beginner,34,52,85,72,97,23,59,65,Data Scientist,60.88
6.6,Intermediate,59,46,66,66,88,29,60,77,Data Scientist,61.38
7.59,Intermediate,44,20,80,10,73,42,42,93,Data Analyst,50.5
7.73,Advanced,38,100,83,28,10,38,94,66,Backend Developer,57.12
6.73,Beginner,25,44,71,85,93,46,68,48,Data Scientist,60.0
6.66,Advanced,37,59,43,78,17,63,76,76,AI Engineer,56.12
5.57,Beginner,50,81,73,15,24,100,53,65,DevOps Engineer,57.62
6.16,Intermediate,51,68,49,46,24,49,90,56,Java Developer,54.12
6.67,Intermediate,84,22,24,16,46,49,90,68,Frontend Developer,49.88
7.9,Beginner,66,44,20,32,39,40,72,52,Mobile App Developer,45.62
8.32,Beginner,57,39,81,71,95,36,50,53,Data Scientist,60.25
6.14,Intermediate,35,55,71,71,83,44,47,85,Data Scientist,61.38
6.83,Intermediate,34,24,92,49,90,48,69,82,Data Analyst,61.0
7.45,Intermediate,89,28,26,28,43,33,89,42,Mobile App Developer,47.25
7.32,Beginner,35,69,76,48,28,98,59,62,DevOps Engineer,59.38
7.36,Intermediate,49,32,57,82,18,65,74,67,AI Engineer,55.5
5.87,Advanced,59,38,48,94,26,69,76,43,AI Engineer,56.62
6.97,Intermediate,80,82,62,30,19,24,45,63,Full Stack Developer,50.62
6.74,Intermediate,28,49,79,44,87,47,53,93,Data Analyst,60.0
5.87,Intermediate,43,69,48,61,10,44,84,83,Python Developer,55.25
8.13,Intermediate,31,72,40,46,34,25,81,66,Java Developer,49.38
7.92,Intermediate,91,74,73,39,21,33,63,83,Full Stack Developer,59.62
8.1,Advanced,29,32,25,33,21,50,86,59,Software Engineer,41.88
5.95,Beginner,89,77,89,18,13,45,62,81,Full Stack Developer,59.25
5.74,Advanced,50,91,82,26,25,44,70,57,Backend Developer,55.62
6.92,Intermediate,34,26,59,97,28,58,93,87,AI Engineer,60.25
8.34,Intermediate,28,85,26,46,37,32,83,90,Java Developer,53.38
7.62,Advanced,34,100,72,44,22,50,86,43,Backend Developer,56.38
6.45,Advanced,39,78,79,21,48,34,75,55,Backend Developer,53.62
6.94,Intermediate,77,27,30,43,23,26,68,89,Frontend Developer,47.88
6.68,Beginner,59,38,25,41,42,94,68,47,Cloud Engineer,51.75
6.24,Intermediate,46,44,90,80,92,29,51,67,Data Scientist,62.38
6.25,Advanced,40,29,23,78,10,73,73,64,AI Engineer,48.75
7.07,Intermediate,71,53,39,19,22,22,95,68,Mobile App Developer,48.62
5.94,Intermediate,52,84,71,45,18,99,66,68,DevOps Engineer,62.88
8.45,Intermediate,50,25,56,28,19,89,65,49,Cloud Engineer,47.62
8.04,Beginner,51,82,54,32,19,100,50,90,DevOps Engineer,59.75
6.46,Beginner,22,48,38,41,28,99,84,59,Cloud Engineer,52.38
5.82,Beginner,22,22,77,11,75,33,54,86,Data Analyst,47.5
7.71,Beginner,35,60,96,40,78,26,49,75,Data Analyst,57.38
8.15,Beginner,37,53,94,14,78,22,51,94,Data Analyst,55.38
5.7,Beginner,79,76,82,15,33,38,51,77,Full Stack Developer,56.38
6.05,Beginner,33,84,54,32,34,98,51,79,DevOps Engineer,58.12
5.97,Intermediate,35,20,75,88,92,46,53,72,Data Scientist,60.12
7.6,Beginner,29,79,57,37,21,92,69,83,DevOps Engineer,58.38
7.39,Beginner,26,37,48,25,21,86,86,44,Cloud Engineer,46.62
7.35,Beginner,76,91,82,29,22,25,60,77,Full Stack Developer,57.75
8.46,Intermediate,84,48,30,50,43,29,73,62,Mobile App Developer,52.38
7.16,Intermediate,88,94,60,41,36,34,40,78,Full Stack Developer,58.88
5.97,Intermediate,31,46,38,84,37,67,76,62,AI Engineer,55.12
7.75,Advanced,43,89,78,41,21,40,87,71,Backend Developer,58.75
5.86,Intermediate,46,73,26,75,19,47,84,90,Python Developer,57.5
7.0,Intermediate,47,31,81,70,84,45,65,51,Data Scientist,59.25
6.92,Intermediate,81,23,56,18,18,49,90,66,Frontend Developer,50.12
8.33,Beginner,87,90,85,26,30,41,68,46,Full Stack Developer,59.12
7.61,Beginner,61,22,21,24,28,46,70,73,Mobile App Developer,43.12
9.33,Intermediate,39,28,41,43,23,47,95,83,Software Engineer,49.88
5.53,Beginner,80,37,52,20,47,47,79,60,Mobile App Developer,52.75
7.79,Intermediate,80,24,56,27,11,28,85,50,Mobile App Developer,45.12
5.59,Intermediate,72,33,58,48,29,29,70,48,Mobile App Developer,48.38
6.94,Intermediate,28,65,44,37,43,41,94,83,Java Developer,54.38
5.62,Intermediate,31,59,98,24,75,49,48,81,Data Analyst,58.12
6.57,Intermediate,40,45,96,29,83,38,64,86,Data Analyst,60.12
7.84,Intermediate,76,40,55,31,21,49,64,56,Frontend Developer,49.0
7.51,Beginner,36,52,22,40,25,88,89,40,Cloud Engineer,49.0
7.46,Intermediate,22,56,25,36,45,91,61,68,Cloud Engineer,50.5
6.76,Beginner,27,70,54,41,41,45,96,85,Java Developer,57.38
8.24,Intermediate,59,54,35,15,12,45,92,44,Software Engineer,44.5
7.5,Beginner,77,20,35,14,34,38,83,53,Frontend Developer,44.25
9.16,Intermediate,43,25,33,35,39,23,99,83,Software Engineer,47.5
8.37,Beginner,29,70,43,21,50,45,75,83,Java Developer,52.0
8.42,Intermediate,30,79,78,12,25,31,71,67,Backend Developer,49.12
7.73,Intermediate,37,80,50,10,10,80,61,53,DevOps Engineer,47.62
6.55,Intermediate,85,73,84,30,40,50,64,75,Full Stack Developer,62.62
7.14,Intermediate,20,60,65,22,21,67,86,61,Cyber Security Engineer,50.25
8.37,Intermediate,46,87,81,23,14,88,90,73,Cyber Security Engineer,62.75
7.28,Beginner,50,73,82,36,23,71,77,83,Cyber Security Engineer,61.88
7.85,Intermediate,86,51,54,34,33,48,91,56,Mobile App Developer,56.62
7.42,Beginner,35,48,89,79,95,38,54,75,Data Scientist,64.12
8.47,Beginner,78,92,77,12,38,50,48,73,Full Stack Developer,58.5
5.51,Intermediate,94,37,25,35,17,21,73,60,Frontend Developer,45.25
6.44,Beginner,24,81,70,18,16,86,68,52,DevOps Engineer,51.88
6.64,Advanced,27,99,76,18,31,24,83,57,Backend Developer,51.88
8.33,Intermediate,65,30,54,10,11,27,87,57,Mobile App Developer,42.62
6.01,Beginner,45,49,70,90,81,47,51,79,Data Scientist,64.0
9.6,Beginner,50,48,24,99,82,30,87,76,Machine Learning Engineer,62.0
7.76,Beginner,41,42,81,75,89,21,65,82,Data Scientist,62.0
6.25,Advanced,27,82,78,17,31,36,83,77,Backend Developer,53.88
7.37,Beginner,41,64,42,69,44,42,82,69,Python Developer,56.62
8.84,Intermediate,22,43,60,89,78,45,90,65,Machine Learning Engineer,61.5
5.89,Beginner,90,36,24,25,19,50,86,60,Mobile App Developer,48.75
8.01,Intermediate,43,20,85,27,77,37,40,82,Data Analyst,51.38
7.51,Intermediate,22,77,31,49,33,48,76,76,Java Developer,51.5
7.77,Beginner,45,52,27,16,19,95,75,54,Cloud Engineer,47.88
5.82,Beginner,64,52,31,41,44,28,79,85,Mobile App Developer,53.0
6.44,Beginner,73,48,51,16,14,48,70,69,Mobile App Developer,48.62
7.72,Intermediate,47,85,66,22,19,92,59,79,DevOps Engineer,58.62
8.07,Intermediate,92,43,49,36,30,32,87,78,Frontend Developer,55.88
7.7,Intermediate,32,22,98,25,84,36,48,88,Data Analyst,54.12
7.05,Intermediate,60,74,76,11,15,82,89,54,Cyber Security Engineer,57.62
7.74,Intermediate,21,94,85,34,18,20,81,49,Backend Developer,50.25
5.69,Beginner,38,57,22,47,46,91,62,81,Cloud Engineer,55.5
7.54,Intermediate,27,54,45,86,87,43,75,64,Machine Learning Engineer,60.12
7.19,Intermediate,34,58,43,96,18,72,94,66,AI Engineer,60.12
6.89,Beginner,36,65,79,45,15,71,77,82,Cyber Security Engineer,58.75
5.84,Beginner,45,79,61,35,47,95,50,81,DevOps Engineer,61.62
7.1,Intermediate,43,71,53,10,48,88,46,80,DevOps Engineer,54.88
6.49,Intermediate,25,73,52,21,42,37,94,82,Java Developer,53.25
8.28,Beginner,85,34,46,49,24,21,84,79,Frontend Developer,52.75
5.69,Intermediate,80,35,41,50,40,47,86,81,Mobile App Developer,57.5
8.31,Intermediate,25,89,89,45,10,65,97,61,Cyber Security Engineer,60.12
7.73,Intermediate,25,85,39,58,30,46,81,49,Python Developer,51.62
9.1,Intermediate,45,28,27,26,12,21,89,74,Software Engineer,40.25
7.71,Beginner,91,94,72,38,31,44,58,67,Full Stack Developer,61.88
5.78,Beginner,46,52,50,36,24,88,80,74,Cloud Engineer,56.25
5.99,Intermediate,47,23,51,88,30,58,78,46,AI Engineer,52.62
7.36,Intermediate,23,37,82,26,69,32,52,93,Data Analyst,51.75
7.78,Intermediate,33,67,78,33,30,61,77,76,Cyber Security Engineer,56.88
8.7,Beginner,21,48,59,87,89,31,78,77,Machine Learning Engineer,61.25
6.69,Beginner,49,26,98,24,87,21,67,95,Data Analyst,58.38
7.11,Intermediate,39,68,67,29,11,81,40,87,DevOps Engineer,52.75
5.67,Intermediate,25,85,81,13,18,32,95,53,Backend Developer,50.25
6.22,Intermediate,33,60,78,36,49,100,69,58,DevOps Engineer,60.38
6.5,Beginner,43,81,64,23,15,88,83,75,Cyber Security Engineer,59.0
6.26,Beginner,41,66,47,35,46,23,76,71,Java Developer,50.62
5.86,Intermediate,76,41,26,20,50,49,87,82,Frontend Developer,53.88
6.31,Beginner,63,51,48,22,27,34,85,63,Mobile App Developer,49.12
7.47,Intermediate,46,90,48,30,13,28,79,81,Java Developer,51.88
8.38,Intermediate,54,82,42,71,26,29,80,81,Python Developer,58.12
6.74,Beginner,85,57,50,50,16,49,66,51,Frontend Developer,53.0
5.93,Beginner,61,43,51,46,18,24,93,40,Mobile App Developer,47.0
9.19,Advanced,34,54,53,45,38,39,85,86,Software Engineer,54.25
8.68,Advanced,26,30,46,22,30,48,81,47,Software Engineer,41.25
8.89,Advanced,32,52,60,35,43,27,81,86,Software Engineer,52.0
7.18,Advanced,51,90,95,21,32,48,73,80,Backend Developer,61.25
5.94,Intermediate,90,21,38,15,21,29,64,80,Frontend Developer,44.75
8.0,Intermediate,85,89,82,20,50,50,69,71,Full Stack Developer,64.5
5.64,Beginner,33,23,81,81,90,45,58,83,Data Scientist,61.75
8.79,Intermediate,27,43,57,88,93,24,75,80,Machine Learning Engineer,60.88
6.47,Beginner,96,47,33,39,29,40,66,79,Frontend Developer,53.62
5.52,Intermediate,31,72,64,41,33,96,53,60,DevOps Engineer,56.25
7.93,Beginner,40,29,59,36,27,85,67,57,Cloud Engineer,50.0
8.13,Intermediate,53,38,37,34,44,85,79,75,Cloud Engineer,55.62
6.99,Beginner,91,39,55,20,18,30,77,56,Frontend Developer,48.25
8.32,Intermediate,69,55,23,46,32,28,83,51,Mobile App Developer,48.38
8.78,Advanced,55,28,48,41,28,21,91,80,Software Engineer,49.0
6.86,Beginner,28,90,86,10,11,64,94,66,Cyber Security Engineer,56.12
7.56,Advanced,56,77,77,15,49,43,90,83,Backend Developer,61.25
9.24,Intermediate,52,26,23,91,87,39,86,86,Machine Learning Engineer,61.25
6.13,Beginner,21,80,37,61,35,42,80,51,Python Developer,50.88
6.1,Beginner,45,86,42,51,35,30,91,52,Python Developer,54.0
7.22,Beginner,55,64,50,48,47,99,62,65,DevOps Engineer,61.25
8.11,Intermediate,24,52,56,89,78,46,77,68,Machine Learning Engineer,61.25
7.32,Advanced,59,33,54,78,30,80,83,57,AI Engineer,59.25
7.71,Intermediate,82,88,75,15,50,34,45,68,Full Stack Developer,57.12
6.36,Advanced,55,37,38,81,30,56,76,57,AI Engineer,53.75
8.11,Advanced,24,30,48,75,12,78,84,75,AI Engineer,53.25
6.29,Intermediate,82,49,27,24,18,22,91,47,Mobile App Developer,45.0
7.12,Beginner,57,58,82,19,73,22,66,89,Data Analyst,58.25
7.51,Advanced,55,39,45,13,25,42,92,40,Software Engineer,43.88
8.11,Advanced,24,47,50,38,17,30,80,80,Software Engineer,45.75
6.49,Beginner,23,79,71,15,29,88,59,63,DevOps Engineer,53.38
7.8,Beginner,41,76,43,50,19,20,92,58,Java Developer,49.88
6.86,Intermediate,93,47,29,23,50,47,62,67,Frontend Developer,52.25
8.65,Intermediate,32,32,30,86,88,34,79,70,Machine Learning Engineer,56.38
7.99,Beginner,37,67,20,13,14,39,92,87,Java Developer,46.12
5.66,Intermediate,79,34,20,13,11,25,78,64,Mobile App Developer,40.5
9.04,Beginner,55,36,47,97,90,44,90,59,Machine Learning Engineer,64.75
5.67,Intermediate,92,89,88,21,31,43,41,76,Full Stack Developer,60.12
7.3,Intermediate,25,84,89,33,10,79,93,78,Cyber Security Engineer,61.38
5.96,Beginner,37,41,89,65,86,43,61,88,Data Scientist,63.75
6.79,Beginner,51,49,63,80,100,36,67,45,Data Scientist,61.38
7.21,Beginner,51,69,52,46,32,32,100,76,Java Developer,57.25
7.34,Beginner,60,83,50,46,24,97,57,78,DevOps Engineer,61.88
7.53,Beginner,36,36,77,31,68,46,62,74,Data Analyst,53.75
8.24,Intermediate,72,46,42,40,10,42,93,55,Mobile App Developer,50.0
7.75,Beginner,43,69,54,12,43,99,64,87,DevOps Engineer,58.88
7.85,Beginner,51,54,60,77,83,49,64,89,Data Scientist,65.88
7.97,Beginner,27,35,65,70,88,32,55,74,Data Scientist,55.75
9.55,Intermediate,42,56,46,92,82,41,86,73,Machine Learning Engineer,64.75
7.97,Advanced,51,33,40,78,46,69,93,74,AI Engineer,60.5
5.94,Advanced,48,80,79,36,15,49,86,68,Backend Developer,57.62
6.37,Beginner,83,78,86,28,26,30,69,85,Full Stack Developer,60.62
6.76,Intermediate,49,89,50,42,48,35,78,86,Java Developer,59.62
7.85,Intermediate,22,85,56,15,26,86,43,61,DevOps Engineer,49.25
7.86,Intermediate,34,53,24,39,15,46,82,79,Software Engineer,46.5
7.75,Intermediate,31,88,57,51,33,35,98,81,Python Developer,59.25
7.98,Advanced,41,75,77,28,39,22,93,83,Backend Developer,57.25
7.98,Beginner,76,55,51,28,21,37,63,70,Frontend Developer,50.12
5.74,Beginner,29,48,23,16,35,95,67,72,Cloud Engineer,48.12
6.76,Beginner,60,70,34,45,23,50,95,47,Java Developer,53.0
8.33,Beginner,69,48,41,37,25,43,73,65,Mobile App Developer,50.12
8.49,Beginner,48,77,56,16,17,94,43,70,DevOps Engineer,52.62
8.19,Intermediate,95,30,55,37,35,46,70,82,Frontend Developer,56.25
6.16,Beginner,34,67,69,39,20,69,76,58,Cyber Security Engineer,54.0
5.55,Beginner,100,49,57,13,19,29,73,88,Frontend Developer,53.5
8.21,Intermediate,70,84,72,13,17,33,47,79,Full Stack Developer,51.88
8.29,Beginner,83,40,30,12,30,40,75,56,Frontend Developer,45.75
6.82,Beginner,49,73,44,79,24,32,95,63,Python Developer,57.38
7.55,Intermediate,44,42,39,99,44,76,77,66,AI Engineer,60.88
7.28,Intermediate,84,40,41,28,46,35,63,57,Frontend Developer,49.25
6.72,Intermediate,53,77,94,16,13,39,71,88,Backend Developer,56.38
5.57,Intermediate,82,32,32,24,43,26,76,55,Frontend Developer,46.25
7.72,Intermediate,39,67,60,16,30,80,61,82,DevOps Engineer,54.38
7.81,Intermediate,54,31,77,20,86,32,54,74,Data Analyst,53.5
9.17,Beginner,60,45,50,99,90,20,80,45,Machine Learning Engineer,61.12
6.16,Beginner,31,88,66,36,44,70,94,80,Cyber Security Engineer,63.62
5.71,Beginner,83,71,71,20,50,34,57,41,Full Stack Developer,53.38
8.44,Beginner,36,62,74,46,48,93,66,67,DevOps Engineer,61.5
9.26,Intermediate,32,40,57,92,89,37,81,87,Machine Learning Engineer,64.38
7.81,Intermediate,88,36,43,12,14,34,77,76,Mobile App Developer,47.5
7.59,Intermediate,24,95,75,50,35,27,85,54,Backend Developer,55.62
5.99,Beginner,49,71,49,57,42,50,85,70,Python Developer,59.12
6.06,Intermediate,24,69,52,12,34,95,47,48,DevOps Engineer,47.62
8.44,Intermediate,56,82,86,38,32,22,76,63,Backend Developer,56.88
7.1,Intermediate,23,97,94,10,26,50,71,41,Backend Developer,51.5
7.69,Intermediate,50,32,23,48,46,93,79,58,Cloud Engineer,53.62
5.83,Beginner,47,54,86,71,100,29,47,56,Data Scientist,61.25
6.11,Beginner,75,20,29,19,42,31,86,69,Frontend Developer,46.38
7.1,Intermediate,35,77,48,79,18,24,80,60,Python Developer,52.62
9.39,Intermediate,31,53,29,89,94,42,84,88,Machine Learning Engineer,63.75
8.01,Advanced,60,40,29,50,25,24,80,72,Software Engineer,47.5
7.86,Advanced,47,82,71,34,35,37,79,89,Backend Developer,59.25
6.61,Intermediate,32,72,72,28,17,90,65,41,DevOps Engineer,52.12
6.39,Beginner,82,31,46,34,37,46,68,66,Frontend Developer,51.25
7.85,Intermediate,34,35,32,99,49,59,72,67,AI Engineer,55.88
7.66,Intermediate,45,23,47,29,34,22,94,59,Software Engineer,44.12
9.51,Intermediate,57,53,41,88,91,44,79,65,Machine Learning Engineer,64.75
7.64,Intermediate,58,54,39,20,33,29,87,57,Software Engineer,47.12
7.16,Beginner,79,75,62,44,41,39,61,49,Full Stack Developer,56.25
8.41,Intermediate,23,24,34,38,34,20,81,62,Software Engineer,39.5
5.64,Intermediate,48,62,62,45,13,64,73,56,Cyber Security Engineer,52.88
7.81,Beginner,55,86,71,30,14,82,63,89,DevOps Engineer,61.25
7.19,Intermediate,20,86,72,31,38,88,41,69,DevOps Engineer,55.62
5.65,Intermediate,40,52,85,10,73,22,59,92,Data Analyst,54.12
7.43,Intermediate,47,89,55,48,24,50,86,76,Java Developer,59.38
5.95,Advanced,32,88,86,17,41,46,77,69,Backend Developer,57.0
7.52,Beginner,81,29,27,42,14,27,87,53,Frontend Developer,45.0
5.58,Intermediate,88,54,38,26,28,49,71,52,Frontend Developer,50.75
9.24,Advanced,27,21,37,34,20,36,98,69,Software Engineer,42.75
8.84,Advanced,25,48,26,11,33,41,86,56,Software Engineer,40.75
6.83,Intermediate,83,29,56,22,18,42,74,63,Frontend Developer,48.38
7.19,Intermediate,58,25,82,31,86,33,56,76,Data Analyst,55.88
7.27,Intermediate,49,75,76,47,12,47,70,75,Backend Developer,56.38
5.97,Beginner,40,88,90,48,20,67,81,45,Cyber Security Engineer,59.88
7.44,Intermediate,79,82,81,16,13,34,69,71,Full Stack Developer,55.62
6.62,Advanced,27,83,90,17,47,32,95,59,Backend Developer,56.25
8.43,Beginner,54,89,60,21,17,80,58,75,DevOps Engineer,56.75
5.69,Beginner,56,80,44,63,34,42,91,55,Python Developer,58.12
7.64,Intermediate,80,71,61,44,10,50,41,45,Full Stack Developer,50.25
7.14,Beginner,58,79,30,36,36,32,83,66,Java Developer,52.5
7.35,Intermediate,25,26,84,16,71,33,68,92,Data Analyst,51.88
6.08,Beginner,75,75,84,47,24,27,42,76,Full Stack Developer,56.25
8.36,Beginner,59,54,75,77,84,25,66,63,Data Scientist,62.88
7.94,Beginner,82,42,21,20,27,47,76,80,Frontend Developer,49.38
6.29,Intermediate,25,91,89,38,41,33,83,55,Backend Developer,56.88
8.02,Advanced,43,94,89,10,11,44,93,49,Backend Developer,54.12
6.82,Intermediate,31,32,84,72,82,46,67,44,Data Scientist,57.25
7.86,Intermediate,50,32,51,89,81,46,86,48,Machine Learning Engineer,60.38
5.91,Beginner,27,80,61,18,37,86,51,89,DevOps Engineer,56.12
7.56,Advanced,57,84,85,36,18,34,85,44,Backend Developer,55.38
8.27,Intermediate,75,94,71,49,20,49,69,57,Full Stack Developer,60.5
8.39,Intermediate,56,83,76,25,23,31,76,49,Backend Developer,52.38
7.47,Beginner,22,69,71,28,34,74,100,57,Cyber Security Engineer,56.88
5.58,Beginner,90,22,34,48,16,21,77,53,Mobile App Developer,45.12
7.22,Intermediate,53,81,83,12,12,87,91,69,Cyber Security Engineer,61.0
9.31,Intermediate,45,36,25,95,95,34,92,66,Machine Learning Engineer,61.0
6.6,Advanced,56,38,51,88,48,68,72,56,AI Engineer,59.62
8.31,Intermediate,37,46,34,10,45,98,63,83,Cloud Engineer,52.0
5.88,Intermediate,24,75,56,45,34,43,75,40,Java Developer,49.0
5.66,Advanced,33,86,76,37,14,32,84,61,Backend Developer,52.88
7.17,Intermediate,50,41,52,23,26,92,63,49,Cloud Engineer,49.5
7.76,Intermediate,50,74,28,63,40,26,82,55,Python Developer,52.25
6.01,Intermediate,39,67,45,18,48,26,94,67,Java Developer,50.5
6.74,Intermediate,36,87,38,71,11,47,81,75,Python Developer,55.75
6.62,Beginner,100,28,24,23,22,39,74,58,Frontend Developer,46.0
6.27,Intermediate,20,93,70,38,24,27,87,61,Backend Developer,52.5
5.77,Beginner,54,21,64,69,89,50,61,66,Data Scientist,59.25
8.1,Intermediate,31,36,45,46,27,36,81,74,Software Engineer,47.0
8.93,Intermediate,49,26,39,40,14,32,97,86,Software Engineer,47.88
7.34,Beginner,27,30,81,86,100,21,58,76,Data Scientist,59.88
7.96,Beginner,56,62,78,27,33,78,94,52,Cyber Security Engineer,60.0
7.98,Beginner,48,37,88,44,85,33,59,79,Data Analyst,59.12
7.5,Advanced,34,50,59,98,44,69,83,76,AI Engineer,64.12
8.24,Intermediate,32,53,67,72,95,45,61,42,Data Scientist,58.38
7.37,Advanced,57,77,86,27,31,22,93,69,Backend Developer,57.75
8.42,Beginner,22,46,59,15,12,93,66,58,Cloud Engineer,46.38
6.64,Beginner,43,83,34,69,32,33,92,43,Python Developer,53.62
7.26,Intermediate,74,91,61,13,21,45,44,56,Full Stack Developer,50.62
8.19,Intermediate,35,79,75,33,37,87,57,90,DevOps Engineer,61.62
7.27,Intermediate,39,59,59,10,27,93,67,53,Cloud Engineer,50.88
7.58,Intermediate,52,46,28,26,31,38,100,74,Software Engineer,49.38
8.35,Advanced,54,23,53,47,18,23,81,70,Software Engineer,46.12
7.47,Beginner,92,50,49,31,24,28,66,68,Frontend Developer,51.0
8.12,Intermediate,26,53,32,94,78,34,77,40,Machine Learning Engineer,54.25
5.84,Intermediate,26,66,47,10,14,26,97,45,Java Developer,41.38
8.23,Beginner,48,34,28,47,18,90,65,49,Cloud Engineer,47.38
5.74,Intermediate,81,38,25,38,40,24,83,54,Frontend Developer,47.88
6.85,Beginner,55,73,69,23,19,79,74,44,Cyber Security Engineer,54.5
7.87,Intermediate,55,86,88,19,44,23,81,61,Backend Developer,57.12
6.5,Intermediate,54,34,38,35,19,98,61,58,Cloud Engineer,49.62
7.79,Beginner,36,32,48,89,92,27,77,64,Machine Learning Engineer,58.12
7.66,Beginner,21,85,87,38,12,63,71,79,Cyber Security Engineer,57.0
7.49,Intermediate,23,47,47,43,36,95,88,85,Cloud Engineer,58.0
5.56,Intermediate,77,81,60,36,29,44,60,46,Full Stack Developer,54.12
7.91,Intermediate,57,80,65,31,33,79,81,60,Cyber Security Engineer,60.75
6.59,Intermediate,53,52,80,75,92,20,66,80,Data Scientist,64.75
8.44,Beginner,76,47,35,42,20,48,84,76,Frontend Developer,53.5
6.92,Intermediate,56,45,39,92,19,62,75,44,AI Engineer,54.0
7.16,Intermediate,57,100,94,34,49,33,70,82,Backend Developer,64.88
6.62,Intermediate,37,71,57,46,48,25,90,82,Java Developer,57.0
6.08,Beginner,65,42,31,21,18,34,76,40,Mobile App Developer,40.88
7.99,Beginner,28,52,70,77,93,41,42,43,Data Scientist,55.75
8.2,Beginner,69,57,59,50,31,32,81,65,Mobile App Developer,55.5
5.51,Beginner,79,39,27,49,27,34,60,77,Frontend Developer,49.0
7.0,Beginner,28,73,21,17,27,38,94,51,Java Developer,43.62
7.07,Intermediate,50,64,30,73,17,49,90,70,Python Developer,55.38
8.37,Intermediate,26,24,53,46,25,21,89,69,Software Engineer,44.12
7.77,Intermediate,75,30,24,34,31,34,92,76,Mobile App Developer,49.5
8.47,Beginner,57,39,31,31,34,85,85,77,Cloud Engineer,54.88
6.58,Beginner,29,64,69,34,20,87,73,61,Cyber Security Engineer,54.62
6.47,Advanced,25,43,38,85,22,69,82,83,AI Engineer,55.88
5.64,Intermediate,35,61,63,44,29,86,57,89,DevOps Engineer,58.0
6.76,Beginner,26,55,47,45,15,94,77,47,Cloud Engineer,50.75
8.22,Beginner,59,54,22,22,30,87,81,54,Cloud Engineer,51.12
5.53,Advanced,30,75,86,16,30,38,76,72,Backend Developer,52.88
7.57,Advanced,59,60,21,47,13,49,89,66,Software Engineer,50.5
7.86,Intermediate,83,39,52,14,38,22,80,63,Mobile App Developer,48.88
6.76,Intermediate,24,54,49,87,48,76,84,64,AI Engineer,60.75
8.38,Intermediate,47,47,60,26,16,97,64,80,Cloud Engineer,54.62
6.35,Intermediate,48,22,43,21,26,99,87,88,Cloud Engineer,54.25
8.32,Beginner,100,41,51,39,37,46,83,40,Frontend Developer,54.62
6.37,Beginner,77,26,47,19,16,43,80,70,Mobile App Developer,47.25
6.57,Intermediate,20,84,57,31,48,42,84,82,Java Developer,56.0
9.57,Advanced,29,60,47,17,20,29,89,45,Software Engineer,42.0
5.82,Beginner,57,50,56,44,38,96,62,51,Cloud Engineer,56.75
6.61,Intermediate,34,71,63,26,39,82,74,81,Cyber Security Engineer,58.75
7.47,Intermediate,34,78,58,25,41,80,70,47,DevOps Engineer,54.12
7.34,Intermediate,94,95,90,30,39,38,66,87,Full Stack Developer,67.38
6.05,Intermediate,52,67,89,38,12,64,87,56,Cyber Security Engineer,58.12
7.55,Beginner,48,74,74,35,32,76,74,72,Cyber Security Engineer,60.62
8.27,Intermediate,32,88,35,71,49,42,82,65,Python Developer,58.0
8.33,Intermediate,31,82,38,53,46,36,86,79,Python Developer,56.38
5.54,Beginner,53,23,83,85,80,37,56,60,Data Scientist,59.62
8.96,Intermediate,21,54,36,46,29,32,96,64,Software Engineer,47.25
6.15,Intermediate,55,58,48,49,28,92,79,87,Cloud Engineer,62.0
7.21,Intermediate,100,42,53,47,49,44,73,86,Frontend Developer,61.75
8.06,Intermediate,80,89,62,46,47,48,70,50,Full Stack Developer,61.5
7.15,Intermediate,98,22,58,19,20,41,66,80,Frontend Developer,50.5
5.78,Beginner,37,59,24,27,12,99,81,67,Cloud Engineer,50.75
8.32,Intermediate,26,85,42,71,48,23,95,77,Python Developer,58.38
8.09,Advanced,24,85,73,28,33,47,73,60,Backend Developer,52.88
7.44,Beginner,91,86,73,20,32,46,69,55,Full Stack Developer,59.0
9.96,Intermediate,51,59,23,91,89,44,75,72,Machine Learning Engineer,63.0
7.4,Intermediate,23,28,52,23,41,98,76,43,Cloud Engineer,48.0
6.89,Intermediate,36,74,47,29,45,29,89,77,Java Developer,53.25
7.59,Beginner,45,46,38,32,10,93,62,47,Cloud Engineer,46.62
6.36,Intermediate,33,33,51,29,34,91,81,82,Cloud Engineer,54.25
6.66,Advanced,57,58,59,96,17,64,86,43,AI Engineer,60.0
7.61,Beginner,53,27,89,44,66,36,55,81,Data Analyst,56.38
7.75,Beginner,89,82,80,32,30,48,53,78,Full Stack Developer,61.5
5.61,Beginner,41,58,100,32,72,35,48,92,Data Analyst,59.75
9.83,Intermediate,38,55,46,86,77,46,89,88,Machine Learning Engineer,65.62
6.56,Intermediate,84,33,43,43,28,35,66,74,Frontend Developer,50.75
6.17,Intermediate,21,71,52,39,45,47,96,54,Java Developer,53.12
8.34,Beginner,70,70,87,23,26,32,59,90,Full Stack Developer,57.12
7.64,Intermediate,38,26,84,19,72,35,56,94,Data Analyst,53.0
8.82,Beginner,49,40,26,88,88,32,91,78,Machine Learning Engineer,61.5
9.37,Beginner,29,38,55,91,85,30,93,71,Machine Learning Engineer,61.5
7.8,Beginner,44,45,80,18,86,36,55,74,Data Analyst,54.75
6.7,Intermediate,59,86,43,28,32,31,95,46,Java Developer,52.5
6.25,Intermediate,32,28,31,29,18,91,73,41,Cloud Engineer,42.88
8.33,Beginner,81,79,61,47,24,21,42,59,Full Stack Developer,51.75
7.2,Beginner,71,21,43,14,15,48,82,44,Mobile App Developer,42.25
9.67,Beginner,21,32,52,92,82,48,78,45,Machine Learning Engineer,56.25
7.52,Intermediate,25,41,83,13,80,43,68,83,Data Analyst,54.5
8.03,Intermediate,25,28,86,68,98,44,54,79,Data Scientist,60.25
6.82,Intermediate,59,78,89,49,19,33,95,42,Backend Developer,58.0
5.95,Beginner,57,55,30,35,16,94,62,64,Cloud Engineer,51.62
7.8,Beginner,31,55,99,39,90,46,42,87,Data Analyst,61.12
9.79,Beginner,33,28,41,85,88,37,77,86,Machine Learning Engineer,59.38
7.57,Advanced,21,35,22,44,26,48,97,48,Software Engineer,42.62
8.14,Beginner,35,71,68,32,20,91,40,56,DevOps Engineer,51.62
7.72,Intermediate,33,69,27,25,39,38,79,56,Java Developer,45.75
6.89,Beginner,54,31,66,89,87,30,70,60,Data Scientist,60.88
7.68,Advanced,58,22,49,40,43,21,85,62,Software Engineer,47.5
8.08,Beginner,31,63,78,25,26,90,67,63,DevOps Engineer,55.38
7.5,Beginner,46,89,20,72,46,42,90,47,Python Developer,56.5
7.58,Intermediate,21,72,22,74,26,29,100,78,Python Developer,52.75
8.14,Intermediate,30,89,26,76,42,37,79,42,Python Developer,52.62
7.65,Beginner,58,31,77,65,86,46,61,86,Data Scientist,63.75
9.96,Beginner,30,56,24,89,78,27,79,61,Machine Learning Engineer,55.5
8.13,Intermediate,32,74,22,20,22,47,87,73,Java Developer,47.12
8.25,Advanced,60,47,59,37,31,26,93,78,Software Engineer,53.88
6.21,Beginner,56,26,81,66,93,44,53,75,Data Scientist,61.75
5.89,Beginner,76,38,48,43,47,21,89,51,Mobile App Developer,51.62
7.85,Intermediate,99,37,29,15,27,48,67,49,Frontend Developer,46.38
7.54,Intermediate,49,34,60,42,14,96,69,78,Cloud Engineer,55.25
5.74,Intermediate,59,69,83,30,47,87,98,70,Cyber Security Engineer,67.88
7.18,Beginner,36,68,50,31,26,86,67,74,DevOps Engineer,54.75
8.38,Beginner,23,84,79,37,20,88,63,59,DevOps Engineer,56.62
